Workbook

Sheet はじめに
B1: 広島市 区役所窓口 来庁者データ見える化ブック
B2: はじめての方でも、クリックだけで「いつ・どの区が・どれくらい混むか」が分かります。
B4: 使い方は3ステップ
C5: ① 黄色いセルを探す | D5: 各シートの上のほうにある黄色いセルが「選ぶところ」です。▼ボタンから選ぶだけ。
C6: ② 選ぶ | D6: 区・月・開庁時間などを選ぶと、数字もグラフも一瞬で切り替わります。
C7: ③ グラフを見る | D7: ダッシュボードの上の「💡」の一文が、選んだ内容を日本語で説明してくれます。
B9: シート案内（クリックで移動）
C10: ダッシュボード | D10: 全体像。区・月・開庁時間を選ぶと、KPI・グラフが切り替わる中心シート。
C11: ヒートマップ | D11: 曜日×時間、月×時間、区ごとの1日の流れを色で見る。
C12: カレンダー | D12: 1日ごとの来庁者数を、年間カレンダーで色分け。
C13: シミュレーター | D13: 何時に開けて何時に閉めると何人カバーできるか、案を比べる。
C14: 業務ランキング | D14: どの窓口業務が多いか、待ち時間が長いのはどれか。
C15: PDF突合 | D15: 元のPDFの数字とこのブックの集計が一致するかのチェック表。
C16: データ | D16: 集計済みのデータ置き場（触らなくてOK）。
B18: 色の意味
D19: 黄色＝あなたが選ぶセル
D20: 青緑＝開庁時間の「内」／ふつうの値
D21: オレンジ＝開庁時間の「外」／注目してほしい値
D22: 赤＝とくに多い・混んでいる
B24: 言葉の説明
C25: 発券 | D25: 窓口の番号札（整理券）を取ること。＝来庁した人の数として数えています。
C26: 15分ごとの時間帯 | D26: 例「9:00」は 9:00〜9:15 に発券した人数。元のPDFでは終わりの時刻（9-15）で表記しています。
C27: 開庁時間外 | D27: 選んだ開庁時間より前・後に発券した人。窓口の時間を変えたとき、影響を受けそうな人数の目安。
C28: 待ち時間 | D28: 番号札を取ってから呼ばれるまでの時間。3時間を超える極端な値は平均から除いています。
B30: 元データ
C31: 区役所の番号発券機の記録（令和7年4月〜令和8年3月、762,002件）を集計。個人を特定する情報は含まれていません。

Sheet ダッシュボード
B1: 広島市 区役所窓口 来庁者ダッシュボード（令和7年度）
B2: 番号発券機のデータ（2025年4月〜2026年3月、762,002人分）を見える化しました。黄色いセルを▼から選ぶと、グラフが全部切り替わります。
B4: ① 区 | D4: 全区 | H4: ② 月 | J4: 全期間 | N4: ③ 開庁(案) | P4: 0.375 | T4: ④ 〜まで | V4: 0.6875 | Y4: ←選んでね
B5: ※ マクロ版（.xlsm）には「区を順番に再生」「月を順番に再生」などのボタンが付いています。
B7: 来庁者の合計（人） | G7: 1日あたり（人） | L7: 一番混む15分 | Q7: 開庁時間外の割合 | V7: 平均待ち時間（分）
B8: ='計算'!B12 -> 762002 | G8: ='計算'!B23 -> 2953.4961 | L8: ='計算'!B17 -> 10:30〜10:45 | Q8: ='計算'!B15 -> 0.10972806 | V8: ='計算'!B24 -> 7.8387378
B10: ='ダッシュボード'!$D$4&" ／ "&'ダッシュボード'!$J$4 -> 全区 ／ 全期間 | G10: ="営業日 "&'計算'!B22&" 日" -> 営業日 258 日 | L10: ="最大 "&TEXT('計算'!B18,"#,##0")&" 人" -> 最大 26,217 人 | Q10: =TEXT('計算'!B14,"#,##0")&" 人が時間外" -> 83,613 人が時間外 | V10: ="3時間超の外れ値を除く" -> 3時間超の外れ値を除く
B12: ="💡 "&'ダッシュボード'!$D$4&"の"&'ダッシュボード'!$J$4&"は、"&'計算'!B17&"が一番混みます。開庁時間("&TEXT('ダッシュボード'!$P$4,"h:mm")&"〜"&TEXT('ダッシュボード'!$V$4,"h:mm")&")の外で、"&TEXT('計算'!B14,"#,##0")&"人（"&TEXT('計算'!B15,"0.0%")&"）が来庁しています。" -> 💡 全区の全期間は、10:30〜10:45が一番混みます。開庁時間(9:00〜16:30)の外で、83,613人（11.0%）が来庁しています。
B48: ※「開庁時間外」＝③〜④で選んだ時間帯より前・後に発券された人。窓口を何時に開閉するとどれだけの人をカバーできるかの目安です。

Sheet ヒートマップ
B1: 混雑ヒートマップ ― 色が濃いほど混んでいます
B3: 区を選ぶ → | C3: 全区 | E3: 数字は隠してあります。マスにカーソルを合わせて、上の数式バーを見ると人数が分かります。
B5: ① 曜日 × 時間帯（選んだ区の1年間の合計）
B6: 曜日 | D6: 7時 | H6: 8時 | L6: 9時 | P6: 10時 | T6: 11時 | X6: 12時 | AB6: 13時 | AF6: 14時 | AJ6: 15時 | AN6: 16時 | AR6: 17時 | AV6: 18時 | AZ6: 19時 | BD6: 20時
B7: 月 | D7: =IFERROR(INDEX('データ'!D$127:D$189,MATCH($C$3&"|"&$B7,'データ'!$A$127:$A$189,0)),0) -> 0 | E7: =IFERROR(INDEX('データ'!E$127:E$189,MATCH($C$3&"|"&$B7,'データ'!$A$127:$A$189,0)),0) -> 0 | F7: =IFERROR(INDEX('データ'!F$127:F$189,MATCH($C$3&"|"&$B7,'データ'!$A$127:$A$189,0)),0) -> 0 | G7: =IFERROR(INDEX('データ'!G$127:G$189,MATCH($C$3&"|"&$B7,'データ'!$A$127:$A$189,0)),0) -> 43 | H7: =IFERROR(INDEX('データ'!H$127:H$189,MATCH($C$3&"|"&$B7,'データ'!$A$127:$A$189,0)),0) -> 314 | I7: =IFERROR(INDEX('データ'!I$127:I$189,MATCH($C$3&"|"&$B7,'データ'!$A$127:$A$189,0)),0) -> 1645 | J7: =IFERROR(INDEX('データ'!J$127:J$189,MATCH($C$3&"|"&$B7,'データ'!$A$127:$A$189,0)),0) -> 3375 | K7: =IFERROR(INDEX('データ'!K$127:K$189,MATCH($C$3&"|"&$B7,'データ'!$A$127:$A$189,0)),0) -> 3651 | ... BG7: =IFERROR(INDEX('データ'!BG$127:BG$189,MATCH($C$3&"|"&$B7,'データ'!$A$127:$A$189,0)),0) -> 0
B8: 火 | D8: =IFERROR(INDEX('データ'!D$127:D$189,MATCH($C$3&"|"&$B8,'データ'!$A$127:$A$189,0)),0) -> 0 | E8: =IFERROR(INDEX('データ'!E$127:E$189,MATCH($C$3&"|"&$B8,'データ'!$A$127:$A$189,0)),0) -> 0 | F8: =IFERROR(INDEX('データ'!F$127:F$189,MATCH($C$3&"|"&$B8,'データ'!$A$127:$A$189,0)),0) -> 2 | G8: =IFERROR(INDEX('データ'!G$127:G$189,MATCH($C$3&"|"&$B8,'データ'!$A$127:$A$189,0)),0) -> 33 | H8: =IFERROR(INDEX('データ'!H$127:H$189,MATCH($C$3&"|"&$B8,'データ'!$A$127:$A$189,0)),0) -> 344 | I8: =IFERROR(INDEX('データ'!I$127:I$189,MATCH($C$3&"|"&$B8,'データ'!$A$127:$A$189,0)),0) -> 1404 | J8: =IFERROR(INDEX('データ'!J$127:J$189,MATCH($C$3&"|"&$B8,'データ'!$A$127:$A$189,0)),0) -> 3116 | K8: =IFERROR(INDEX('データ'!K$127:K$189,MATCH($C$3&"|"&$B8,'データ'!$A$127:$A$189,0)),0) -> 3250 | ... BG8: =IFERROR(INDEX('データ'!BG$127:BG$189,MATCH($C$3&"|"&$B8,'データ'!$A$127:$A$189,0)),0) -> 0
B9: 水 | D9: =IFERROR(INDEX('データ'!D$127:D$189,MATCH($C$3&"|"&$B9,'データ'!$A$127:$A$189,0)),0) -> 0 | E9: =IFERROR(INDEX('データ'!E$127:E$189,MATCH($C$3&"|"&$B9,'データ'!$A$127:$A$189,0)),0) -> 0 | F9: =IFERROR(INDEX('データ'!F$127:F$189,MATCH($C$3&"|"&$B9,'データ'!$A$127:$A$189,0)),0) -> 0 | G9: =IFERROR(INDEX('データ'!G$127:G$189,MATCH($C$3&"|"&$B9,'データ'!$A$127:$A$189,0)),0) -> 24 | H9: =IFERROR(INDEX('データ'!H$127:H$189,MATCH($C$3&"|"&$B9,'データ'!$A$127:$A$189,0)),0) -> 287 | I9: =IFERROR(INDEX('データ'!I$127:I$189,MATCH($C$3&"|"&$B9,'データ'!$A$127:$A$189,0)),0) -> 1258 | J9: =IFERROR(INDEX('データ'!J$127:J$189,MATCH($C$3&"|"&$B9,'データ'!$A$127:$A$189,0)),0) -> 2958 | K9: =IFERROR(INDEX('データ'!K$127:K$189,MATCH($C$3&"|"&$B9,'データ'!$A$127:$A$189,0)),0) -> 2987 | ... BG9: =IFERROR(INDEX('データ'!BG$127:BG$189,MATCH($C$3&"|"&$B9,'データ'!$A$127:$A$189,0)),0) -> 0
B10: 木 | D10: =IFERROR(INDEX('データ'!D$127:D$189,MATCH($C$3&"|"&$B10,'データ'!$A$127:$A$189,0)),0) -> 0 | E10: =IFERROR(INDEX('データ'!E$127:E$189,MATCH($C$3&"|"&$B10,'データ'!$A$127:$A$189,0)),0) -> 0 | F10: =IFERROR(INDEX('データ'!F$127:F$189,MATCH($C$3&"|"&$B10,'データ'!$A$127:$A$189,0)),0) -> 0 | G10: =IFERROR(INDEX('データ'!G$127:G$189,MATCH($C$3&"|"&$B10,'データ'!$A$127:$A$189,0)),0) -> 36 | H10: =IFERROR(INDEX('データ'!H$127:H$189,MATCH($C$3&"|"&$B10,'データ'!$A$127:$A$189,0)),0) -> 266 | I10: =IFERROR(INDEX('データ'!I$127:I$189,MATCH($C$3&"|"&$B10,'データ'!$A$127:$A$189,0)),0) -> 1215 | J10: =IFERROR(INDEX('データ'!J$127:J$189,MATCH($C$3&"|"&$B10,'データ'!$A$127:$A$189,0)),0) -> 2748 | K10: =IFERROR(INDEX('データ'!K$127:K$189,MATCH($C$3&"|"&$B10,'データ'!$A$127:$A$189,0)),0) -> 3056 | ... BG10: =IFERROR(INDEX('データ'!BG$127:BG$189,MATCH($C$3&"|"&$B10,'データ'!$A$127:$A$189,0)),0) -> 0
B11: 金 | D11: =IFERROR(INDEX('データ'!D$127:D$189,MATCH($C$3&"|"&$B11,'データ'!$A$127:$A$189,0)),0) -> 0 | E11: =IFERROR(INDEX('データ'!E$127:E$189,MATCH($C$3&"|"&$B11,'データ'!$A$127:$A$189,0)),0) -> 0 | F11: =IFERROR(INDEX('データ'!F$127:F$189,MATCH($C$3&"|"&$B11,'データ'!$A$127:$A$189,0)),0) -> 1 | G11: =IFERROR(INDEX('データ'!G$127:G$189,MATCH($C$3&"|"&$B11,'データ'!$A$127:$A$189,0)),0) -> 37 | H11: =IFERROR(INDEX('データ'!H$127:H$189,MATCH($C$3&"|"&$B11,'データ'!$A$127:$A$189,0)),0) -> 315 | I11: =IFERROR(INDEX('データ'!I$127:I$189,MATCH($C$3&"|"&$B11,'データ'!$A$127:$A$189,0)),0) -> 1264 | J11: =IFERROR(INDEX('データ'!J$127:J$189,MATCH($C$3&"|"&$B11,'データ'!$A$127:$A$189,0)),0) -> 2932 | K11: =IFERROR(INDEX('データ'!K$127:K$189,MATCH($C$3&"|"&$B11,'データ'!$A$127:$A$189,0)),0) -> 3282 | ... BG11: =IFERROR(INDEX('データ'!BG$127:BG$189,MATCH($C$3&"|"&$B11,'データ'!$A$127:$A$189,0)),0) -> 0
B12: 土 | D12: =IFERROR(INDEX('データ'!D$127:D$189,MATCH($C$3&"|"&$B12,'データ'!$A$127:$A$189,0)),0) -> 0 | E12: =IFERROR(INDEX('データ'!E$127:E$189,MATCH($C$3&"|"&$B12,'データ'!$A$127:$A$189,0)),0) -> 0 | F12: =IFERROR(INDEX('データ'!F$127:F$189,MATCH($C$3&"|"&$B12,'データ'!$A$127:$A$189,0)),0) -> 0 | G12: =IFERROR(INDEX('データ'!G$127:G$189,MATCH($C$3&"|"&$B12,'データ'!$A$127:$A$189,0)),0) -> 0 | H12: =IFERROR(INDEX('データ'!H$127:H$189,MATCH($C$3&"|"&$B12,'データ'!$A$127:$A$189,0)),0) -> 1 | I12: =IFERROR(INDEX('データ'!I$127:I$189,MATCH($C$3&"|"&$B12,'データ'!$A$127:$A$189,0)),0) -> 10 | J12: =IFERROR(INDEX('データ'!J$127:J$189,MATCH($C$3&"|"&$B12,'データ'!$A$127:$A$189,0)),0) -> 19 | K12: =IFERROR(INDEX('データ'!K$127:K$189,MATCH($C$3&"|"&$B12,'データ'!$A$127:$A$189,0)),0) -> 11 | ... BG12: =IFERROR(INDEX('データ'!BG$127:BG$189,MATCH($C$3&"|"&$B12,'データ'!$A$127:$A$189,0)),0) -> 0
B13: 日 | D13: =IFERROR(INDEX('データ'!D$127:D$189,MATCH($C$3&"|"&$B13,'データ'!$A$127:$A$189,0)),0) -> 0 | E13: =IFERROR(INDEX('データ'!E$127:E$189,MATCH($C$3&"|"&$B13,'データ'!$A$127:$A$189,0)),0) -> 0 | F13: =IFERROR(INDEX('データ'!F$127:F$189,MATCH($C$3&"|"&$B13,'データ'!$A$127:$A$189,0)),0) -> 0 | G13: =IFERROR(INDEX('データ'!G$127:G$189,MATCH($C$3&"|"&$B13,'データ'!$A$127:$A$189,0)),0) -> 10 | H13: =IFERROR(INDEX('データ'!H$127:H$189,MATCH($C$3&"|"&$B13,'データ'!$A$127:$A$189,0)),0) -> 83 | I13: =IFERROR(INDEX('データ'!I$127:I$189,MATCH($C$3&"|"&$B13,'データ'!$A$127:$A$189,0)),0) -> 189 | J13: =IFERROR(INDEX('データ'!J$127:J$189,MATCH($C$3&"|"&$B13,'データ'!$A$127:$A$189,0)),0) -> 218 | K13: =IFERROR(INDEX('データ'!K$127:K$189,MATCH($C$3&"|"&$B13,'データ'!$A$127:$A$189,0)),0) -> 190 | ... BG13: =IFERROR(INDEX('データ'!BG$127:BG$189,MATCH($C$3&"|"&$B13,'データ'!$A$127:$A$189,0)),0) -> 0
B15: ② 月 × 時間帯（選んだ区）
D16: 7時 | H16: 8時 | L16: 9時 | P16: 10時 | T16: 11時 | X16: 12時 | AB16: 13時 | AF16: 14時 | AJ16: 15時 | AN16: 16時 | AR16: 17時 | AV16: 18時 | AZ16: 19時 | BD16: 20時
B17: 4月 | D17: =IFERROR(INDEX('データ'!D$7:D$123,MATCH($C$3&"|"&$B17,'データ'!$A$7:$A$123,0)),0) -> 0 | E17: =IFERROR(INDEX('データ'!E$7:E$123,MATCH($C$3&"|"&$B17,'データ'!$A$7:$A$123,0)),0) -> 0 | F17: =IFERROR(INDEX('データ'!F$7:F$123,MATCH($C$3&"|"&$B17,'データ'!$A$7:$A$123,0)),0) -> 0 | G17: =IFERROR(INDEX('データ'!G$7:G$123,MATCH($C$3&"|"&$B17,'データ'!$A$7:$A$123,0)),0) -> 23 | H17: =IFERROR(INDEX('データ'!H$7:H$123,MATCH($C$3&"|"&$B17,'データ'!$A$7:$A$123,0)),0) -> 186 | I17: =IFERROR(INDEX('データ'!I$7:I$123,MATCH($C$3&"|"&$B17,'データ'!$A$7:$A$123,0)),0) -> 801 | J17: =IFERROR(INDEX('データ'!J$7:J$123,MATCH($C$3&"|"&$B17,'データ'!$A$7:$A$123,0)),0) -> 1479 | K17: =IFERROR(INDEX('データ'!K$7:K$123,MATCH($C$3&"|"&$B17,'データ'!$A$7:$A$123,0)),0) -> 1695 | ... BG17: =IFERROR(INDEX('データ'!BG$7:BG$123,MATCH($C$3&"|"&$B17,'データ'!$A$7:$A$123,0)),0) -> 0
B18: 5月 | D18: =IFERROR(INDEX('データ'!D$7:D$123,MATCH($C$3&"|"&$B18,'データ'!$A$7:$A$123,0)),0) -> 0 | E18: =IFERROR(INDEX('データ'!E$7:E$123,MATCH($C$3&"|"&$B18,'データ'!$A$7:$A$123,0)),0) -> 0 | F18: =IFERROR(INDEX('データ'!F$7:F$123,MATCH($C$3&"|"&$B18,'データ'!$A$7:$A$123,0)),0) -> 2 | G18: =IFERROR(INDEX('データ'!G$7:G$123,MATCH($C$3&"|"&$B18,'データ'!$A$7:$A$123,0)),0) -> 18 | H18: =IFERROR(INDEX('データ'!H$7:H$123,MATCH($C$3&"|"&$B18,'データ'!$A$7:$A$123,0)),0) -> 169 | I18: =IFERROR(INDEX('データ'!I$7:I$123,MATCH($C$3&"|"&$B18,'データ'!$A$7:$A$123,0)),0) -> 645 | J18: =IFERROR(INDEX('データ'!J$7:J$123,MATCH($C$3&"|"&$B18,'データ'!$A$7:$A$123,0)),0) -> 1373 | K18: =IFERROR(INDEX('データ'!K$7:K$123,MATCH($C$3&"|"&$B18,'データ'!$A$7:$A$123,0)),0) -> 1502 | ... BG18: =IFERROR(INDEX('データ'!BG$7:BG$123,MATCH($C$3&"|"&$B18,'データ'!$A$7:$A$123,0)),0) -> 0
B19: 6月 | D19: =IFERROR(INDEX('データ'!D$7:D$123,MATCH($C$3&"|"&$B19,'データ'!$A$7:$A$123,0)),0) -> 0 | E19: =IFERROR(INDEX('データ'!E$7:E$123,MATCH($C$3&"|"&$B19,'データ'!$A$7:$A$123,0)),0) -> 0 | F19: =IFERROR(INDEX('データ'!F$7:F$123,MATCH($C$3&"|"&$B19,'データ'!$A$7:$A$123,0)),0) -> 1 | G19: =IFERROR(INDEX('データ'!G$7:G$123,MATCH($C$3&"|"&$B19,'データ'!$A$7:$A$123,0)),0) -> 14 | H19: =IFERROR(INDEX('データ'!H$7:H$123,MATCH($C$3&"|"&$B19,'データ'!$A$7:$A$123,0)),0) -> 150 | I19: =IFERROR(INDEX('データ'!I$7:I$123,MATCH($C$3&"|"&$B19,'データ'!$A$7:$A$123,0)),0) -> 591 | J19: =IFERROR(INDEX('データ'!J$7:J$123,MATCH($C$3&"|"&$B19,'データ'!$A$7:$A$123,0)),0) -> 1256 | K19: =IFERROR(INDEX('データ'!K$7:K$123,MATCH($C$3&"|"&$B19,'データ'!$A$7:$A$123,0)),0) -> 1482 | ... BG19: =IFERROR(INDEX('データ'!BG$7:BG$123,MATCH($C$3&"|"&$B19,'データ'!$A$7:$A$123,0)),0) -> 0
B20: 7月 | D20: =IFERROR(INDEX('データ'!D$7:D$123,MATCH($C$3&"|"&$B20,'データ'!$A$7:$A$123,0)),0) -> 0 | E20: =IFERROR(INDEX('データ'!E$7:E$123,MATCH($C$3&"|"&$B20,'データ'!$A$7:$A$123,0)),0) -> 0 | F20: =IFERROR(INDEX('データ'!F$7:F$123,MATCH($C$3&"|"&$B20,'データ'!$A$7:$A$123,0)),0) -> 0 | G20: =IFERROR(INDEX('データ'!G$7:G$123,MATCH($C$3&"|"&$B20,'データ'!$A$7:$A$123,0)),0) -> 38 | H20: =IFERROR(INDEX('データ'!H$7:H$123,MATCH($C$3&"|"&$B20,'データ'!$A$7:$A$123,0)),0) -> 217 | I20: =IFERROR(INDEX('データ'!I$7:I$123,MATCH($C$3&"|"&$B20,'データ'!$A$7:$A$123,0)),0) -> 766 | J20: =IFERROR(INDEX('データ'!J$7:J$123,MATCH($C$3&"|"&$B20,'データ'!$A$7:$A$123,0)),0) -> 1541 | K20: =IFERROR(INDEX('データ'!K$7:K$123,MATCH($C$3&"|"&$B20,'データ'!$A$7:$A$123,0)),0) -> 1666 | ... BG20: =IFERROR(INDEX('データ'!BG$7:BG$123,MATCH($C$3&"|"&$B20,'データ'!$A$7:$A$123,0)),0) -> 0
B21: 8月 | D21: =IFERROR(INDEX('データ'!D$7:D$123,MATCH($C$3&"|"&$B21,'データ'!$A$7:$A$123,0)),0) -> 0 | E21: =IFERROR(INDEX('データ'!E$7:E$123,MATCH($C$3&"|"&$B21,'データ'!$A$7:$A$123,0)),0) -> 0 | F21: =IFERROR(INDEX('データ'!F$7:F$123,MATCH($C$3&"|"&$B21,'データ'!$A$7:$A$123,0)),0) -> 0 | G21: =IFERROR(INDEX('データ'!G$7:G$123,MATCH($C$3&"|"&$B21,'データ'!$A$7:$A$123,0)),0) -> 25 | H21: =IFERROR(INDEX('データ'!H$7:H$123,MATCH($C$3&"|"&$B21,'データ'!$A$7:$A$123,0)),0) -> 187 | I21: =IFERROR(INDEX('データ'!I$7:I$123,MATCH($C$3&"|"&$B21,'データ'!$A$7:$A$123,0)),0) -> 610 | J21: =IFERROR(INDEX('データ'!J$7:J$123,MATCH($C$3&"|"&$B21,'データ'!$A$7:$A$123,0)),0) -> 1303 | K21: =IFERROR(INDEX('データ'!K$7:K$123,MATCH($C$3&"|"&$B21,'データ'!$A$7:$A$123,0)),0) -> 1462 | ... BG21: =IFERROR(INDEX('データ'!BG$7:BG$123,MATCH($C$3&"|"&$B21,'データ'!$A$7:$A$123,0)),0) -> 0
B22: 9月 | D22: =IFERROR(INDEX('データ'!D$7:D$123,MATCH($C$3&"|"&$B22,'データ'!$A$7:$A$123,0)),0) -> 0 | E22: =IFERROR(INDEX('データ'!E$7:E$123,MATCH($C$3&"|"&$B22,'データ'!$A$7:$A$123,0)),0) -> 0 | F22: =IFERROR(INDEX('データ'!F$7:F$123,MATCH($C$3&"|"&$B22,'データ'!$A$7:$A$123,0)),0) -> 0 | G22: =IFERROR(INDEX('データ'!G$7:G$123,MATCH($C$3&"|"&$B22,'データ'!$A$7:$A$123,0)),0) -> 16 | H22: =IFERROR(INDEX('データ'!H$7:H$123,MATCH($C$3&"|"&$B22,'データ'!$A$7:$A$123,0)),0) -> 152 | I22: =IFERROR(INDEX('データ'!I$7:I$123,MATCH($C$3&"|"&$B22,'データ'!$A$7:$A$123,0)),0) -> 492 | J22: =IFERROR(INDEX('データ'!J$7:J$123,MATCH($C$3&"|"&$B22,'データ'!$A$7:$A$123,0)),0) -> 1121 | K22: =IFERROR(INDEX('データ'!K$7:K$123,MATCH($C$3&"|"&$B22,'データ'!$A$7:$A$123,0)),0) -> 1291 | ... BG22: =IFERROR(INDEX('データ'!BG$7:BG$123,MATCH($C$3&"|"&$B22,'データ'!$A$7:$A$123,0)),0) -> 0
B23: 10月 | D23: =IFERROR(INDEX('データ'!D$7:D$123,MATCH($C$3&"|"&$B23,'データ'!$A$7:$A$123,0)),0) -> 0 | E23: =IFERROR(INDEX('データ'!E$7:E$123,MATCH($C$3&"|"&$B23,'データ'!$A$7:$A$123,0)),0) -> 0 | F23: =IFERROR(INDEX('データ'!F$7:F$123,MATCH($C$3&"|"&$B23,'データ'!$A$7:$A$123,0)),0) -> 0 | G23: =IFERROR(INDEX('データ'!G$7:G$123,MATCH($C$3&"|"&$B23,'データ'!$A$7:$A$123,0)),0) -> 18 | H23: =IFERROR(INDEX('データ'!H$7:H$123,MATCH($C$3&"|"&$B23,'データ'!$A$7:$A$123,0)),0) -> 161 | I23: =IFERROR(INDEX('データ'!I$7:I$123,MATCH($C$3&"|"&$B23,'データ'!$A$7:$A$123,0)),0) -> 476 | J23: =IFERROR(INDEX('データ'!J$7:J$123,MATCH($C$3&"|"&$B23,'データ'!$A$7:$A$123,0)),0) -> 1189 | K23: =IFERROR(INDEX('データ'!K$7:K$123,MATCH($C$3&"|"&$B23,'データ'!$A$7:$A$123,0)),0) -> 1400 | ... BG23: =IFERROR(INDEX('データ'!BG$7:BG$123,MATCH($C$3&"|"&$B23,'データ'!$A$7:$A$123,0)),0) -> 0
B24: 11月 | D24: =IFERROR(INDEX('データ'!D$7:D$123,MATCH($C$3&"|"&$B24,'データ'!$A$7:$A$123,0)),0) -> 0 | E24: =IFERROR(INDEX('データ'!E$7:E$123,MATCH($C$3&"|"&$B24,'データ'!$A$7:$A$123,0)),0) -> 0 | F24: =IFERROR(INDEX('データ'!F$7:F$123,MATCH($C$3&"|"&$B24,'データ'!$A$7:$A$123,0)),0) -> 0 | G24: =IFERROR(INDEX('データ'!G$7:G$123,MATCH($C$3&"|"&$B24,'データ'!$A$7:$A$123,0)),0) -> 22 | H24: =IFERROR(INDEX('データ'!H$7:H$123,MATCH($C$3&"|"&$B24,'データ'!$A$7:$A$123,0)),0) -> 115 | I24: =IFERROR(INDEX('データ'!I$7:I$123,MATCH($C$3&"|"&$B24,'データ'!$A$7:$A$123,0)),0) -> 341 | J24: =IFERROR(INDEX('データ'!J$7:J$123,MATCH($C$3&"|"&$B24,'データ'!$A$7:$A$123,0)),0) -> 793 | K24: =IFERROR(INDEX('データ'!K$7:K$123,MATCH($C$3&"|"&$B24,'データ'!$A$7:$A$123,0)),0) -> 934 | ... BG24: =IFERROR(INDEX('データ'!BG$7:BG$123,MATCH($C$3&"|"&$B24,'データ'!$A$7:$A$123,0)),0) -> 0
B25: 12月 | D25: =IFERROR(INDEX('データ'!D$7:D$123,MATCH($C$3&"|"&$B25,'データ'!$A$7:$A$123,0)),0) -> 0 | E25: =IFERROR(INDEX('データ'!E$7:E$123,MATCH($C$3&"|"&$B25,'データ'!$A$7:$A$123,0)),0) -> 0 | F25: =IFERROR(INDEX('データ'!F$7:F$123,MATCH($C$3&"|"&$B25,'データ'!$A$7:$A$123,0)),0) -> 0 | G25: =IFERROR(INDEX('データ'!G$7:G$123,MATCH($C$3&"|"&$B25,'データ'!$A$7:$A$123,0)),0) -> 2 | H25: =IFERROR(INDEX('データ'!H$7:H$123,MATCH($C$3&"|"&$B25,'データ'!$A$7:$A$123,0)),0) -> 43 | I25: =IFERROR(INDEX('データ'!I$7:I$123,MATCH($C$3&"|"&$B25,'データ'!$A$7:$A$123,0)),0) -> 366 | J25: =IFERROR(INDEX('データ'!J$7:J$123,MATCH($C$3&"|"&$B25,'データ'!$A$7:$A$123,0)),0) -> 1021 | K25: =IFERROR(INDEX('データ'!K$7:K$123,MATCH($C$3&"|"&$B25,'データ'!$A$7:$A$123,0)),0) -> 1014 | ... BG25: =IFERROR(INDEX('データ'!BG$7:BG$123,MATCH($C$3&"|"&$B25,'データ'!$A$7:$A$123,0)),0) -> 0
B26: 1月 | D26: =IFERROR(INDEX('データ'!D$7:D$123,MATCH($C$3&"|"&$B26,'データ'!$A$7:$A$123,0)),0) -> 0 | E26: =IFERROR(INDEX('データ'!E$7:E$123,MATCH($C$3&"|"&$B26,'データ'!$A$7:$A$123,0)),0) -> 0 | F26: =IFERROR(INDEX('データ'!F$7:F$123,MATCH($C$3&"|"&$B26,'データ'!$A$7:$A$123,0)),0) -> 0 | G26: =IFERROR(INDEX('データ'!G$7:G$123,MATCH($C$3&"|"&$B26,'データ'!$A$7:$A$123,0)),0) -> 3 | H26: =IFERROR(INDEX('データ'!H$7:H$123,MATCH($C$3&"|"&$B26,'データ'!$A$7:$A$123,0)),0) -> 46 | I26: =IFERROR(INDEX('データ'!I$7:I$123,MATCH($C$3&"|"&$B26,'データ'!$A$7:$A$123,0)),0) -> 406 | J26: =IFERROR(INDEX('データ'!J$7:J$123,MATCH($C$3&"|"&$B26,'データ'!$A$7:$A$123,0)),0) -> 930 | K26: =IFERROR(INDEX('データ'!K$7:K$123,MATCH($C$3&"|"&$B26,'データ'!$A$7:$A$123,0)),0) -> 878 | ... BG26: =IFERROR(INDEX('データ'!BG$7:BG$123,MATCH($C$3&"|"&$B26,'データ'!$A$7:$A$123,0)),0) -> 0
B27: 2月 | D27: =IFERROR(INDEX('データ'!D$7:D$123,MATCH($C$3&"|"&$B27,'データ'!$A$7:$A$123,0)),0) -> 0 | E27: =IFERROR(INDEX('データ'!E$7:E$123,MATCH($C$3&"|"&$B27,'データ'!$A$7:$A$123,0)),0) -> 0 | F27: =IFERROR(INDEX('データ'!F$7:F$123,MATCH($C$3&"|"&$B27,'データ'!$A$7:$A$123,0)),0) -> 0 | G27: =IFERROR(INDEX('データ'!G$7:G$123,MATCH($C$3&"|"&$B27,'データ'!$A$7:$A$123,0)),0) -> 1 | H27: =IFERROR(INDEX('データ'!H$7:H$123,MATCH($C$3&"|"&$B27,'データ'!$A$7:$A$123,0)),0) -> 52 | I27: =IFERROR(INDEX('データ'!I$7:I$123,MATCH($C$3&"|"&$B27,'データ'!$A$7:$A$123,0)),0) -> 510 | J27: =IFERROR(INDEX('データ'!J$7:J$123,MATCH($C$3&"|"&$B27,'データ'!$A$7:$A$123,0)),0) -> 1301 | K27: =IFERROR(INDEX('データ'!K$7:K$123,MATCH($C$3&"|"&$B27,'データ'!$A$7:$A$123,0)),0) -> 1250 | ... BG27: =IFERROR(INDEX('データ'!BG$7:BG$123,MATCH($C$3&"|"&$B27,'データ'!$A$7:$A$123,0)),0) -> 0
B28: 3月 | D28: =IFERROR(INDEX('データ'!D$7:D$123,MATCH($C$3&"|"&$B28,'データ'!$A$7:$A$123,0)),0) -> 0 | E28: =IFERROR(INDEX('データ'!E$7:E$123,MATCH($C$3&"|"&$B28,'データ'!$A$7:$A$123,0)),0) -> 0 | F28: =IFERROR(INDEX('データ'!F$7:F$123,MATCH($C$3&"|"&$B28,'データ'!$A$7:$A$123,0)),0) -> 0 | G28: =IFERROR(INDEX('データ'!G$7:G$123,MATCH($C$3&"|"&$B28,'データ'!$A$7:$A$123,0)),0) -> 3 | H28: =IFERROR(INDEX('データ'!H$7:H$123,MATCH($C$3&"|"&$B28,'データ'!$A$7:$A$123,0)),0) -> 132 | I28: =IFERROR(INDEX('データ'!I$7:I$123,MATCH($C$3&"|"&$B28,'データ'!$A$7:$A$123,0)),0) -> 981 | J28: =IFERROR(INDEX('データ'!J$7:J$123,MATCH($C$3&"|"&$B28,'データ'!$A$7:$A$123,0)),0) -> 2059 | K28: =IFERROR(INDEX('データ'!K$7:K$123,MATCH($C$3&"|"&$B28,'データ'!$A$7:$A$123,0)),0) -> 1853 | ... BG28: =IFERROR(INDEX('データ'!BG$7:BG$123,MATCH($C$3&"|"&$B28,'データ'!$A$7:$A$123,0)),0) -> 0
B30: ③ 区ごとの1日の流れ（各区の中で一番混む所が赤。形のちがいを比べてください）
B31: 区 | C31: 1年の形 | D31: 7時 | H31: 8時 | L31: 9時 | P31: 10時 | T31: 11時 | X31: 12時 | AB31: 13時 | AF31: 14時 | AJ31: 15時 | AN31: 16時 | AR31: 17時 | AV31: 18時 | AZ31: 19時 | BD31: 20時
B32: 中区 | D32: =INDEX('データ'!D$7:D$123,MATCH($B32&"|全期間",'データ'!$A$7:$A$123,0)) -> 0 | E32: =INDEX('データ'!E$7:E$123,MATCH($B32&"|全期間",'データ'!$A$7:$A$123,0)) -> 0 | F32: =INDEX('データ'!F$7:F$123,MATCH($B32&"|全期間",'データ'!$A$7:$A$123,0)) -> 1 | G32: =INDEX('データ'!G$7:G$123,MATCH($B32&"|全期間",'データ'!$A$7:$A$123,0)) -> 0 | H32: =INDEX('データ'!H$7:H$123,MATCH($B32&"|全期間",'データ'!$A$7:$A$123,0)) -> 46 | I32: =INDEX('データ'!I$7:I$123,MATCH($B32&"|全期間",'データ'!$A$7:$A$123,0)) -> 345 | J32: =INDEX('データ'!J$7:J$123,MATCH($B32&"|全期間",'データ'!$A$7:$A$123,0)) -> 1064 | K32: =INDEX('データ'!K$7:K$123,MATCH($B32&"|全期間",'データ'!$A$7:$A$123,0)) -> 2310 | ... BG32: =INDEX('データ'!BG$7:BG$123,MATCH($B32&"|全期間",'データ'!$A$7:$A$123,0)) -> 0
B33: 東区 | D33: =INDEX('データ'!D$7:D$123,MATCH($B33&"|全期間",'データ'!$A$7:$A$123,0)) -> 0 | E33: =INDEX('データ'!E$7:E$123,MATCH($B33&"|全期間",'データ'!$A$7:$A$123,0)) -> 0 | F33: =INDEX('データ'!F$7:F$123,MATCH($B33&"|全期間",'データ'!$A$7:$A$123,0)) -> 0 | G33: =INDEX('データ'!G$7:G$123,MATCH($B33&"|全期間",'データ'!$A$7:$A$123,0)) -> 9 | H33: =INDEX('データ'!H$7:H$123,MATCH($B33&"|全期間",'データ'!$A$7:$A$123,0)) -> 137 | I33: =INDEX('データ'!I$7:I$123,MATCH($B33&"|全期間",'データ'!$A$7:$A$123,0)) -> 1027 | J33: =INDEX('データ'!J$7:J$123,MATCH($B33&"|全期間",'データ'!$A$7:$A$123,0)) -> 1681 | K33: =INDEX('データ'!K$7:K$123,MATCH($B33&"|全期間",'データ'!$A$7:$A$123,0)) -> 1814 | ... BG33: =INDEX('データ'!BG$7:BG$123,MATCH($B33&"|全期間",'データ'!$A$7:$A$123,0)) -> 0
B34: 南区 | D34: =INDEX('データ'!D$7:D$123,MATCH($B34&"|全期間",'データ'!$A$7:$A$123,0)) -> 0 | E34: =INDEX('データ'!E$7:E$123,MATCH($B34&"|全期間",'データ'!$A$7:$A$123,0)) -> 0 | F34: =INDEX('データ'!F$7:F$123,MATCH($B34&"|全期間",'データ'!$A$7:$A$123,0)) -> 1 | G34: =INDEX('データ'!G$7:G$123,MATCH($B34&"|全期間",'データ'!$A$7:$A$123,0)) -> 24 | H34: =INDEX('データ'!H$7:H$123,MATCH($B34&"|全期間",'データ'!$A$7:$A$123,0)) -> 152 | I34: =INDEX('データ'!I$7:I$123,MATCH($B34&"|全期間",'データ'!$A$7:$A$123,0)) -> 1466 | J34: =INDEX('データ'!J$7:J$123,MATCH($B34&"|全期間",'データ'!$A$7:$A$123,0)) -> 3002 | K34: =INDEX('データ'!K$7:K$123,MATCH($B34&"|全期間",'データ'!$A$7:$A$123,0)) -> 2851 | ... BG34: =INDEX('データ'!BG$7:BG$123,MATCH($B34&"|全期間",'データ'!$A$7:$A$123,0)) -> 0
B35: 西区 | D35: =INDEX('データ'!D$7:D$123,MATCH($B35&"|全期間",'データ'!$A$7:$A$123,0)) -> 0 | E35: =INDEX('データ'!E$7:E$123,MATCH($B35&"|全期間",'データ'!$A$7:$A$123,0)) -> 0 | F35: =INDEX('データ'!F$7:F$123,MATCH($B35&"|全期間",'データ'!$A$7:$A$123,0)) -> 0 | G35: =INDEX('データ'!G$7:G$123,MATCH($B35&"|全期間",'データ'!$A$7:$A$123,0)) -> 3 | H35: =INDEX('データ'!H$7:H$123,MATCH($B35&"|全期間",'データ'!$A$7:$A$123,0)) -> 48 | I35: =INDEX('データ'!I$7:I$123,MATCH($B35&"|全期間",'データ'!$A$7:$A$123,0)) -> 1360 | J35: =INDEX('データ'!J$7:J$123,MATCH($B35&"|全期間",'データ'!$A$7:$A$123,0)) -> 3832 | K35: =INDEX('データ'!K$7:K$123,MATCH($B35&"|全期間",'データ'!$A$7:$A$123,0)) -> 3275 | ... BG35: =INDEX('データ'!BG$7:BG$123,MATCH($B35&"|全期間",'データ'!$A$7:$A$123,0)) -> 0
B36: 安佐南区 | D36: =INDEX('データ'!D$7:D$123,MATCH($B36&"|全期間",'データ'!$A$7:$A$123,0)) -> 0 | E36: =INDEX('データ'!E$7:E$123,MATCH($B36&"|全期間",'データ'!$A$7:$A$123,0)) -> 0 | F36: =INDEX('データ'!F$7:F$123,MATCH($B36&"|全期間",'データ'!$A$7:$A$123,0)) -> 1 | G36: =INDEX('データ'!G$7:G$123,MATCH($B36&"|全期間",'データ'!$A$7:$A$123,0)) -> 144 | H36: =INDEX('データ'!H$7:H$123,MATCH($B36&"|全期間",'データ'!$A$7:$A$123,0)) -> 1081 | I36: =INDEX('データ'!I$7:I$123,MATCH($B36&"|全期間",'データ'!$A$7:$A$123,0)) -> 1719 | J36: =INDEX('データ'!J$7:J$123,MATCH($B36&"|全期間",'データ'!$A$7:$A$123,0)) -> 2053 | K36: =INDEX('データ'!K$7:K$123,MATCH($B36&"|全期間",'データ'!$A$7:$A$123,0)) -> 2257 | ... BG36: =INDEX('データ'!BG$7:BG$123,MATCH($B36&"|全期間",'データ'!$A$7:$A$123,0)) -> 0
B37: 安佐北区 | D37: =INDEX('データ'!D$7:D$123,MATCH($B37&"|全期間",'データ'!$A$7:$A$123,0)) -> 0 | E37: =INDEX('データ'!E$7:E$123,MATCH($B37&"|全期間",'データ'!$A$7:$A$123,0)) -> 0 | F37: =INDEX('データ'!F$7:F$123,MATCH($B37&"|全期間",'データ'!$A$7:$A$123,0)) -> 0 | G37: =INDEX('データ'!G$7:G$123,MATCH($B37&"|全期間",'データ'!$A$7:$A$123,0)) -> 1 | H37: =INDEX('データ'!H$7:H$123,MATCH($B37&"|全期間",'データ'!$A$7:$A$123,0)) -> 12 | I37: =INDEX('データ'!I$7:I$123,MATCH($B37&"|全期間",'データ'!$A$7:$A$123,0)) -> 133 | J37: =INDEX('データ'!J$7:J$123,MATCH($B37&"|全期間",'データ'!$A$7:$A$123,0)) -> 810 | K37: =INDEX('データ'!K$7:K$123,MATCH($B37&"|全期間",'データ'!$A$7:$A$123,0)) -> 1025 | ... BG37: =INDEX('データ'!BG$7:BG$123,MATCH($B37&"|全期間",'データ'!$A$7:$A$123,0)) -> 0
B38: 安芸区 | D38: =INDEX('データ'!D$7:D$123,MATCH($B38&"|全期間",'データ'!$A$7:$A$123,0)) -> 0 | E38: =INDEX('データ'!E$7:E$123,MATCH($B38&"|全期間",'データ'!$A$7:$A$123,0)) -> 0 | F38: =INDEX('データ'!F$7:F$123,MATCH($B38&"|全期間",'データ'!$A$7:$A$123,0)) -> 0 | G38: =INDEX('データ'!G$7:G$123,MATCH($B38&"|全期間",'データ'!$A$7:$A$123,0)) -> 0 | H38: =INDEX('データ'!H$7:H$123,MATCH($B38&"|全期間",'データ'!$A$7:$A$123,0)) -> 3 | I38: =INDEX('データ'!I$7:I$123,MATCH($B38&"|全期間",'データ'!$A$7:$A$123,0)) -> 190 | J38: =INDEX('データ'!J$7:J$123,MATCH($B38&"|全期間",'データ'!$A$7:$A$123,0)) -> 676 | K38: =INDEX('データ'!K$7:K$123,MATCH($B38&"|全期間",'データ'!$A$7:$A$123,0)) -> 746 | ... BG38: =INDEX('データ'!BG$7:BG$123,MATCH($B38&"|全期間",'データ'!$A$7:$A$123,0)) -> 0
B39: 佐伯区 | D39: =INDEX('データ'!D$7:D$123,MATCH($B39&"|全期間",'データ'!$A$7:$A$123,0)) -> 0 | E39: =INDEX('データ'!E$7:E$123,MATCH($B39&"|全期間",'データ'!$A$7:$A$123,0)) -> 0 | F39: =INDEX('データ'!F$7:F$123,MATCH($B39&"|全期間",'データ'!$A$7:$A$123,0)) -> 0 | G39: =INDEX('データ'!G$7:G$123,MATCH($B39&"|全期間",'データ'!$A$7:$A$123,0)) -> 2 | H39: =INDEX('データ'!H$7:H$123,MATCH($B39&"|全期間",'データ'!$A$7:$A$123,0)) -> 131 | I39: =INDEX('データ'!I$7:I$123,MATCH($B39&"|全期間",'データ'!$A$7:$A$123,0)) -> 745 | J39: =INDEX('データ'!J$7:J$123,MATCH($B39&"|全期間",'データ'!$A$7:$A$123,0)) -> 2248 | K39: =INDEX('データ'!K$7:K$123,MATCH($B39&"|全期間",'データ'!$A$7:$A$123,0)) -> 2149 | ... BG39: =INDEX('データ'!BG$7:BG$123,MATCH($B39&"|全期間",'データ'!$A$7:$A$123,0)) -> 0
B41: 凡例： | O41: 空いている ← → 混んでいる

Sheet カレンダー
B1: 来庁者カレンダー ― 1日ごとの来庁者数（色が濃いほど多い日）
A2: =MATCH($C$3,'データ'!$B$312:$J$312,0) -> 1
B3: 区を選ぶ → | C3: 全区 | E3: ※「全区」は8区の合計。区を選ぶと、その区だけのカレンダーになります。
B5: 2025年4月 | J5: 2025年5月 | R5: 2025年6月 | Z5: 2025年7月
B6: 月 | C6: 火 | D6: 水 | E6: 木 | F6: 金 | G6: 土 | H6: 日 | J6: 月 | K6: 火 | L6: 水 | M6: 木 | N6: 金 | O6: 土 | P6: 日 | R6: 月 | S6: 火 | T6: 水 | U6: 木 | V6: 金 | W6: 土 | X6: 日 | Z6: 月 | AA6: 火 | AB6: 水 | AC6: 木 | AD6: 金 | AE6: 土 | AF6: 日
B7: =DATE(2025,4,1)-WEEKDAY(DATE(2025,4,1),2)+1 -> 45747 | C7: =DATE(2025,4,1)-WEEKDAY(DATE(2025,4,1),2)+2 -> 45748 | D7: =DATE(2025,4,1)-WEEKDAY(DATE(2025,4,1),2)+3 -> 45749 | E7: =DATE(2025,4,1)-WEEKDAY(DATE(2025,4,1),2)+4 -> 45750 | F7: =DATE(2025,4,1)-WEEKDAY(DATE(2025,4,1),2)+5 -> 45751 | G7: =DATE(2025,4,1)-WEEKDAY(DATE(2025,4,1),2)+6 -> 45752 | H7: =DATE(2025,4,1)-WEEKDAY(DATE(2025,4,1),2)+7 -> 45753 | J7: =DATE(2025,5,1)-WEEKDAY(DATE(2025,5,1),2)+1 -> 45775 | K7: =DATE(2025,5,1)-WEEKDAY(DATE(2025,5,1),2)+2 -> 45776 | L7: =DATE(2025,5,1)-WEEKDAY(DATE(2025,5,1),2)+3 -> 45777 | M7: =DATE(2025,5,1)-WEEKDAY(DATE(2025,5,1),2)+4 -> 45778 | N7: =DATE(2025,5,1)-WEEKDAY(DATE(2025,5,1),2)+5 -> 45779 | O7: =DATE(2025,5,1)-WEEKDAY(DATE(2025,5,1),2)+6 -> 45780 | P7: =DATE(2025,5,1)-WEEKDAY(DATE(2025,5,1),2)+7 -> 45781 | R7: =DATE(2025,6,1)-WEEKDAY(DATE(2025,6,1),2)+1 -> 45803 | S7: =DATE(2025,6,1)-WEEKDAY(DATE(2025,6,1),2)+2 -> 45804 | T7: =DATE(2025,6,1)-WEEKDAY(DATE(2025,6,1),2)+3 -> 45805 | U7: =DATE(2025,6,1)-WEEKDAY(DATE(2025,6,1),2)+4 -> 45806 | V7: =DATE(2025,6,1)-WEEKDAY(DATE(2025,6,1),2)+5 -> 45807 | W7: =DATE(2025,6,1)-WEEKDAY(DATE(2025,6,1),2)+6 -> 45808 | X7: =DATE(2025,6,1)-WEEKDAY(DATE(2025,6,1),2)+7 -> 45809 | Z7: =DATE(2025,7,1)-WEEKDAY(DATE(2025,7,1),2)+1 -> 45838 | AA7: =DATE(2025,7,1)-WEEKDAY(DATE(2025,7,1),2)+2 -> 45839 | AB7: =DATE(2025,7,1)-WEEKDAY(DATE(2025,7,1),2)+3 -> 45840 | AC7: =DATE(2025,7,1)-WEEKDAY(DATE(2025,7,1),2)+4 -> 45841 | AD7: =DATE(2025,7,1)-WEEKDAY(DATE(2025,7,1),2)+5 -> 45842 | AE7: =DATE(2025,7,1)-WEEKDAY(DATE(2025,7,1),2)+6 -> 45843 | AF7: =DATE(2025,7,1)-WEEKDAY(DATE(2025,7,1),2)+7 -> 45844
B8: =IF(MONTH(B7)=4,IF(IFERROR(INDEX('データ'!$B$313:$J$677,MATCH(B7,'データ'!$A$313:$A$677,0),$A$2),0)=0,"",INDEX('データ'!$B$313:$J$677,MATCH(B7,'データ'!$A$313:$A$677,0),$A$2)),"") | C8: =IF(MONTH(C7)=4,IF(IFERROR(INDEX('データ'!$B$313:$J$677,MATCH(C7,'データ'!$A$313:$A$677,0),$A$2),0)=0,"",INDEX('データ'!$B$313:$J$677,MATCH(C7,'データ'!$A$313:$A$677,0),$A$2)),"") -> 4032 | D8: =IF(MONTH(D7)=4,IF(IFERROR(INDEX('データ'!$B$313:$J$677,MATCH(D7,'データ'!$A$313:$A$677,0),$A$2),0)=0,"",INDEX('データ'!$B$313:$J$677,MATCH(D7,'データ'!$A$313:$A$677,0),$A$2)),"") -> 3588 | E8: =IF(MONTH(E7)=4,IF(IFERROR(INDEX('データ'!$B$313:$J$677,MATCH(E7,'データ'!$A$313:$A$677,0),$A$2),0)=0,"",INDEX('データ'!$B$313:$J$677,MATCH(E7,'データ'!$A$313:$A$677,0),$A$2)),"") -> 3560 | F8: =IF(MONTH(F7)=4,IF(IFERROR(INDEX('データ'!$B$313:$J$677,MATCH(F7,'データ'!$A$313:$A$677,0),$A$2),0)=0,"",INDEX('データ'!$B$313:$J$677,MATCH(F7,'データ'!$A$313:$A$677,0),$A$2)),"") -> 3487 | G8: =IF(MONTH(G7)=4,IF(IFERROR(INDEX('データ'!$B$313:$J$677,MATCH(G7,'データ'!$A$313:$A$677,0),$A$2),0)=0,"",INDEX('データ'!$B$313:$J$677,MATCH(G7,'データ'!$A$313:$A$677,0),$A$2)),"") | H8: =IF(MONTH(H7)=4,IF(IFERROR(INDEX('データ'!$B$313:$J$677,MATCH(H7,'データ'!$A$313:$A$677,0),$A$2),0)=0,"",INDEX('データ'!$B$313:$J$677,MATCH(H7,'データ'!$A$313:$A$677,0),$A$2)),"") | J8: =IF(MONTH(J7)=5,IF(IFERROR(INDEX('データ'!$B$313:$J$677,MATCH(J7,'データ'!$A$313:$A$677,0),$A$2),0)=0,"",INDEX('データ'!$B$313:$J$677,MATCH(J7,'データ'!$A$313:$A$677,0),$A$2)),"") | K8: =IF(MONTH(K7)=5,IF(IFERROR(INDEX('データ'!$B$313:$J$677,MATCH(K7,'データ'!$A$313:$A$677,0),$A$2),0)=0,"",INDEX('データ'!$B$313:$J$677,MATCH(K7,'データ'!$A$313:$A$677,0),$A$2)),"") | L8: =IF(MONTH(L7)=5,IF(IFERROR(INDEX('データ'!$B$313:$J$677,MATCH(L7,'データ'!$A$313:$A$677,0),$A$2),0)=0,"",INDEX('データ'!$B$313:$J$677,MATCH(L7,'データ'!$A$313:$A$677,0),$A$2)),"") | M8: =IF(MONTH(M7)=5,IF(IFERROR(INDEX('データ'!$B$313:$J$677,MATCH(M7,'データ'!$A$313:$A$677,0),$A$2),0)=0,"",INDEX('データ'!$B$313:$J$677,MATCH(M7,'データ'!$A$313:$A$677,0),$A$2)),"") -> 3842 | N8: =IF(MONTH(N7)=5,IF(IFERROR(INDEX('データ'!$B$313:$J$677,MATCH(N7,'データ'!$A$313:$A$677,0),$A$2),0)=0,"",INDEX('データ'!$B$313:$J$677,MATCH(N7,'データ'!$A$313:$A$677,0),$A$2)),"") -> 3546 | O8: =IF(MONTH(O7)=5,IF(IFERROR(INDEX('データ'!$B$313:$J$677,MATCH(O7,'データ'!$A$313:$A$677,0),$A$2),0)=0,"",INDEX('データ'!$B$313:$J$677,MATCH(O7,'データ'!$A$313:$A$677,0),$A$2)),"") | P8: =IF(MONTH(P7)=5,IF(IFERROR(INDEX('データ'!$B$313:$J$677,MATCH(P7,'データ'!$A$313:$A$677,0),$A$2),0)=0,"",INDEX('データ'!$B$313:$J$677,MATCH(P7,'データ'!$A$313:$A$677,0),$A$2)),"") | R8: =IF(MONTH(R7)=6,IF(IFERROR(INDEX('データ'!$B$313:$J$677,MATCH(R7,'データ'!$A$313:$A$677,0),$A$2),0)=0,"",INDEX('データ'!$B$313:$J$677,MATCH(R7,'データ'!$A$313:$A$677,0),$A$2)),"") | S8: =IF(MONTH(S7)=6,IF(IFERROR(INDEX('データ'!$B$313:$J$677,MATCH(S7,'データ'!$A$313:$A$677,0),$A$2),0)=0,"",INDEX('データ'!$B$313:$J$677,MATCH(S7,'データ'!$A$313:$A$677,0),$A$2)),"") | T8: =IF(MONTH(T7)=6,IF(IFERROR(INDEX('データ'!$B$313:$J$677,MATCH(T7,'データ'!$A$313:$A$677,0),$A$2),0)=0,"",INDEX('データ'!$B$313:$J$677,MATCH(T7,'データ'!$A$313:$A$677,0),$A$2)),"") | U8: =IF(MONTH(U7)=6,IF(IFERROR(INDEX('データ'!$B$313:$J$677,MATCH(U7,'データ'!$A$313:$A$677,0),$A$2),0)=0,"",INDEX('データ'!$B$313:$J$677,MATCH(U7,'データ'!$A$313:$A$677,0),$A$2)),"") | V8: =IF(MONTH(V7)=6,IF(IFERROR(INDEX('データ'!$B$313:$J$677,MATCH(V7,'データ'!$A$313:$A$677,0),$A$2),0)=0,"",INDEX('データ'!$B$313:$J$677,MATCH(V7,'データ'!$A$313:$A$677,0),$A$2)),"") | W8: =IF(MONTH(W7)=6,IF(IFERROR(INDEX('データ'!$B$313:$J$677,MATCH(W7,'データ'!$A$313:$A$677,0),$A$2),0)=0,"",INDEX('データ'!$B$313:$J$677,MATCH(W7,'データ'!$A$313:$A$677,0),$A$2)),"") | X8: =IF(MONTH(X7)=6,IF(IFERROR(INDEX('データ'!$B$313:$J$677,MATCH(X7,'データ'!$A$313:$A$677,0),$A$2),0)=0,"",INDEX('データ'!$B$313:$J$677,MATCH(X7,'データ'!$A$313:$A$677,0),$A$2)),"") | Z8: =IF(MONTH(Z7)=7,IF(IFERROR(INDEX('データ'!$B$313:$J$677,MATCH(Z7,'データ'!$A$313:$A$677,0),$A$2),0)=0,"",INDEX('データ'!$B$313:$J$677,MATCH(Z7,'データ'!$A$313:$A$677,0),$A$2)),"") | AA8: =IF(MONTH(AA7)=7,IF(IFERROR(INDEX('データ'!$B$313:$J$677,MATCH(AA7,'データ'!$A$313:$A$677,0),$A$2),0)=0,"",INDEX('データ'!$B$313:$J$677,MATCH(AA7,'データ'!$A$313:$A$677,0),$A$2)),"") -> 3024 | AB8: =IF(MONTH(AB7)=7,IF(IFERROR(INDEX('データ'!$B$313:$J$677,MATCH(AB7,'データ'!$A$313:$A$677,0),$A$2),0)=0,"",INDEX('データ'!$B$313:$J$677,MATCH(AB7,'データ'!$A$313:$A$677,0),$A$2)),"") -> 2912 | AC8: =IF(MONTH(AC7)=7,IF(IFERROR(INDEX('データ'!$B$313:$J$677,MATCH(AC7,'データ'!$A$313:$A$677,0),$A$2),0)=0,"",INDEX('データ'!$B$313:$J$677,MATCH(AC7,'データ'!$A$313:$A$677,0),$A$2)),"") -> 2856 | AD8: =IF(MONTH(AD7)=7,IF(IFERROR(INDEX('データ'!$B$313:$J$677,MATCH(AD7,'データ'!$A$313:$A$677,0),$A$2),0)=0,"",INDEX('データ'!$B$313:$J$677,MATCH(AD7,'データ'!$A$313:$A$677,0),$A$2)),"") -> 3048 | AE8: =IF(MONTH(AE7)=7,IF(IFERROR(INDEX('データ'!$B$313:$J$677,MATCH(AE7,'データ'!$A$313:$A$677,0),$A$2),0)=0,"",INDEX('データ'!$B$313:$J$677,MATCH(AE7,'データ'!$A$313:$A$677,0),$A$2)),"") | AF8: =IF(MONTH(AF7)=7,IF(IFERROR(INDEX('データ'!$B$313:$J$677,MATCH(AF7,'データ'!$A$313:$A$677,0),$A$2),0)=0,"",INDEX('データ'!$B$313:$J$677,MATCH(AF7,'データ'!$A$313:$A$677,0),$A$2)),"")
B9: =DATE(2025,4,1)-WEEKDAY(DATE(2025,4,1),2)+8 -> 45754 | C9: =DATE(2025,4,1)-WEEKDAY(DATE(2025,4,1),2)+9 -> 45755 | D9: =DATE(2025,4,1)-WEEKDAY(DATE(2025,4,1),2)+10 -> 45756 | E9: =DATE(2025,4,1)-WEEKDAY(DATE(2025,4,1),2)+11 -> 45757 | F9: =DATE(2025,4,1)-WEEKDAY(DATE(2025,4,1),2)+12 -> 45758 | G9: =DATE(2025,4,1)-WEEKDAY(DATE(2025,4,1),2)+13 -> 45759 | H9: =DATE(2025,4,1)-WEEKDAY(DATE(2025,4,1),2)+14 -> 45760 | J9: =DATE(2025,5,1)-WEEKDAY(DATE(2025,5,1),2)+8 -> 45782 | K9: =DATE(2025,5,1)-WEEKDAY(DATE(2025,5,1),2)+9 -> 45783 | L9: =DATE(2025,5,1)-WEEKDAY(DATE(2025,5,1),2)+10 -> 45784 | M9: =DATE(2025,5,1)-WEEKDAY(DATE(2025,5,1),2)+11 -> 45785 | N9: =DATE(2025,5,1)-WEEKDAY(DATE(2025,5,1),2)+12 -> 45786 | O9: =DATE(2025,5,1)-WEEKDAY(DATE(2025,5,1),2)+13 -> 45787 | P9: =DATE(2025,5,1)-WEEKDAY(DATE(2025,5,1),2)+14 -> 45788 | R9: =DATE(2025,6,1)-WEEKDAY(DATE(2025,6,1),2)+8 -> 45810 | S9: =DATE(2025,6,1)-WEEKDAY(DATE(2025,6,1),2)+9 -> 45811 | T9: =DATE(2025,6,1)-WEEKDAY(DATE(2025,6,1),2)+10 -> 45812 | U9: =DATE(2025,6,1)-WEEKDAY(DATE(2025,6,1),2)+11 -> 45813 | V9: =DATE(2025,6,1)-WEEKDAY(DATE(2025,6,1),2)+12 -> 45814 | W9: =DATE(2025,6,1)-WEEKDAY(DATE(2025,6,1),2)+13 -> 45815 | X9: =DATE(2025,6,1)-WEEKDAY(DATE(2025,6,1),2)+14 -> 45816 | Z9: =DATE(2025,7,1)-WEEKDAY(DATE(2025,7,1),2)+8 -> 45845 | AA9: =DATE(2025,7,1)-WEEKDAY(DATE(2025,7,1),2)+9 -> 45846 | AB9: =DATE(2025,7,1)-WEEKDAY(DATE(2025,7,1),2)+10 -> 45847 | AC9: =DATE(2025,7,1)-WEEKDAY(DATE(2025,7,1),2)+11 -> 45848 | AD9: =DATE(2025,7,1)-WEEKDAY(DATE(2025,7,1),2)+12 -> 45849 | AE9: =DATE(2025,7,1)-WEEKDAY(DATE(2025,7,1),2)+13 -> 45850 | AF9: =DATE(2025,7,1)-WEEKDAY(DATE(2025,7,1),2)+14 -> 45851
B10: =IF(MONTH(B9)=4,IF(IFERROR(INDEX('データ'!$B$313:$J$677,MATCH(B9,'データ'!$A$313:$A$677,0),$A$2),0)=0,"",INDEX('データ'!$B$313:$J$677,MATCH(B9,'データ'!$A$313:$A$677,0),$A$2)),"") -> 3875 | C10: =IF(MONTH(C9)=4,IF(IFERROR(INDEX('データ'!$B$313:$J$677,MATCH(C9,'データ'!$A$313:$A$677,0),$A$2),0)=0,"",INDEX('データ'!$B$313:$J$677,MATCH(C9,'データ'!$A$313:$A$677,0),$A$2)),"") -> 3288 | D10: =IF(MONTH(D9)=4,IF(IFERROR(INDEX('データ'!$B$313:$J$677,MATCH(D9,'データ'!$A$313:$A$677,0),$A$2),0)=0,"",INDEX('データ'!$B$313:$J$677,MATCH(D9,'データ'!$A$313:$A$677,0),$A$2)),"") -> 3225 | E10: =IF(MONTH(E9)=4,IF(IFERROR(INDEX('データ'!$B$313:$J$677,MATCH(E9,'データ'!$A$313:$A$677,0),$A$2),0)=0,"",INDEX('データ'!$B$313:$J$677,MATCH(E9,'データ'!$A$313:$A$677,0),$A$2)),"") -> 2651 | F10: =IF(MONTH(F9)=4,IF(IFERROR(INDEX('データ'!$B$313:$J$677,MATCH(F9,'データ'!$A$313:$A$677,0),$A$2),0)=0,"",INDEX('データ'!$B$313:$J$677,MATCH(F9,'データ'!$A$313:$A$677,0),$A$2)),"") -> 3091 | G10: =IF(MONTH(G9)=4,IF(IFERROR(INDEX('データ'!$B$313:$J$677,MATCH(G9,'データ'!$A$313:$A$677,0),$A$2),0)=0,"",INDEX('データ'!$B$313:$J$677,MATCH(G9,'データ'!$A$313:$A$677,0),$A$2)),"") | H10: =IF(MONTH(H9)=4,IF(IFERROR(INDEX('データ'!$B$313:$J$677,MATCH(H9,'データ'!$A$313:$A$677,0),$A$2),0)=0,"",INDEX('データ'!$B$313:$J$677,MATCH(H9,'データ'!$A$313:$A$677,0),$A$2)),"") -> 85 | J10: =IF(MONTH(J9)=5,IF(IFERROR(INDEX('データ'!$B$313:$J$677,MATCH(J9,'データ'!$A$313:$A$677,0),$A$2),0)=0,"",INDEX('データ'!$B$313:$J$677,MATCH(J9,'データ'!$A$313:$A$677,0),$A$2)),"") | K10: =IF(MONTH(K9)=5,IF(IFERROR(INDEX('データ'!$B$313:$J$677,MATCH(K9,'データ'!$A$313:$A$677,0),$A$2),0)=0,"",INDEX('データ'!$B$313:$J$677,MATCH(K9,'データ'!$A$313:$A$677,0),$A$2)),"") | L10: =IF(MONTH(L9)=5,IF(IFERROR(INDEX('データ'!$B$313:$J$677,MATCH(L9,'データ'!$A$313:$A$677,0),$A$2),0)=0,"",INDEX('データ'!$B$313:$J$677,MATCH(L9,'データ'!$A$313:$A$677,0),$A$2)),"") -> 3462 | M10: =IF(MONTH(M9)=5,IF(IFERROR(INDEX('データ'!$B$313:$J$677,MATCH(M9,'データ'!$A$313:$A$677,0),$A$2),0)=0,"",INDEX('データ'!$B$313:$J$677,MATCH(M9,'データ'!$A$313:$A$677,0),$A$2)),"") -> 3133 | N10: =IF(MONTH(N9)=5,IF(IFERROR(INDEX('データ'!$B$313:$J$677,MATCH(N9,'データ'!$A$313:$A$677,0),$A$2),0)=0,"",INDEX('データ'!$B$313:$J$677,MATCH(N9,'データ'!$A$313:$A$677,0),$A$2)),"") -> 2556 | O10: =IF(MONTH(O9)=5,IF(IFERROR(INDEX('データ'!$B$313:$J$677,MATCH(O9,'データ'!$A$313:$A$677,0),$A$2),0)=0,"",INDEX('データ'!$B$313:$J$677,MATCH(O9,'データ'!$A$313:$A$677,0),$A$2)),"") | P10: =IF(MONTH(P9)=5,IF(IFERROR(INDEX('データ'!$B$313:$J$677,MATCH(P9,'データ'!$A$313:$A$677,0),$A$2),0)=0,"",INDEX('データ'!$B$313:$J$677,MATCH(P9,'データ'!$A$313:$A$677,0),$A$2)),"") -> 383 | R10: =IF(MONTH(R9)=6,IF(IFERROR(INDEX('データ'!$B$313:$J$677,MATCH(R9,'データ'!$A$313:$A$677,0),$A$2),0)=0,"",INDEX('データ'!$B$313:$J$677,MATCH(R9,'データ'!$A$313:$A$677,0),$A$2)),"") -> 3649 | S10: =IF(MONTH(S9)=6,IF(IFERROR(INDEX('データ'!$B$313:$J$677,MATCH(S9,'データ'!$A$313:$A$677,0),$A$2),0)=0,"",INDEX('データ'!$B$313:$J$677,MATCH(S9,'データ'!$A$313:$A$677,0),$A$2)),"") -> 2848 | T10: =IF(MONTH(T9)=6,IF(IFERROR(INDEX('データ'!$B$313:$J$677,MATCH(T9,'データ'!$A$313:$A$677,0),$A$2),0)=0,"",INDEX('データ'!$B$313:$J$677,MATCH(T9,'データ'!$A$313:$A$677,0),$A$2)),"") -> 3364 | U10: =IF(MONTH(U9)=6,IF(IFERROR(INDEX('データ'!$B$313:$J$677,MATCH(U9,'データ'!$A$313:$A$677,0),$A$2),0)=0,"",INDEX('データ'!$B$313:$J$677,MATCH(U9,'データ'!$A$313:$A$677,0),$A$2)),"") -> 3025 | V10: =IF(MONTH(V9)=6,IF(IFERROR(INDEX('データ'!$B$313:$J$677,MATCH(V9,'データ'!$A$313:$A$677,0),$A$2),0)=0,"",INDEX('データ'!$B$313:$J$677,MATCH(V9,'データ'!$A$313:$A$677,0),$A$2)),"") -> 3254 | W10: =IF(MONTH(W9)=6,IF(IFERROR(INDEX('データ'!$B$313:$J$677,MATCH(W9,'データ'!$A$313:$A$677,0),$A$2),0)=0,"",INDEX('データ'!$B$313:$J$677,MATCH(W9,'データ'!$A$313:$A$677,0),$A$2)),"") | X10: =IF(MONTH(X9)=6,IF(IFERROR(INDEX('データ'!$B$313:$J$677,MATCH(X9,'データ'!$A$313:$A$677,0),$A$2),0)=0,"",INDEX('データ'!$B$313:$J$677,MATCH(X9,'データ'!$A$313:$A$677,0),$A$2)),"") | Z10: =IF(MONTH(Z9)=7,IF(IFERROR(INDEX('データ'!$B$313:$J$677,MATCH(Z9,'データ'!$A$313:$A$677,0),$A$2),0)=0,"",INDEX('データ'!$B$313:$J$677,MATCH(Z9,'データ'!$A$313:$A$677,0),$A$2)),"") -> 3688 | AA10: =IF(MONTH(AA9)=7,IF(IFERROR(INDEX('データ'!$B$313:$J$677,MATCH(AA9,'データ'!$A$313:$A$677,0),$A$2),0)=0,"",INDEX('データ'!$B$313:$J$677,MATCH(AA9,'データ'!$A$313:$A$677,0),$A$2)),"") -> 3069 | AB10: =IF(MONTH(AB9)=7,IF(IFERROR(INDEX('データ'!$B$313:$J$677,MATCH(AB9,'データ'!$A$313:$A$677,0),$A$2),0)=0,"",INDEX('データ'!$B$313:$J$677,MATCH(AB9,'データ'!$A$313:$A$677,0),$A$2)),"") -> 2924 | AC10: =IF(MONTH(AC9)=7,IF(IFERROR(INDEX('データ'!$B$313:$J$677,MATCH(AC9,'データ'!$A$313:$A$677,0),$A$2),0)=0,"",INDEX('データ'!$B$313:$J$677,MATCH(AC9,'データ'!$A$313:$A$677,0),$A$2)),"") -> 2859 | AD10: =IF(MONTH(AD9)=7,IF(IFERROR(INDEX('データ'!$B$313:$J$677,MATCH(AD9,'データ'!$A$313:$A$677,0),$A$2),0)=0,"",INDEX('データ'!$B$313:$J$677,MATCH(AD9,'データ'!$A$313:$A$677,0),$A$2)),"") -> 2973 | AE10: =IF(MONTH(AE9)=7,IF(IFERROR(INDEX('データ'!$B$313:$J$677,MATCH(AE9,'データ'!$A$313:$A$677,0),$A$2),0)=0,"",INDEX('データ'!$B$313:$J$677,MATCH(AE9,'データ'!$A$313:$A$677,0),$A$2)),"") | AF10: =IF(MONTH(AF9)=7,IF(IFERROR(INDEX('データ'!$B$313:$J$677,MATCH(AF9,'データ'!$A$313:$A$677,0),$A$2),0)=0,"",INDEX('データ'!$B$313:$J$677,MATCH(AF9,'データ'!$A$313:$A$677,0),$A$2)),"") -> 675
B11: =DATE(2025,4,1)-WEEKDAY(DATE(2025,4,1),2)+15 -> 45761 | C11: =DATE(2025,4,1)-WEEKDAY(DATE(2025,4,1),2)+16 -> 45762 | D11: =DATE(2025,4,1)-WEEKDAY(DATE(2025,4,1),2)+17 -> 45763 | E11: =DATE(2025,4,1)-WEEKDAY(DATE(2025,4,1),2)+18 -> 45764 | F11: =DATE(2025,4,1)-WEEKDAY(DATE(2025,4,1),2)+19 -> 45765 | G11: =DATE(2025,4,1)-WEEKDAY(DATE(2025,4,1),2)+20 -> 45766 | H11: =DATE(2025,4,1)-WEEKDAY(DATE(2025,4,1),2)+21 -> 45767 | J11: =DATE(2025,5,1)-WEEKDAY(DATE(2025,5,1),2)+15 -> 45789 | K11: =DATE(2025,5,1)-WEEKDAY(DATE(2025,5,1),2)+16 -> 45790 | L11: =DATE(2025,5,1)-WEEKDAY(DATE(2025,5,1),2)+17 -> 45791 | M11: =DATE(2025,5,1)-WEEKDAY(DATE(2025,5,1),2)+18 -> 45792 | N11: =DATE(2025,5,1)-WEEKDAY(DATE(2025,5,1),2)+19 -> 45793 | O11: =DATE(2025,5,1)-WEEKDAY(DATE(2025,5,1),2)+20 -> 45794 | P11: =DATE(2025,5,1)-WEEKDAY(DATE(2025,5,1),2)+21 -> 45795 | R11: =DATE(2025,6,1)-WEEKDAY(DATE(2025,6,1),2)+15 -> 45817 | S11: =DATE(2025,6,1)-WEEKDAY(DATE(2025,6,1),2)+16 -> 45818 | T11: =DATE(2025,6,1)-WEEKDAY(DATE(2025,6,1),2)+17 -> 45819 | U11: =DATE(2025,6,1)-WEEKDAY(DATE(2025,6,1),2)+18 -> 45820 | V11: =DATE(2025,6,1)-WEEKDAY(DATE(2025,6,1),2)+19 -> 45821 | W11: =DATE(2025,6,1)-WEEKDAY(DATE(2025,6,1),2)+20 -> 45822 | X11: =DATE(2025,6,1)-WEEKDAY(DATE(2025,6,1),2)+21 -> 45823 | Z11: =DATE(2025,7,1)-WEEKDAY(DATE(2025,7,1),2)+15 -> 45852 | AA11: =DATE(2025,7,1)-WEEKDAY(DATE(2025,7,1),2)+16 -> 45853 | AB11: =DATE(2025,7,1)-WEEKDAY(DATE(2025,7,1),2)+17 -> 45854 | AC11: =DATE(2025,7,1)-WEEKDAY(DATE(2025,7,1),2)+18 -> 45855 | AD11: =DATE(2025,7,1)-WEEKDAY(DATE(2025,7,1),2)+19 -> 45856 | AE11: =DATE(2025,7,1)-WEEKDAY(DATE(2025,7,1),2)+20 -> 45857 | AF11: =DATE(2025,7,1)-WEEKDAY(DATE(2025,7,1),2)+21 -> 45858
B12: =IF(MONTH(B11)=4,IF(IFERROR(INDEX('データ'!$B$313:$J$677,MATCH(B11,'データ'!$A$313:$A$677,0),$A$2),0)=0,"",INDEX('データ'!$B$313:$J$677,MATCH(B11,'データ'!$A$313:$A$677,0),$A$2)),"") -> 3075 | C12: =IF(MONTH(C11)=4,IF(IFERROR(INDEX('データ'!$B$313:$J$677,MATCH(C11,'データ'!$A$313:$A$677,0),$A$2),0)=0,"",INDEX('データ'!$B$313:$J$677,MATCH(C11,'データ'!$A$313:$A$677,0),$A$2)),"") -> 2890 | D12: =IF(MONTH(D11)=4,IF(IFERROR(INDEX('データ'!$B$313:$J$677,MATCH(D11,'データ'!$A$313:$A$677,0),$A$2),0)=0,"",INDEX('データ'!$B$313:$J$677,MATCH(D11,'データ'!$A$313:$A$677,0),$A$2)),"") -> 3025 | E12: =IF(MONTH(E11)=4,IF(IFERROR(INDEX('データ'!$B$313:$J$677,MATCH(E11,'データ'!$A$313:$A$677,0),$A$2),0)=0,"",INDEX('データ'!$B$313:$J$677,MATCH(E11,'データ'!$A$313:$A$677,0),$A$2)),"") -> 2844 | F12: =IF(MONTH(F11)=4,IF(IFERROR(INDEX('データ'!$B$313:$J$677,MATCH(F11,'データ'!$A$313:$A$677,0),$A$2),0)=0,"",INDEX('データ'!$B$313:$J$677,MATCH(F11,'データ'!$A$313:$A$677,0),$A$2)),"") -> 3361 | G12: =IF(MONTH(G11)=4,IF(IFERROR(INDEX('データ'!$B$313:$J$677,MATCH(G11,'データ'!$A$313:$A$677,0),$A$2),0)=0,"",INDEX('データ'!$B$313:$J$677,MATCH(G11,'データ'!$A$313:$A$677,0),$A$2)),"") | H12: =IF(MONTH(H11)=4,IF(IFERROR(INDEX('データ'!$B$313:$J$677,MATCH(H11,'データ'!$A$313:$A$677,0),$A$2),0)=0,"",INDEX('データ'!$B$313:$J$677,MATCH(H11,'データ'!$A$313:$A$677,0),$A$2)),"") | J12: =IF(MONTH(J11)=5,IF(IFERROR(INDEX('データ'!$B$313:$J$677,MATCH(J11,'データ'!$A$313:$A$677,0),$A$2),0)=0,"",INDEX('データ'!$B$313:$J$677,MATCH(J11,'データ'!$A$313:$A$677,0),$A$2)),"") -> 3720 | K12: =IF(MONTH(K11)=5,IF(IFERROR(INDEX('データ'!$B$313:$J$677,MATCH(K11,'データ'!$A$313:$A$677,0),$A$2),0)=0,"",INDEX('データ'!$B$313:$J$677,MATCH(K11,'データ'!$A$313:$A$677,0),$A$2)),"") -> 3190 | L12: =IF(MONTH(L11)=5,IF(IFERROR(INDEX('データ'!$B$313:$J$677,MATCH(L11,'データ'!$A$313:$A$677,0),$A$2),0)=0,"",INDEX('データ'!$B$313:$J$677,MATCH(L11,'データ'!$A$313:$A$677,0),$A$2)),"") -> 3160 | M12: =IF(MONTH(M11)=5,IF(IFERROR(INDEX('データ'!$B$313:$J$677,MATCH(M11,'データ'!$A$313:$A$677,0),$A$2),0)=0,"",INDEX('データ'!$B$313:$J$677,MATCH(M11,'データ'!$A$313:$A$677,0),$A$2)),"") -> 3085 | N12: =IF(MONTH(N11)=5,IF(IFERROR(INDEX('データ'!$B$313:$J$677,MATCH(N11,'データ'!$A$313:$A$677,0),$A$2),0)=0,"",INDEX('データ'!$B$313:$J$677,MATCH(N11,'データ'!$A$313:$A$677,0),$A$2)),"") -> 3009 | O12: =IF(MONTH(O11)=5,IF(IFERROR(INDEX('データ'!$B$313:$J$677,MATCH(O11,'データ'!$A$313:$A$677,0),$A$2),0)=0,"",INDEX('データ'!$B$313:$J$677,MATCH(O11,'データ'!$A$313:$A$677,0),$A$2)),"") | P12: =IF(MONTH(P11)=5,IF(IFERROR(INDEX('データ'!$B$313:$J$677,MATCH(P11,'データ'!$A$313:$A$677,0),$A$2),0)=0,"",INDEX('データ'!$B$313:$J$677,MATCH(P11,'データ'!$A$313:$A$677,0),$A$2)),"") | R12: =IF(MONTH(R11)=6,IF(IFERROR(INDEX('データ'!$B$313:$J$677,MATCH(R11,'データ'!$A$313:$A$677,0),$A$2),0)=0,"",INDEX('データ'!$B$313:$J$677,MATCH(R11,'データ'!$A$313:$A$677,0),$A$2)),"") -> 3245 | S12: =IF(MONTH(S11)=6,IF(IFERROR(INDEX('データ'!$B$313:$J$677,MATCH(S11,'データ'!$A$313:$A$677,0),$A$2),0)=0,"",INDEX('データ'!$B$313:$J$677,MATCH(S11,'データ'!$A$313:$A$677,0),$A$2)),"") -> 2521 | T12: =IF(MONTH(T11)=6,IF(IFERROR(INDEX('データ'!$B$313:$J$677,MATCH(T11,'データ'!$A$313:$A$677,0),$A$2),0)=0,"",INDEX('データ'!$B$313:$J$677,MATCH(T11,'データ'!$A$313:$A$677,0),$A$2)),"") -> 3151 | U12: =IF(MONTH(U11)=6,IF(IFERROR(INDEX('データ'!$B$313:$J$677,MATCH(U11,'データ'!$A$313:$A$677,0),$A$2),0)=0,"",INDEX('データ'!$B$313:$J$677,MATCH(U11,'データ'!$A$313:$A$677,0),$A$2)),"") -> 2934 | V12: =IF(MONTH(V11)=6,IF(IFERROR(INDEX('データ'!$B$313:$J$677,MATCH(V11,'データ'!$A$313:$A$677,0),$A$2),0)=0,"",INDEX('データ'!$B$313:$J$677,MATCH(V11,'データ'!$A$313:$A$677,0),$A$2)),"") -> 3398 | W12: =IF(MONTH(W11)=6,IF(IFERROR(INDEX('データ'!$B$313:$J$677,MATCH(W11,'データ'!$A$313:$A$677,0),$A$2),0)=0,"",INDEX('データ'!$B$313:$J$677,MATCH(W11,'データ'!$A$313:$A$677,0),$A$2)),"") | X12: =IF(MONTH(X11)=6,IF(IFERROR(INDEX('データ'!$B$313:$J$677,MATCH(X11,'データ'!$A$313:$A$677,0),$A$2),0)=0,"",INDEX('データ'!$B$313:$J$677,MATCH(X11,'データ'!$A$313:$A$677,0),$A$2)),"") | Z12: =IF(MONTH(Z11)=7,IF(IFERROR(INDEX('データ'!$B$313:$J$677,MATCH(Z11,'データ'!$A$313:$A$677,0),$A$2),0)=0,"",INDEX('データ'!$B$313:$J$677,MATCH(Z11,'データ'!$A$313:$A$677,0),$A$2)),"") -> 2973 | AA12: =IF(MONTH(AA11)=7,IF(IFERROR(INDEX('データ'!$B$313:$J$677,MATCH(AA11,'データ'!$A$313:$A$677,0),$A$2),0)=0,"",INDEX('データ'!$B$313:$J$677,MATCH(AA11,'データ'!$A$313:$A$677,0),$A$2)),"") -> 3229 | AB12: =IF(MONTH(AB11)=7,IF(IFERROR(INDEX('データ'!$B$313:$J$677,MATCH(AB11,'データ'!$A$313:$A$677,0),$A$2),0)=0,"",INDEX('データ'!$B$313:$J$677,MATCH(AB11,'データ'!$A$313:$A$677,0),$A$2)),"") -> 2989 | AC12: =IF(MONTH(AC11)=7,IF(IFERROR(INDEX('データ'!$B$313:$J$677,MATCH(AC11,'データ'!$A$313:$A$677,0),$A$2),0)=0,"",INDEX('データ'!$B$313:$J$677,MATCH(AC11,'データ'!$A$313:$A$677,0),$A$2)),"") -> 2622 | AD12: =IF(MONTH(AD11)=7,IF(IFERROR(INDEX('データ'!$B$313:$J$677,MATCH(AD11,'データ'!$A$313:$A$677,0),$A$2),0)=0,"",INDEX('データ'!$B$313:$J$677,MATCH(AD11,'データ'!$A$313:$A$677,0),$A$2)),"") -> 2841 | AE12: =IF(MONTH(AE11)=7,IF(IFERROR(INDEX('データ'!$B$313:$J$677,MATCH(AE11,'データ'!$A$313:$A$677,0),$A$2),0)=0,"",INDEX('データ'!$B$313:$J$677,MATCH(AE11,'データ'!$A$313:$A$677,0),$A$2)),"") | AF12: =IF(MONTH(AF11)=7,IF(IFERROR(INDEX('データ'!$B$313:$J$677,MATCH(AF11,'データ'!$A$313:$A$677,0),$A$2),0)=0,"",INDEX('データ'!$B$313:$J$677,MATCH(AF11,'データ'!$A$313:$A$677,0),$A$2)),"")
B13: =DATE(2025,4,1)-WEEKDAY(DATE(2025,4,1),2)+22 -> 45768 | C13: =DATE(2025,4,1)-WEEKDAY(DATE(2025,4,1),2)+23 -> 45769 | D13: =DATE(2025,4,1)-WEEKDAY(DATE(2025,4,1),2)+24 -> 45770 | E13: =DATE(2025,4,1)-WEEKDAY(DATE(2025,4,1),2)+25 -> 45771 | F13: =DATE(2025,4,1)-WEEKDAY(DATE(2025,4,1),2)+26 -> 45772 | G13: =DATE(2025,4,1)-WEEKDAY(DATE(2025,4,1),2)+27 -> 45773 | H13: =DATE(2025,4,1)-WEEKDAY(DATE(2025,4,1),2)+28 -> 45774 | J13: =DATE(2025,5,1)-WEEKDAY(DATE(2025,5,1),2)+22 -> 45796 | K13: =DATE(2025,5,1)-WEEKDAY(DATE(2025,5,1),2)+23 -> 45797 | L13: =DATE(2025,5,1)-WEEKDAY(DATE(2025,5,1),2)+24 -> 45798 | M13: =DATE(2025,5,1)-WEEKDAY(DATE(2025,5,1),2)+25 -> 45799 | N13: =DATE(2025,5,1)-WEEKDAY(DATE(2025,5,1),2)+26 -> 45800 | O13: =DATE(2025,5,1)-WEEKDAY(DATE(2025,5,1),2)+27 -> 45801 | P13: =DATE(2025,5,1)-WEEKDAY(DATE(2025,5,1),2)+28 -> 45802 | R13: =DATE(2025,6,1)-WEEKDAY(DATE(2025,6,1),2)+22 -> 45824 | S13: =DATE(2025,6,1)-WEEKDAY(DATE(2025,6,1),2)+23 -> 45825 | T13: =DATE(2025,6,1)-WEEKDAY(DATE(2025,6,1),2)+24 -> 45826 | U13: =DATE(2025,6,1)-WEEKDAY(DATE(2025,6,1),2)+25 -> 45827 | V13: =DATE(2025,6,1)-WEEKDAY(DATE(2025,6,1),2)+26 -> 45828 | W13: =DATE(2025,6,1)-WEEKDAY(DATE(2025,6,1),2)+27 -> 45829 | X13: =DATE(2025,6,1)-WEEKDAY(DATE(2025,6,1),2)+28 -> 45830 | Z13: =DATE(2025,7,1)-WEEKDAY(DATE(2025,7,1),2)+22 -> 45859 | AA13: =DATE(2025,7,1)-WEEKDAY(DATE(2025,7,1),2)+23 -> 45860 | AB13: =DATE(2025,7,1)-WEEKDAY(DATE(2025,7,1),2)+24 -> 45861 | AC13: =DATE(2025,7,1)-WEEKDAY(DATE(2025,7,1),2)+25 -> 45862 | AD13: =DATE(2025,7,1)-WEEKDAY(DATE(2025,7,1),2)+26 -> 45863 | AE13: =DATE(2025,7,1)-WEEKDAY(DATE(2025,7,1),2)+27 -> 45864 | AF13: =DATE(2025,7,1)-WEEKDAY(DATE(2025,7,1),2)+28 -> 45865
B14: =IF(MONTH(B13)=4,IF(IFERROR(INDEX('データ'!$B$313:$J$677,MATCH(B13,'データ'!$A$313:$A$677,0),$A$2),0)=0,"",INDEX('データ'!$B$313:$J$677,MATCH(B13,'データ'!$A$313:$A$677,0),$A$2)),"") -> 3588 | C14: =IF(MONTH(C13)=4,IF(IFERROR(INDEX('データ'!$B$313:$J$677,MATCH(C13,'データ'!$A$313:$A$677,0),$A$2),0)=0,"",INDEX('データ'!$B$313:$J$677,MATCH(C13,'データ'!$A$313:$A$677,0),$A$2)),"") -> 2834 | D14: =IF(MONTH(D13)=4,IF(IFERROR(INDEX('データ'!$B$313:$J$677,MATCH(D13,'データ'!$A$313:$A$677,0),$A$2),0)=0,"",INDEX('データ'!$B$313:$J$677,MATCH(D13,'データ'!$A$313:$A$677,0),$A$2)),"") -> 2840 | E14: =IF(MONTH(E13)=4,IF(IFERROR(INDEX('データ'!$B$313:$J$677,MATCH(E13,'データ'!$A$313:$A$677,0),$A$2),0)=0,"",INDEX('データ'!$B$313:$J$677,MATCH(E13,'データ'!$A$313:$A$677,0),$A$2)),"") -> 2701 | F14: =IF(MONTH(F13)=4,IF(IFERROR(INDEX('データ'!$B$313:$J$677,MATCH(F13,'データ'!$A$313:$A$677,0),$A$2),0)=0,"",INDEX('データ'!$B$313:$J$677,MATCH(F13,'データ'!$A$313:$A$677,0),$A$2)),"") -> 2974 | G14: =IF(MONTH(G13)=4,IF(IFERROR(INDEX('データ'!$B$313:$J$677,MATCH(G13,'データ'!$A$313:$A$677,0),$A$2),0)=0,"",INDEX('データ'!$B$313:$J$677,MATCH(G13,'データ'!$A$313:$A$677,0),$A$2)),"") | H14: =IF(MONTH(H13)=4,IF(IFERROR(INDEX('データ'!$B$313:$J$677,MATCH(H13,'データ'!$A$313:$A$677,0),$A$2),0)=0,"",INDEX('データ'!$B$313:$J$677,MATCH(H13,'データ'!$A$313:$A$677,0),$A$2)),"") | J14: =IF(MONTH(J13)=5,IF(IFERROR(INDEX('データ'!$B$313:$J$677,MATCH(J13,'データ'!$A$313:$A$677,0),$A$2),0)=0,"",INDEX('データ'!$B$313:$J$677,MATCH(J13,'データ'!$A$313:$A$677,0),$A$2)),"") -> 3432 | K14: =IF(MONTH(K13)=5,IF(IFERROR(INDEX('データ'!$B$313:$J$677,MATCH(K13,'データ'!$A$313:$A$677,0),$A$2),0)=0,"",INDEX('データ'!$B$313:$J$677,MATCH(K13,'データ'!$A$313:$A$677,0),$A$2)),"") -> 3096 | L14: =IF(MONTH(L13)=5,IF(IFERROR(INDEX('データ'!$B$313:$J$677,MATCH(L13,'データ'!$A$313:$A$677,0),$A$2),0)=0,"",INDEX('データ'!$B$313:$J$677,MATCH(L13,'データ'!$A$313:$A$677,0),$A$2)),"") -> 2730 | M14: =IF(MONTH(M13)=5,IF(IFERROR(INDEX('データ'!$B$313:$J$677,MATCH(M13,'データ'!$A$313:$A$677,0),$A$2),0)=0,"",INDEX('データ'!$B$313:$J$677,MATCH(M13,'データ'!$A$313:$A$677,0),$A$2)),"") -> 2747 | N14: =IF(MONTH(N13)=5,IF(IFERROR(INDEX('データ'!$B$313:$J$677,MATCH(N13,'データ'!$A$313:$A$677,0),$A$2),0)=0,"",INDEX('データ'!$B$313:$J$677,MATCH(N13,'データ'!$A$313:$A$677,0),$A$2)),"") -> 3130 | O14: =IF(MONTH(O13)=5,IF(IFERROR(INDEX('データ'!$B$313:$J$677,MATCH(O13,'データ'!$A$313:$A$677,0),$A$2),0)=0,"",INDEX('データ'!$B$313:$J$677,MATCH(O13,'データ'!$A$313:$A$677,0),$A$2)),"") | P14: =IF(MONTH(P13)=5,IF(IFERROR(INDEX('データ'!$B$313:$J$677,MATCH(P13,'データ'!$A$313:$A$677,0),$A$2),0)=0,"",INDEX('データ'!$B$313:$J$677,MATCH(P13,'データ'!$A$313:$A$677,0),$A$2)),"") | R14: =IF(MONTH(R13)=6,IF(IFERROR(INDEX('データ'!$B$313:$J$677,MATCH(R13,'データ'!$A$313:$A$677,0),$A$2),0)=0,"",INDEX('データ'!$B$313:$J$677,MATCH(R13,'データ'!$A$313:$A$677,0),$A$2)),"") -> 3641 | S14: =IF(MONTH(S13)=6,IF(IFERROR(INDEX('データ'!$B$313:$J$677,MATCH(S13,'データ'!$A$313:$A$677,0),$A$2),0)=0,"",INDEX('データ'!$B$313:$J$677,MATCH(S13,'データ'!$A$313:$A$677,0),$A$2)),"") -> 3126 | T14: =IF(MONTH(T13)=6,IF(IFERROR(INDEX('データ'!$B$313:$J$677,MATCH(T13,'データ'!$A$313:$A$677,0),$A$2),0)=0,"",INDEX('データ'!$B$313:$J$677,MATCH(T13,'データ'!$A$313:$A$677,0),$A$2)),"") -> 3011 | U14: =IF(MONTH(U13)=6,IF(IFERROR(INDEX('データ'!$B$313:$J$677,MATCH(U13,'データ'!$A$313:$A$677,0),$A$2),0)=0,"",INDEX('データ'!$B$313:$J$677,MATCH(U13,'データ'!$A$313:$A$677,0),$A$2)),"") -> 2705 | V14: =IF(MONTH(V13)=6,IF(IFERROR(INDEX('データ'!$B$313:$J$677,MATCH(V13,'データ'!$A$313:$A$677,0),$A$2),0)=0,"",INDEX('データ'!$B$313:$J$677,MATCH(V13,'データ'!$A$313:$A$677,0),$A$2)),"") -> 3011 | W14: =IF(MONTH(W13)=6,IF(IFERROR(INDEX('データ'!$B$313:$J$677,MATCH(W13,'データ'!$A$313:$A$677,0),$A$2),0)=0,"",INDEX('データ'!$B$313:$J$677,MATCH(W13,'データ'!$A$313:$A$677,0),$A$2)),"") | X14: =IF(MONTH(X13)=6,IF(IFERROR(INDEX('データ'!$B$313:$J$677,MATCH(X13,'データ'!$A$313:$A$677,0),$A$2),0)=0,"",INDEX('データ'!$B$313:$J$677,MATCH(X13,'データ'!$A$313:$A$677,0),$A$2)),"") | Z14: =IF(MONTH(Z13)=7,IF(IFERROR(INDEX('データ'!$B$313:$J$677,MATCH(Z13,'データ'!$A$313:$A$677,0),$A$2),0)=0,"",INDEX('データ'!$B$313:$J$677,MATCH(Z13,'データ'!$A$313:$A$677,0),$A$2)),"") | AA14: =IF(MONTH(AA13)=7,IF(IFERROR(INDEX('データ'!$B$313:$J$677,MATCH(AA13,'データ'!$A$313:$A$677,0),$A$2),0)=0,"",INDEX('データ'!$B$313:$J$677,MATCH(AA13,'データ'!$A$313:$A$677,0),$A$2)),"") -> 3363 | AB14: =IF(MONTH(AB13)=7,IF(IFERROR(INDEX('データ'!$B$313:$J$677,MATCH(AB13,'データ'!$A$313:$A$677,0),$A$2),0)=0,"",INDEX('データ'!$B$313:$J$677,MATCH(AB13,'データ'!$A$313:$A$677,0),$A$2)),"") -> 3228 | AC14: =IF(MONTH(AC13)=7,IF(IFERROR(INDEX('データ'!$B$313:$J$677,MATCH(AC13,'データ'!$A$313:$A$677,0),$A$2),0)=0,"",INDEX('データ'!$B$313:$J$677,MATCH(AC13,'データ'!$A$313:$A$677,0),$A$2)),"") -> 3353 | AD14: =IF(MONTH(AD13)=7,IF(IFERROR(INDEX('データ'!$B$313:$J$677,MATCH(AD13,'データ'!$A$313:$A$677,0),$A$2),0)=0,"",INDEX('データ'!$B$313:$J$677,MATCH(AD13,'データ'!$A$313:$A$677,0),$A$2)),"") -> 3222 | AE14: =IF(MONTH(AE13)=7,IF(IFERROR(INDEX('データ'!$B$313:$J$677,MATCH(AE13,'データ'!$A$313:$A$677,0),$A$2),0)=0,"",INDEX('データ'!$B$313:$J$677,MATCH(AE13,'データ'!$A$313:$A$677,0),$A$2)),"") | AF14: =IF(MONTH(AF13)=7,IF(IFERROR(INDEX('データ'!$B$313:$J$677,MATCH(AF13,'データ'!$A$313:$A$677,0),$A$2),0)=0,"",INDEX('データ'!$B$313:$J$677,MATCH(AF13,'データ'!$A$313:$A$677,0),$A$2)),"")
B15: =DATE(2025,4,1)-WEEKDAY(DATE(2025,4,1),2)+29 -> 45775 | C15: =DATE(2025,4,1)-WEEKDAY(DATE(2025,4,1),2)+30 -> 45776 | D15: =DATE(2025,4,1)-WEEKDAY(DATE(2025,4,1),2)+31 -> 45777 | E15: =DATE(2025,4,1)-WEEKDAY(DATE(2025,4,1),2)+32 -> 45778 | F15: =DATE(2025,4,1)-WEEKDAY(DATE(2025,4,1),2)+33 -> 45779 | G15: =DATE(2025,4,1)-WEEKDAY(DATE(2025,4,1),2)+34 -> 45780 | H15: =DATE(2025,4,1)-WEEKDAY(DATE(2025,4,1),2)+35 -> 45781 | J15: =DATE(2025,5,1)-WEEKDAY(DATE(2025,5,1),2)+29 -> 45803 | K15: =DATE(2025,5,1)-WEEKDAY(DATE(2025,5,1),2)+30 -> 45804 | L15: =DATE(2025,5,1)-WEEKDAY(DATE(2025,5,1),2)+31 -> 45805 | M15: =DATE(2025,5,1)-WEEKDAY(DATE(2025,5,1),2)+32 -> 45806 | N15: =DATE(2025,5,1)-WEEKDAY(DATE(2025,5,1),2)+33 -> 45807 | O15: =DATE(2025,5,1)-WEEKDAY(DATE(2025,5,1),2)+34 -> 45808 | P15: =DATE(2025,5,1)-WEEKDAY(DATE(2025,5,1),2)+35 -> 45809 | R15: =DATE(2025,6,1)-WEEKDAY(DATE(2025,6,1),2)+29 -> 45831 | S15: =DATE(2025,6,1)-WEEKDAY(DATE(2025,6,1),2)+30 -> 45832 | T15: =DATE(2025,6,1)-WEEKDAY(DATE(2025,6,1),2)+31 -> 45833 | U15: =DATE(2025,6,1)-WEEKDAY(DATE(2025,6,1),2)+32 -> 45834 | V15: =DATE(2025,6,1)-WEEKDAY(DATE(2025,6,1),2)+33 -> 45835 | W15: =DATE(2025,6,1)-WEEKDAY(DATE(2025,6,1),2)+34 -> 45836 | X15: =DATE(2025,6,1)-WEEKDAY(DATE(2025,6,1),2)+35 -> 45837 | Z15: =DATE(2025,7,1)-WEEKDAY(DATE(2025,7,1),2)+29 -> 45866 | AA15: =DATE(2025,7,1)-WEEKDAY(DATE(2025,7,1),2)+30 -> 45867 | AB15: =DATE(2025,7,1)-WEEKDAY(DATE(2025,7,1),2)+31 -> 45868 | AC15: =DATE(2025,7,1)-WEEKDAY(DATE(2025,7,1),2)+32 -> 45869 | AD15: =DATE(2025,7,1)-WEEKDAY(DATE(2025,7,1),2)+33 -> 45870 | AE15: =DATE(2025,7,1)-WEEKDAY(DATE(2025,7,1),2)+34 -> 45871 | AF15: =DATE(2025,7,1)-WEEKDAY(DATE(2025,7,1),2)+35 -> 45872
B16: =IF(MONTH(B15)=4,IF(IFERROR(INDEX('データ'!$B$313:$J$677,MATCH(B15,'データ'!$A$313:$A$677,0),$A$2),0)=0,"",INDEX('データ'!$B$313:$J$677,MATCH(B15,'データ'!$A$313:$A$677,0),$A$2)),"") -> 4494 | C16: =IF(MONTH(C15)=4,IF(IFERROR(INDEX('データ'!$B$313:$J$677,MATCH(C15,'データ'!$A$313:$A$677,0),$A$2),0)=0,"",INDEX('データ'!$B$313:$J$677,MATCH(C15,'データ'!$A$313:$A$677,0),$A$2)),"") | D16: =IF(MONTH(D15)=4,IF(IFERROR(INDEX('データ'!$B$313:$J$677,MATCH(D15,'データ'!$A$313:$A$677,0),$A$2),0)=0,"",INDEX('データ'!$B$313:$J$677,MATCH(D15,'データ'!$A$313:$A$677,0),$A$2)),"") -> 4200 | E16: =IF(MONTH(E15)=4,IF(IFERROR(INDEX('データ'!$B$313:$J$677,MATCH(E15,'データ'!$A$313:$A$677,0),$A$2),0)=0,"",INDEX('データ'!$B$313:$J$677,MATCH(E15,'データ'!$A$313:$A$677,0),$A$2)),"") | F16: =IF(MONTH(F15)=4,IF(IFERROR(INDEX('データ'!$B$313:$J$677,MATCH(F15,'データ'!$A$313:$A$677,0),$A$2),0)=0,"",INDEX('データ'!$B$313:$J$677,MATCH(F15,'データ'!$A$313:$A$677,0),$A$2)),"") | G16: =IF(MONTH(G15)=4,IF(IFERROR(INDEX('データ'!$B$313:$J$677,MATCH(G15,'データ'!$A$313:$A$677,0),$A$2),0)=0,"",INDEX('データ'!$B$313:$J$677,MATCH(G15,'データ'!$A$313:$A$677,0),$A$2)),"") | H16: =IF(MONTH(H15)=4,IF(IFERROR(INDEX('データ'!$B$313:$J$677,MATCH(H15,'データ'!$A$313:$A$677,0),$A$2),0)=0,"",INDEX('データ'!$B$313:$J$677,MATCH(H15,'データ'!$A$313:$A$677,0),$A$2)),"") | J16: =IF(MONTH(J15)=5,IF(IFERROR(INDEX('データ'!$B$313:$J$677,MATCH(J15,'データ'!$A$313:$A$677,0),$A$2),0)=0,"",INDEX('データ'!$B$313:$J$677,MATCH(J15,'データ'!$A$313:$A$677,0),$A$2)),"") -> 3543 | K16: =IF(MONTH(K15)=5,IF(IFERROR(INDEX('データ'!$B$313:$J$677,MATCH(K15,'データ'!$A$313:$A$677,0),$A$2),0)=0,"",INDEX('データ'!$B$313:$J$677,MATCH(K15,'データ'!$A$313:$A$677,0),$A$2)),"") -> 3016 | L16: =IF(MONTH(L15)=5,IF(IFERROR(INDEX('データ'!$B$313:$J$677,MATCH(L15,'データ'!$A$313:$A$677,0),$A$2),0)=0,"",INDEX('データ'!$B$313:$J$677,MATCH(L15,'データ'!$A$313:$A$677,0),$A$2)),"") -> 2859 | M16: =IF(MONTH(M15)=5,IF(IFERROR(INDEX('データ'!$B$313:$J$677,MATCH(M15,'データ'!$A$313:$A$677,0),$A$2),0)=0,"",INDEX('データ'!$B$313:$J$677,MATCH(M15,'データ'!$A$313:$A$677,0),$A$2)),"") -> 2828 | N16: =IF(MONTH(N15)=5,IF(IFERROR(INDEX('データ'!$B$313:$J$677,MATCH(N15,'データ'!$A$313:$A$677,0),$A$2),0)=0,"",INDEX('データ'!$B$313:$J$677,MATCH(N15,'データ'!$A$313:$A$677,0),$A$2)),"") -> 2824 | O16: =IF(MONTH(O15)=5,IF(IFERROR(INDEX('データ'!$B$313:$J$677,MATCH(O15,'データ'!$A$313:$A$677,0),$A$2),0)=0,"",INDEX('データ'!$B$313:$J$677,MATCH(O15,'データ'!$A$313:$A$677,0),$A$2)),"") | P16: =IF(MONTH(P15)=5,IF(IFERROR(INDEX('データ'!$B$313:$J$677,MATCH(P15,'データ'!$A$313:$A$677,0),$A$2),0)=0,"",INDEX('データ'!$B$313:$J$677,MATCH(P15,'データ'!$A$313:$A$677,0),$A$2)),"") | R16: =IF(MONTH(R15)=6,IF(IFERROR(INDEX('データ'!$B$313:$J$677,MATCH(R15,'データ'!$A$313:$A$677,0),$A$2),0)=0,"",INDEX('データ'!$B$313:$J$677,MATCH(R15,'データ'!$A$313:$A$677,0),$A$2)),"") -> 3103 | S16: =IF(MONTH(S15)=6,IF(IFERROR(INDEX('データ'!$B$313:$J$677,MATCH(S15,'データ'!$A$313:$A$677,0),$A$2),0)=0,"",INDEX('データ'!$B$313:$J$677,MATCH(S15,'データ'!$A$313:$A$677,0),$A$2)),"") -> 2485 | T16: =IF(MONTH(T15)=6,IF(IFERROR(INDEX('データ'!$B$313:$J$677,MATCH(T15,'データ'!$A$313:$A$677,0),$A$2),0)=0,"",INDEX('データ'!$B$313:$J$677,MATCH(T15,'データ'!$A$313:$A$677,0),$A$2)),"") -> 2831 | U16: =IF(MONTH(U15)=6,IF(IFERROR(INDEX('データ'!$B$313:$J$677,MATCH(U15,'データ'!$A$313:$A$677,0),$A$2),0)=0,"",INDEX('データ'!$B$313:$J$677,MATCH(U15,'データ'!$A$313:$A$677,0),$A$2)),"") -> 2855 | V16: =IF(MONTH(V15)=6,IF(IFERROR(INDEX('データ'!$B$313:$J$677,MATCH(V15,'データ'!$A$313:$A$677,0),$A$2),0)=0,"",INDEX('データ'!$B$313:$J$677,MATCH(V15,'データ'!$A$313:$A$677,0),$A$2)),"") -> 3235 | W16: =IF(MONTH(W15)=6,IF(IFERROR(INDEX('データ'!$B$313:$J$677,MATCH(W15,'データ'!$A$313:$A$677,0),$A$2),0)=0,"",INDEX('データ'!$B$313:$J$677,MATCH(W15,'データ'!$A$313:$A$677,0),$A$2)),"") | X16: =IF(MONTH(X15)=6,IF(IFERROR(INDEX('データ'!$B$313:$J$677,MATCH(X15,'データ'!$A$313:$A$677,0),$A$2),0)=0,"",INDEX('データ'!$B$313:$J$677,MATCH(X15,'データ'!$A$313:$A$677,0),$A$2)),"") | Z16: =IF(MONTH(Z15)=7,IF(IFERROR(INDEX('データ'!$B$313:$J$677,MATCH(Z15,'データ'!$A$313:$A$677,0),$A$2),0)=0,"",INDEX('データ'!$B$313:$J$677,MATCH(Z15,'データ'!$A$313:$A$677,0),$A$2)),"") -> 3634 | AA16: =IF(MONTH(AA15)=7,IF(IFERROR(INDEX('データ'!$B$313:$J$677,MATCH(AA15,'データ'!$A$313:$A$677,0),$A$2),0)=0,"",INDEX('データ'!$B$313:$J$677,MATCH(AA15,'データ'!$A$313:$A$677,0),$A$2)),"") -> 3178 | AB16: =IF(MONTH(AB15)=7,IF(IFERROR(INDEX('データ'!$B$313:$J$677,MATCH(AB15,'データ'!$A$313:$A$677,0),$A$2),0)=0,"",INDEX('データ'!$B$313:$J$677,MATCH(AB15,'データ'!$A$313:$A$677,0),$A$2)),"") -> 3046 | AC16: =IF(MONTH(AC15)=7,IF(IFERROR(INDEX('データ'!$B$313:$J$677,MATCH(AC15,'データ'!$A$313:$A$677,0),$A$2),0)=0,"",INDEX('データ'!$B$313:$J$677,MATCH(AC15,'データ'!$A$313:$A$677,0),$A$2)),"") -> 2763 | AD16: =IF(MONTH(AD15)=7,IF(IFERROR(INDEX('データ'!$B$313:$J$677,MATCH(AD15,'データ'!$A$313:$A$677,0),$A$2),0)=0,"",INDEX('データ'!$B$313:$J$677,MATCH(AD15,'データ'!$A$313:$A$677,0),$A$2)),"") | AE16: =IF(MONTH(AE15)=7,IF(IFERROR(INDEX('データ'!$B$313:$J$677,MATCH(AE15,'データ'!$A$313:$A$677,0),$A$2),0)=0,"",INDEX('データ'!$B$313:$J$677,MATCH(AE15,'データ'!$A$313:$A$677,0),$A$2)),"") | AF16: =IF(MONTH(AF15)=7,IF(IFERROR(INDEX('データ'!$B$313:$J$677,MATCH(AF15,'データ'!$A$313:$A$677,0),$A$2),0)=0,"",INDEX('データ'!$B$313:$J$677,MATCH(AF15,'データ'!$A$313:$A$677,0),$A$2)),"")
B17: =DATE(2025,4,1)-WEEKDAY(DATE(2025,4,1),2)+36 -> 45782 | C17: =DATE(2025,4,1)-WEEKDAY(DATE(2025,4,1),2)+37 -> 45783 | D17: =DATE(2025,4,1)-WEEKDAY(DATE(2025,4,1),2)+38 -> 45784 | E17: =DATE(2025,4,1)-WEEKDAY(DATE(2025,4,1),2)+39 -> 45785 | F17: =DATE(2025,4,1)-WEEKDAY(DATE(2025,4,1),2)+40 -> 45786 | G17: =DATE(2025,4,1)-WEEKDAY(DATE(2025,4,1),2)+41 -> 45787 | H17: =DATE(2025,4,1)-WEEKDAY(DATE(2025,4,1),2)+42 -> 45788 | J17: =DATE(2025,5,1)-WEEKDAY(DATE(2025,5,1),2)+36 -> 45810 | K17: =DATE(2025,5,1)-WEEKDAY(DATE(2025,5,1),2)+37 -> 45811 | L17: =DATE(2025,5,1)-WEEKDAY(DATE(2025,5,1),2)+38 -> 45812 | M17: =DATE(2025,5,1)-WEEKDAY(DATE(2025,5,1),2)+39 -> 45813 | N17: =DATE(2025,5,1)-WEEKDAY(DATE(2025,5,1),2)+40 -> 45814 | O17: =DATE(2025,5,1)-WEEKDAY(DATE(2025,5,1),2)+41 -> 45815 | P17: =DATE(2025,5,1)-WEEKDAY(DATE(2025,5,1),2)+42 -> 45816 | R17: =DATE(2025,6,1)-WEEKDAY(DATE(2025,6,1),2)+36 -> 45838 | S17: =DATE(2025,6,1)-WEEKDAY(DATE(2025,6,1),2)+37 -> 45839 | T17: =DATE(2025,6,1)-WEEKDAY(DATE(2025,6,1),2)+38 -> 45840 | U17: =DATE(2025,6,1)-WEEKDAY(DATE(2025,6,1),2)+39 -> 45841 | V17: =DATE(2025,6,1)-WEEKDAY(DATE(2025,6,1),2)+40 -> 45842 | W17: =DATE(2025,6,1)-WEEKDAY(DATE(2025,6,1),2)+41 -> 45843 | X17: =DATE(2025,6,1)-WEEKDAY(DATE(2025,6,1),2)+42 -> 45844 | Z17: =DATE(2025,7,1)-WEEKDAY(DATE(2025,7,1),2)+36 -> 45873 | AA17: =DATE(2025,7,1)-WEEKDAY(DATE(2025,7,1),2)+37 -> 45874 | AB17: =DATE(2025,7,1)-WEEKDAY(DATE(2025,7,1),2)+38 -> 45875 | AC17: =DATE(2025,7,1)-WEEKDAY(DATE(2025,7,1),2)+39 -> 45876 | AD17: =DATE(2025,7,1)-WEEKDAY(DATE(2025,7,1),2)+40 -> 45877 | AE17: =DATE(2025,7,1)-WEEKDAY(DATE(2025,7,1),2)+41 -> 45878 | AF17: =DATE(2025,7,1)-WEEKDAY(DATE(2025,7,1),2)+42 -> 45879
B18: =IF(MONTH(B17)=4,IF(IFERROR(INDEX('データ'!$B$313:$J$677,MATCH(B17,'データ'!$A$313:$A$677,0),$A$2),0)=0,"",INDEX('データ'!$B$313:$J$677,MATCH(B17,'データ'!$A$313:$A$677,0),$A$2)),"") | C18: =IF(MONTH(C17)=4,IF(IFERROR(INDEX('データ'!$B$313:$J$677,MATCH(C17,'データ'!$A$313:$A$677,0),$A$2),0)=0,"",INDEX('データ'!$B$313:$J$677,MATCH(C17,'データ'!$A$313:$A$677,0),$A$2)),"") | D18: =IF(MONTH(D17)=4,IF(IFERROR(INDEX('データ'!$B$313:$J$677,MATCH(D17,'データ'!$A$313:$A$677,0),$A$2),0)=0,"",INDEX('データ'!$B$313:$J$677,MATCH(D17,'データ'!$A$313:$A$677,0),$A$2)),"") | E18: =IF(MONTH(E17)=4,IF(IFERROR(INDEX('データ'!$B$313:$J$677,MATCH(E17,'データ'!$A$313:$A$677,0),$A$2),0)=0,"",INDEX('データ'!$B$313:$J$677,MATCH(E17,'データ'!$A$313:$A$677,0),$A$2)),"") | F18: =IF(MONTH(F17)=4,IF(IFERROR(INDEX('データ'!$B$313:$J$677,MATCH(F17,'データ'!$A$313:$A$677,0),$A$2),0)=0,"",INDEX('データ'!$B$313:$J$677,MATCH(F17,'データ'!$A$313:$A$677,0),$A$2)),"") | G18: =IF(MONTH(G17)=4,IF(IFERROR(INDEX('データ'!$B$313:$J$677,MATCH(G17,'データ'!$A$313:$A$677,0),$A$2),0)=0,"",INDEX('データ'!$B$313:$J$677,MATCH(G17,'データ'!$A$313:$A$677,0),$A$2)),"") | H18: =IF(MONTH(H17)=4,IF(IFERROR(INDEX('データ'!$B$313:$J$677,MATCH(H17,'データ'!$A$313:$A$677,0),$A$2),0)=0,"",INDEX('データ'!$B$313:$J$677,MATCH(H17,'データ'!$A$313:$A$677,0),$A$2)),"") | J18: =IF(MONTH(J17)=5,IF(IFERROR(INDEX('データ'!$B$313:$J$677,MATCH(J17,'データ'!$A$313:$A$677,0),$A$2),0)=0,"",INDEX('データ'!$B$313:$J$677,MATCH(J17,'データ'!$A$313:$A$677,0),$A$2)),"") | K18: =IF(MONTH(K17)=5,IF(IFERROR(INDEX('データ'!$B$313:$J$677,MATCH(K17,'データ'!$A$313:$A$677,0),$A$2),0)=0,"",INDEX('データ'!$B$313:$J$677,MATCH(K17,'データ'!$A$313:$A$677,0),$A$2)),"") | L18: =IF(MONTH(L17)=5,IF(IFERROR(INDEX('データ'!$B$313:$J$677,MATCH(L17,'データ'!$A$313:$A$677,0),$A$2),0)=0,"",INDEX('データ'!$B$313:$J$677,MATCH(L17,'データ'!$A$313:$A$677,0),$A$2)),"") | M18: =IF(MONTH(M17)=5,IF(IFERROR(INDEX('データ'!$B$313:$J$677,MATCH(M17,'データ'!$A$313:$A$677,0),$A$2),0)=0,"",INDEX('データ'!$B$313:$J$677,MATCH(M17,'データ'!$A$313:$A$677,0),$A$2)),"") | N18: =IF(MONTH(N17)=5,IF(IFERROR(INDEX('データ'!$B$313:$J$677,MATCH(N17,'データ'!$A$313:$A$677,0),$A$2),0)=0,"",INDEX('データ'!$B$313:$J$677,MATCH(N17,'データ'!$A$313:$A$677,0),$A$2)),"") | O18: =IF(MONTH(O17)=5,IF(IFERROR(INDEX('データ'!$B$313:$J$677,MATCH(O17,'データ'!$A$313:$A$677,0),$A$2),0)=0,"",INDEX('データ'!$B$313:$J$677,MATCH(O17,'データ'!$A$313:$A$677,0),$A$2)),"") | P18: =IF(MONTH(P17)=5,IF(IFERROR(INDEX('データ'!$B$313:$J$677,MATCH(P17,'データ'!$A$313:$A$677,0),$A$2),0)=0,"",INDEX('データ'!$B$313:$J$677,MATCH(P17,'データ'!$A$313:$A$677,0),$A$2)),"") | R18: =IF(MONTH(R17)=6,IF(IFERROR(INDEX('データ'!$B$313:$J$677,MATCH(R17,'データ'!$A$313:$A$677,0),$A$2),0)=0,"",INDEX('データ'!$B$313:$J$677,MATCH(R17,'データ'!$A$313:$A$677,0),$A$2)),"") -> 3630 | S18: =IF(MONTH(S17)=6,IF(IFERROR(INDEX('データ'!$B$313:$J$677,MATCH(S17,'データ'!$A$313:$A$677,0),$A$2),0)=0,"",INDEX('データ'!$B$313:$J$677,MATCH(S17,'データ'!$A$313:$A$677,0),$A$2)),"") | T18: =IF(MONTH(T17)=6,IF(IFERROR(INDEX('データ'!$B$313:$J$677,MATCH(T17,'データ'!$A$313:$A$677,0),$A$2),0)=0,"",INDEX('データ'!$B$313:$J$677,MATCH(T17,'データ'!$A$313:$A$677,0),$A$2)),"") | U18: =IF(MONTH(U17)=6,IF(IFERROR(INDEX('データ'!$B$313:$J$677,MATCH(U17,'データ'!$A$313:$A$677,0),$A$2),0)=0,"",INDEX('データ'!$B$313:$J$677,MATCH(U17,'データ'!$A$313:$A$677,0),$A$2)),"") | V18: =IF(MONTH(V17)=6,IF(IFERROR(INDEX('データ'!$B$313:$J$677,MATCH(V17,'データ'!$A$313:$A$677,0),$A$2),0)=0,"",INDEX('データ'!$B$313:$J$677,MATCH(V17,'データ'!$A$313:$A$677,0),$A$2)),"") | W18: =IF(MONTH(W17)=6,IF(IFERROR(INDEX('データ'!$B$313:$J$677,MATCH(W17,'データ'!$A$313:$A$677,0),$A$2),0)=0,"",INDEX('データ'!$B$313:$J$677,MATCH(W17,'データ'!$A$313:$A$677,0),$A$2)),"") | X18: =IF(MONTH(X17)=6,IF(IFERROR(INDEX('データ'!$B$313:$J$677,MATCH(X17,'データ'!$A$313:$A$677,0),$A$2),0)=0,"",INDEX('データ'!$B$313:$J$677,MATCH(X17,'データ'!$A$313:$A$677,0),$A$2)),"") | Z18: =IF(MONTH(Z17)=7,IF(IFERROR(INDEX('データ'!$B$313:$J$677,MATCH(Z17,'データ'!$A$313:$A$677,0),$A$2),0)=0,"",INDEX('データ'!$B$313:$J$677,MATCH(Z17,'データ'!$A$313:$A$677,0),$A$2)),"") | AA18: =IF(MONTH(AA17)=7,IF(IFERROR(INDEX('データ'!$B$313:$J$677,MATCH(AA17,'データ'!$A$313:$A$677,0),$A$2),0)=0,"",INDEX('データ'!$B$313:$J$677,MATCH(AA17,'データ'!$A$313:$A$677,0),$A$2)),"") | AB18: =IF(MONTH(AB17)=7,IF(IFERROR(INDEX('データ'!$B$313:$J$677,MATCH(AB17,'データ'!$A$313:$A$677,0),$A$2),0)=0,"",INDEX('データ'!$B$313:$J$677,MATCH(AB17,'データ'!$A$313:$A$677,0),$A$2)),"") | AC18: =IF(MONTH(AC17)=7,IF(IFERROR(INDEX('データ'!$B$313:$J$677,MATCH(AC17,'データ'!$A$313:$A$677,0),$A$2),0)=0,"",INDEX('データ'!$B$313:$J$677,MATCH(AC17,'データ'!$A$313:$A$677,0),$A$2)),"") | AD18: =IF(MONTH(AD17)=7,IF(IFERROR(INDEX('データ'!$B$313:$J$677,MATCH(AD17,'データ'!$A$313:$A$677,0),$A$2),0)=0,"",INDEX('データ'!$B$313:$J$677,MATCH(AD17,'データ'!$A$313:$A$677,0),$A$2)),"") | AE18: =IF(MONTH(AE17)=7,IF(IFERROR(INDEX('データ'!$B$313:$J$677,MATCH(AE17,'データ'!$A$313:$A$677,0),$A$2),0)=0,"",INDEX('データ'!$B$313:$J$677,MATCH(AE17,'データ'!$A$313:$A$677,0),$A$2)),"") | AF18: =IF(MONTH(AF17)=7,IF(IFERROR(INDEX('データ'!$B$313:$J$677,MATCH(AF17,'データ'!$A$313:$A$677,0),$A$2),0)=0,"",INDEX('データ'!$B$313:$J$677,MATCH(AF17,'データ'!$A$313:$A$677,0),$A$2)),"")
B20: 2025年8月 | J20: 2025年9月 | R20: 2025年10月 | Z20: 2025年11月
B21: 月 | C21: 火 | D21: 水 | E21: 木 | F21: 金 | G21: 土 | H21: 日 | J21: 月 | K21: 火 | L21: 水 | M21: 木 | N21: 金 | O21: 土 | P21: 日 | R21: 月 | S21: 火 | T21: 水 | U21: 木 | V21: 金 | W21: 土 | X21: 日 | Z21: 月 | AA21: 火 | AB21: 水 | AC21: 木 | AD21: 金 | AE21: 土 | AF21: 日
B22: =DATE(2025,8,1)-WEEKDAY(DATE(2025,8,1),2)+1 -> 45866 | C22: =DATE(2025,8,1)-WEEKDAY(DATE(2025,8,1),2)+2 -> 45867 | D22: =DATE(2025,8,1)-WEEKDAY(DATE(2025,8,1),2)+3 -> 45868 | E22: =DATE(2025,8,1)-WEEKDAY(DATE(2025,8,1),2)+4 -> 45869 | F22: =DATE(2025,8,1)-WEEKDAY(DATE(2025,8,1),2)+5 -> 45870 | G22: =DATE(2025,8,1)-WEEKDAY(DATE(2025,8,1),2)+6 -> 45871 | H22: =DATE(2025,8,1)-WEEKDAY(DATE(2025,8,1),2)+7 -> 45872 | J22: =DATE(2025,9,1)-WEEKDAY(DATE(2025,9,1),2)+1 -> 45901 | K22: =DATE(2025,9,1)-WEEKDAY(DATE(2025,9,1),2)+2 -> 45902 | L22: =DATE(2025,9,1)-WEEKDAY(DATE(2025,9,1),2)+3 -> 45903 | M22: =DATE(2025,9,1)-WEEKDAY(DATE(2025,9,1),2)+4 -> 45904 | N22: =DATE(2025,9,1)-WEEKDAY(DATE(2025,9,1),2)+5 -> 45905 | O22: =DATE(2025,9,1)-WEEKDAY(DATE(2025,9,1),2)+6 -> 45906 | P22: =DATE(2025,9,1)-WEEKDAY(DATE(2025,9,1),2)+7 -> 45907 | R22: =DATE(2025,10,1)-WEEKDAY(DATE(2025,10,1),2)+1 -> 45929 | S22: =DATE(2025,10,1)-WEEKDAY(DATE(2025,10,1),2)+2 -> 45930 | T22: =DATE(2025,10,1)-WEEKDAY(DATE(2025,10,1),2)+3 -> 45931 | U22: =DATE(2025,10,1)-WEEKDAY(DATE(2025,10,1),2)+4 -> 45932 | V22: =DATE(2025,10,1)-WEEKDAY(DATE(2025,10,1),2)+5 -> 45933 | W22: =DATE(2025,10,1)-WEEKDAY(DATE(2025,10,1),2)+6 -> 45934 | X22: =DATE(2025,10,1)-WEEKDAY(DATE(2025,10,1),2)+7 -> 45935 | Z22: =DATE(2025,11,1)-WEEKDAY(DATE(2025,11,1),2)+1 -> 45957 | AA22: =DATE(2025,11,1)-WEEKDAY(DATE(2025,11,1),2)+2 -> 45958 | AB22: =DATE(2025,11,1)-WEEKDAY(DATE(2025,11,1),2)+3 -> 45959 | AC22: =DATE(2025,11,1)-WEEKDAY(DATE(2025,11,1),2)+4 -> 45960 | AD22: =DATE(2025,11,1)-WEEKDAY(DATE(2025,11,1),2)+5 -> 45961 | AE22: =DATE(2025,11,1)-WEEKDAY(DATE(2025,11,1),2)+6 -> 45962 | AF22: =DATE(2025,11,1)-WEEKDAY(DATE(2025,11,1),2)+7 -> 45963
B23: =IF(MONTH(B22)=8,IF(IFERROR(INDEX('データ'!$B$313:$J$677,MATCH(B22,'データ'!$A$313:$A$677,0),$A$2),0)=0,"",INDEX('データ'!$B$313:$J$677,MATCH(B22,'データ'!$A$313:$A$677,0),$A$2)),"") | C23: =IF(MONTH(C22)=8,IF(IFERROR(INDEX('データ'!$B$313:$J$677,MATCH(C22,'データ'!$A$313:$A$677,0),$A$2),0)=0,"",INDEX('データ'!$B$313:$J$677,MATCH(C22,'データ'!$A$313:$A$677,0),$A$2)),"") | D23: =IF(MONTH(D22)=8,IF(IFERROR(INDEX('データ'!$B$313:$J$677,MATCH(D22,'データ'!$A$313:$A$677,0),$A$2),0)=0,"",INDEX('データ'!$B$313:$J$677,MATCH(D22,'データ'!$A$313:$A$677,0),$A$2)),"") | E23: =IF(MONTH(E22)=8,IF(IFERROR(INDEX('データ'!$B$313:$J$677,MATCH(E22,'データ'!$A$313:$A$677,0),$A$2),0)=0,"",INDEX('データ'!$B$313:$J$677,MATCH(E22,'データ'!$A$313:$A$677,0),$A$2)),"") | F23: =IF(MONTH(F22)=8,IF(IFERROR(INDEX('データ'!$B$313:$J$677,MATCH(F22,'データ'!$A$313:$A$677,0),$A$2),0)=0,"",INDEX('データ'!$B$313:$J$677,MATCH(F22,'データ'!$A$313:$A$677,0),$A$2)),"") -> 3293 | G23: =IF(MONTH(G22)=8,IF(IFERROR(INDEX('データ'!$B$313:$J$677,MATCH(G22,'データ'!$A$313:$A$677,0),$A$2),0)=0,"",INDEX('データ'!$B$313:$J$677,MATCH(G22,'データ'!$A$313:$A$677,0),$A$2)),"") | H23: =IF(MONTH(H22)=8,IF(IFERROR(INDEX('データ'!$B$313:$J$677,MATCH(H22,'データ'!$A$313:$A$677,0),$A$2),0)=0,"",INDEX('データ'!$B$313:$J$677,MATCH(H22,'データ'!$A$313:$A$677,0),$A$2)),"") | J23: =IF(MONTH(J22)=9,IF(IFERROR(INDEX('データ'!$B$313:$J$677,MATCH(J22,'データ'!$A$313:$A$677,0),$A$2),0)=0,"",INDEX('データ'!$B$313:$J$677,MATCH(J22,'データ'!$A$313:$A$677,0),$A$2)),"") -> 2953 | K23: =IF(MONTH(K22)=9,IF(IFERROR(INDEX('データ'!$B$313:$J$677,MATCH(K22,'データ'!$A$313:$A$677,0),$A$2),0)=0,"",INDEX('データ'!$B$313:$J$677,MATCH(K22,'データ'!$A$313:$A$677,0),$A$2)),"") -> 2737 | L23: =IF(MONTH(L22)=9,IF(IFERROR(INDEX('データ'!$B$313:$J$677,MATCH(L22,'データ'!$A$313:$A$677,0),$A$2),0)=0,"",INDEX('データ'!$B$313:$J$677,MATCH(L22,'データ'!$A$313:$A$677,0),$A$2)),"") -> 2926 | M23: =IF(MONTH(M22)=9,IF(IFERROR(INDEX('データ'!$B$313:$J$677,MATCH(M22,'データ'!$A$313:$A$677,0),$A$2),0)=0,"",INDEX('データ'!$B$313:$J$677,MATCH(M22,'データ'!$A$313:$A$677,0),$A$2)),"") -> 2421 | N23: =IF(MONTH(N22)=9,IF(IFERROR(INDEX('データ'!$B$313:$J$677,MATCH(N22,'データ'!$A$313:$A$677,0),$A$2),0)=0,"",INDEX('データ'!$B$313:$J$677,MATCH(N22,'データ'!$A$313:$A$677,0),$A$2)),"") -> 2801 | O23: =IF(MONTH(O22)=9,IF(IFERROR(INDEX('データ'!$B$313:$J$677,MATCH(O22,'データ'!$A$313:$A$677,0),$A$2),0)=0,"",INDEX('データ'!$B$313:$J$677,MATCH(O22,'データ'!$A$313:$A$677,0),$A$2)),"") | P23: =IF(MONTH(P22)=9,IF(IFERROR(INDEX('データ'!$B$313:$J$677,MATCH(P22,'データ'!$A$313:$A$677,0),$A$2),0)=0,"",INDEX('データ'!$B$313:$J$677,MATCH(P22,'データ'!$A$313:$A$677,0),$A$2)),"") | R23: =IF(MONTH(R22)=10,IF(IFERROR(INDEX('データ'!$B$313:$J$677,MATCH(R22,'データ'!$A$313:$A$677,0),$A$2),0)=0,"",INDEX('データ'!$B$313:$J$677,MATCH(R22,'データ'!$A$313:$A$677,0),$A$2)),"") | S23: =IF(MONTH(S22)=10,IF(IFERROR(INDEX('データ'!$B$313:$J$677,MATCH(S22,'データ'!$A$313:$A$677,0),$A$2),0)=0,"",INDEX('データ'!$B$313:$J$677,MATCH(S22,'データ'!$A$313:$A$677,0),$A$2)),"") | T23: =IF(MONTH(T22)=10,IF(IFERROR(INDEX('データ'!$B$313:$J$677,MATCH(T22,'データ'!$A$313:$A$677,0),$A$2),0)=0,"",INDEX('データ'!$B$313:$J$677,MATCH(T22,'データ'!$A$313:$A$677,0),$A$2)),"") -> 3254 | U23: =IF(MONTH(U22)=10,IF(IFERROR(INDEX('データ'!$B$313:$J$677,MATCH(U22,'データ'!$A$313:$A$677,0),$A$2),0)=0,"",INDEX('データ'!$B$313:$J$677,MATCH(U22,'データ'!$A$313:$A$677,0),$A$2)),"") -> 2900 | V23: =IF(MONTH(V22)=10,IF(IFERROR(INDEX('データ'!$B$313:$J$677,MATCH(V22,'データ'!$A$313:$A$677,0),$A$2),0)=0,"",INDEX('データ'!$B$313:$J$677,MATCH(V22,'データ'!$A$313:$A$677,0),$A$2)),"") -> 2797 | W23: =IF(MONTH(W22)=10,IF(IFERROR(INDEX('データ'!$B$313:$J$677,MATCH(W22,'データ'!$A$313:$A$677,0),$A$2),0)=0,"",INDEX('データ'!$B$313:$J$677,MATCH(W22,'データ'!$A$313:$A$677,0),$A$2)),"") | X23: =IF(MONTH(X22)=10,IF(IFERROR(INDEX('データ'!$B$313:$J$677,MATCH(X22,'データ'!$A$313:$A$677,0),$A$2),0)=0,"",INDEX('データ'!$B$313:$J$677,MATCH(X22,'データ'!$A$313:$A$677,0),$A$2)),"") | Z23: =IF(MONTH(Z22)=11,IF(IFERROR(INDEX('データ'!$B$313:$J$677,MATCH(Z22,'データ'!$A$313:$A$677,0),$A$2),0)=0,"",INDEX('データ'!$B$313:$J$677,MATCH(Z22,'データ'!$A$313:$A$677,0),$A$2)),"") | AA23: =IF(MONTH(AA22)=11,IF(IFERROR(INDEX('データ'!$B$313:$J$677,MATCH(AA22,'データ'!$A$313:$A$677,0),$A$2),0)=0,"",INDEX('データ'!$B$313:$J$677,MATCH(AA22,'データ'!$A$313:$A$677,0),$A$2)),"") | AB23: =IF(MONTH(AB22)=11,IF(IFERROR(INDEX('データ'!$B$313:$J$677,MATCH(AB22,'データ'!$A$313:$A$677,0),$A$2),0)=0,"",INDEX('データ'!$B$313:$J$677,MATCH(AB22,'データ'!$A$313:$A$677,0),$A$2)),"") | AC23: =IF(MONTH(AC22)=11,IF(IFERROR(INDEX('データ'!$B$313:$J$677,MATCH(AC22,'データ'!$A$313:$A$677,0),$A$2),0)=0,"",INDEX('データ'!$B$313:$J$677,MATCH(AC22,'データ'!$A$313:$A$677,0),$A$2)),"") | AD23: =IF(MONTH(AD22)=11,IF(IFERROR(INDEX('データ'!$B$313:$J$677,MATCH(AD22,'データ'!$A$313:$A$677,0),$A$2),0)=0,"",INDEX('データ'!$B$313:$J$677,MATCH(AD22,'データ'!$A$313:$A$677,0),$A$2)),"") | AE23: =IF(MONTH(AE22)=11,IF(IFERROR(INDEX('データ'!$B$313:$J$677,MATCH(AE22,'データ'!$A$313:$A$677,0),$A$2),0)=0,"",INDEX('データ'!$B$313:$J$677,MATCH(AE22,'データ'!$A$313:$A$677,0),$A$2)),"") | AF23: =IF(MONTH(AF22)=11,IF(IFERROR(INDEX('データ'!$B$313:$J$677,MATCH(AF22,'データ'!$A$313:$A$677,0),$A$2),0)=0,"",INDEX('データ'!$B$313:$J$677,MATCH(AF22,'データ'!$A$313:$A$677,0),$A$2)),"")
B24: =DATE(2025,8,1)-WEEKDAY(DATE(2025,8,1),2)+8 -> 45873 | C24: =DATE(2025,8,1)-WEEKDAY(DATE(2025,8,1),2)+9 -> 45874 | D24: =DATE(2025,8,1)-WEEKDAY(DATE(2025,8,1),2)+10 -> 45875 | E24: =DATE(2025,8,1)-WEEKDAY(DATE(2025,8,1),2)+11 -> 45876 | F24: =DATE(2025,8,1)-WEEKDAY(DATE(2025,8,1),2)+12 -> 45877 | G24: =DATE(2025,8,1)-WEEKDAY(DATE(2025,8,1),2)+13 -> 45878 | H24: =DATE(2025,8,1)-WEEKDAY(DATE(2025,8,1),2)+14 -> 45879 | J24: =DATE(2025,9,1)-WEEKDAY(DATE(2025,9,1),2)+8 -> 45908 | K24: =DATE(2025,9,1)-WEEKDAY(DATE(2025,9,1),2)+9 -> 45909 | L24: =DATE(2025,9,1)-WEEKDAY(DATE(2025,9,1),2)+10 -> 45910 | M24: =DATE(2025,9,1)-WEEKDAY(DATE(2025,9,1),2)+11 -> 45911 | N24: =DATE(2025,9,1)-WEEKDAY(DATE(2025,9,1),2)+12 -> 45912 | O24: =DATE(2025,9,1)-WEEKDAY(DATE(2025,9,1),2)+13 -> 45913 | P24: =DATE(2025,9,1)-WEEKDAY(DATE(2025,9,1),2)+14 -> 45914 | R24: =DATE(2025,10,1)-WEEKDAY(DATE(2025,10,1),2)+8 -> 45936 | S24: =DATE(2025,10,1)-WEEKDAY(DATE(2025,10,1),2)+9 -> 45937 | T24: =DATE(2025,10,1)-WEEKDAY(DATE(2025,10,1),2)+10 -> 45938 | U24: =DATE(2025,10,1)-WEEKDAY(DATE(2025,10,1),2)+11 -> 45939 | V24: =DATE(2025,10,1)-WEEKDAY(DATE(2025,10,1),2)+12 -> 45940 | W24: =DATE(2025,10,1)-WEEKDAY(DATE(2025,10,1),2)+13 -> 45941 | X24: =DATE(2025,10,1)-WEEKDAY(DATE(2025,10,1),2)+14 -> 45942 | Z24: =DATE(2025,11,1)-WEEKDAY(DATE(2025,11,1),2)+8 -> 45964 | AA24: =DATE(2025,11,1)-WEEKDAY(DATE(2025,11,1),2)+9 -> 45965 | AB24: =DATE(2025,11,1)-WEEKDAY(DATE(2025,11,1),2)+10 -> 45966 | AC24: =DATE(2025,11,1)-WEEKDAY(DATE(2025,11,1),2)+11 -> 45967 | AD24: =DATE(2025,11,1)-WEEKDAY(DATE(2025,11,1),2)+12 -> 45968 | AE24: =DATE(2025,11,1)-WEEKDAY(DATE(2025,11,1),2)+13 -> 45969 | AF24: =DATE(2025,11,1)-WEEKDAY(DATE(2025,11,1),2)+14 -> 45970
B25: =IF(MONTH(B24)=8,IF(IFERROR(INDEX('データ'!$B$313:$J$677,MATCH(B24,'データ'!$A$313:$A$677,0),$A$2),0)=0,"",INDEX('データ'!$B$313:$J$677,MATCH(B24,'データ'!$A$313:$A$677,0),$A$2)),"") -> 3262 | C25: =IF(MONTH(C24)=8,IF(IFERROR(INDEX('データ'!$B$313:$J$677,MATCH(C24,'データ'!$A$313:$A$677,0),$A$2),0)=0,"",INDEX('データ'!$B$313:$J$677,MATCH(C24,'データ'!$A$313:$A$677,0),$A$2)),"") -> 2902 | D25: =IF(MONTH(D24)=8,IF(IFERROR(INDEX('データ'!$B$313:$J$677,MATCH(D24,'データ'!$A$313:$A$677,0),$A$2),0)=0,"",INDEX('データ'!$B$313:$J$677,MATCH(D24,'データ'!$A$313:$A$677,0),$A$2)),"") | E25: =IF(MONTH(E24)=8,IF(IFERROR(INDEX('データ'!$B$313:$J$677,MATCH(E24,'データ'!$A$313:$A$677,0),$A$2),0)=0,"",INDEX('データ'!$B$313:$J$677,MATCH(E24,'データ'!$A$313:$A$677,0),$A$2)),"") -> 3722 | F25: =IF(MONTH(F24)=8,IF(IFERROR(INDEX('データ'!$B$313:$J$677,MATCH(F24,'データ'!$A$313:$A$677,0),$A$2),0)=0,"",INDEX('データ'!$B$313:$J$677,MATCH(F24,'データ'!$A$313:$A$677,0),$A$2)),"") -> 3400 | G25: =IF(MONTH(G24)=8,IF(IFERROR(INDEX('データ'!$B$313:$J$677,MATCH(G24,'データ'!$A$313:$A$677,0),$A$2),0)=0,"",INDEX('データ'!$B$313:$J$677,MATCH(G24,'データ'!$A$313:$A$677,0),$A$2)),"") | H25: =IF(MONTH(H24)=8,IF(IFERROR(INDEX('データ'!$B$313:$J$677,MATCH(H24,'データ'!$A$313:$A$677,0),$A$2),0)=0,"",INDEX('データ'!$B$313:$J$677,MATCH(H24,'データ'!$A$313:$A$677,0),$A$2)),"") | J25: =IF(MONTH(J24)=9,IF(IFERROR(INDEX('データ'!$B$313:$J$677,MATCH(J24,'データ'!$A$313:$A$677,0),$A$2),0)=0,"",INDEX('データ'!$B$313:$J$677,MATCH(J24,'データ'!$A$313:$A$677,0),$A$2)),"") -> 3051 | K25: =IF(MONTH(K24)=9,IF(IFERROR(INDEX('データ'!$B$313:$J$677,MATCH(K24,'データ'!$A$313:$A$677,0),$A$2),0)=0,"",INDEX('データ'!$B$313:$J$677,MATCH(K24,'データ'!$A$313:$A$677,0),$A$2)),"") -> 2772 | L25: =IF(MONTH(L24)=9,IF(IFERROR(INDEX('データ'!$B$313:$J$677,MATCH(L24,'データ'!$A$313:$A$677,0),$A$2),0)=0,"",INDEX('データ'!$B$313:$J$677,MATCH(L24,'データ'!$A$313:$A$677,0),$A$2)),"") -> 2348 | M25: =IF(MONTH(M24)=9,IF(IFERROR(INDEX('データ'!$B$313:$J$677,MATCH(M24,'データ'!$A$313:$A$677,0),$A$2),0)=0,"",INDEX('データ'!$B$313:$J$677,MATCH(M24,'データ'!$A$313:$A$677,0),$A$2)),"") -> 2644 | N25: =IF(MONTH(N24)=9,IF(IFERROR(INDEX('データ'!$B$313:$J$677,MATCH(N24,'データ'!$A$313:$A$677,0),$A$2),0)=0,"",INDEX('データ'!$B$313:$J$677,MATCH(N24,'データ'!$A$313:$A$677,0),$A$2)),"") -> 2877 | O25: =IF(MONTH(O24)=9,IF(IFERROR(INDEX('データ'!$B$313:$J$677,MATCH(O24,'データ'!$A$313:$A$677,0),$A$2),0)=0,"",INDEX('データ'!$B$313:$J$677,MATCH(O24,'データ'!$A$313:$A$677,0),$A$2)),"") | P25: =IF(MONTH(P24)=9,IF(IFERROR(INDEX('データ'!$B$313:$J$677,MATCH(P24,'データ'!$A$313:$A$677,0),$A$2),0)=0,"",INDEX('データ'!$B$313:$J$677,MATCH(P24,'データ'!$A$313:$A$677,0),$A$2)),"") -> 449 | R25: =IF(MONTH(R24)=10,IF(IFERROR(INDEX('データ'!$B$313:$J$677,MATCH(R24,'データ'!$A$313:$A$677,0),$A$2),0)=0,"",INDEX('データ'!$B$313:$J$677,MATCH(R24,'データ'!$A$313:$A$677,0),$A$2)),"") -> 3685 | S25: =IF(MONTH(S24)=10,IF(IFERROR(INDEX('データ'!$B$313:$J$677,MATCH(S24,'データ'!$A$313:$A$677,0),$A$2),0)=0,"",INDEX('データ'!$B$313:$J$677,MATCH(S24,'データ'!$A$313:$A$677,0),$A$2)),"") -> 2962 | T25: =IF(MONTH(T24)=10,IF(IFERROR(INDEX('データ'!$B$313:$J$677,MATCH(T24,'データ'!$A$313:$A$677,0),$A$2),0)=0,"",INDEX('データ'!$B$313:$J$677,MATCH(T24,'データ'!$A$313:$A$677,0),$A$2)),"") -> 3082 | U25: =IF(MONTH(U24)=10,IF(IFERROR(INDEX('データ'!$B$313:$J$677,MATCH(U24,'データ'!$A$313:$A$677,0),$A$2),0)=0,"",INDEX('データ'!$B$313:$J$677,MATCH(U24,'データ'!$A$313:$A$677,0),$A$2)),"") -> 2702 | V25: =IF(MONTH(V24)=10,IF(IFERROR(INDEX('データ'!$B$313:$J$677,MATCH(V24,'データ'!$A$313:$A$677,0),$A$2),0)=0,"",INDEX('データ'!$B$313:$J$677,MATCH(V24,'データ'!$A$313:$A$677,0),$A$2)),"") -> 3095 | W25: =IF(MONTH(W24)=10,IF(IFERROR(INDEX('データ'!$B$313:$J$677,MATCH(W24,'データ'!$A$313:$A$677,0),$A$2),0)=0,"",INDEX('データ'!$B$313:$J$677,MATCH(W24,'データ'!$A$313:$A$677,0),$A$2)),"") | X25: =IF(MONTH(X24)=10,IF(IFERROR(INDEX('データ'!$B$313:$J$677,MATCH(X24,'データ'!$A$313:$A$677,0),$A$2),0)=0,"",INDEX('データ'!$B$313:$J$677,MATCH(X24,'データ'!$A$313:$A$677,0),$A$2)),"") | Z25: =IF(MONTH(Z24)=11,IF(IFERROR(INDEX('データ'!$B$313:$J$677,MATCH(Z24,'データ'!$A$313:$A$677,0),$A$2),0)=0,"",INDEX('データ'!$B$313:$J$677,MATCH(Z24,'データ'!$A$313:$A$677,0),$A$2)),"") | AA25: =IF(MONTH(AA24)=11,IF(IFERROR(INDEX('データ'!$B$313:$J$677,MATCH(AA24,'データ'!$A$313:$A$677,0),$A$2),0)=0,"",INDEX('データ'!$B$313:$J$677,MATCH(AA24,'データ'!$A$313:$A$677,0),$A$2)),"") -> 3114 | AB25: =IF(MONTH(AB24)=11,IF(IFERROR(INDEX('データ'!$B$313:$J$677,MATCH(AB24,'データ'!$A$313:$A$677,0),$A$2),0)=0,"",INDEX('データ'!$B$313:$J$677,MATCH(AB24,'データ'!$A$313:$A$677,0),$A$2)),"") -> 2925 | AC25: =IF(MONTH(AC24)=11,IF(IFERROR(INDEX('データ'!$B$313:$J$677,MATCH(AC24,'データ'!$A$313:$A$677,0),$A$2),0)=0,"",INDEX('データ'!$B$313:$J$677,MATCH(AC24,'データ'!$A$313:$A$677,0),$A$2)),"") -> 2669 | AD25: =IF(MONTH(AD24)=11,IF(IFERROR(INDEX('データ'!$B$313:$J$677,MATCH(AD24,'データ'!$A$313:$A$677,0),$A$2),0)=0,"",INDEX('データ'!$B$313:$J$677,MATCH(AD24,'データ'!$A$313:$A$677,0),$A$2)),"") -> 2659 | AE25: =IF(MONTH(AE24)=11,IF(IFERROR(INDEX('データ'!$B$313:$J$677,MATCH(AE24,'データ'!$A$313:$A$677,0),$A$2),0)=0,"",INDEX('データ'!$B$313:$J$677,MATCH(AE24,'データ'!$A$313:$A$677,0),$A$2)),"") | AF25: =IF(MONTH(AF24)=11,IF(IFERROR(INDEX('データ'!$B$313:$J$677,MATCH(AF24,'データ'!$A$313:$A$677,0),$A$2),0)=0,"",INDEX('データ'!$B$313:$J$677,MATCH(AF24,'データ'!$A$313:$A$677,0),$A$2)),"") -> 133
B26: =DATE(2025,8,1)-WEEKDAY(DATE(2025,8,1),2)+15 -> 45880 | C26: =DATE(2025,8,1)-WEEKDAY(DATE(2025,8,1),2)+16 -> 45881 | D26: =DATE(2025,8,1)-WEEKDAY(DATE(2025,8,1),2)+17 -> 45882 | E26: =DATE(2025,8,1)-WEEKDAY(DATE(2025,8,1),2)+18 -> 45883 | F26: =DATE(2025,8,1)-WEEKDAY(DATE(2025,8,1),2)+19 -> 45884 | G26: =DATE(2025,8,1)-WEEKDAY(DATE(2025,8,1),2)+20 -> 45885 | H26: =DATE(2025,8,1)-WEEKDAY(DATE(2025,8,1),2)+21 -> 45886 | J26: =DATE(2025,9,1)-WEEKDAY(DATE(2025,9,1),2)+15 -> 45915 | K26: =DATE(2025,9,1)-WEEKDAY(DATE(2025,9,1),2)+16 -> 45916 | L26: =DATE(2025,9,1)-WEEKDAY(DATE(2025,9,1),2)+17 -> 45917 | M26: =DATE(2025,9,1)-WEEKDAY(DATE(2025,9,1),2)+18 -> 45918 | N26: =DATE(2025,9,1)-WEEKDAY(DATE(2025,9,1),2)+19 -> 45919 | O26: =DATE(2025,9,1)-WEEKDAY(DATE(2025,9,1),2)+20 -> 45920 | P26: =DATE(2025,9,1)-WEEKDAY(DATE(2025,9,1),2)+21 -> 45921 | R26: =DATE(2025,10,1)-WEEKDAY(DATE(2025,10,1),2)+15 -> 45943 | S26: =DATE(2025,10,1)-WEEKDAY(DATE(2025,10,1),2)+16 -> 45944 | T26: =DATE(2025,10,1)-WEEKDAY(DATE(2025,10,1),2)+17 -> 45945 | U26: =DATE(2025,10,1)-WEEKDAY(DATE(2025,10,1),2)+18 -> 45946 | V26: =DATE(2025,10,1)-WEEKDAY(DATE(2025,10,1),2)+19 -> 45947 | W26: =DATE(2025,10,1)-WEEKDAY(DATE(2025,10,1),2)+20 -> 45948 | X26: =DATE(2025,10,1)-WEEKDAY(DATE(2025,10,1),2)+21 -> 45949 | Z26: =DATE(2025,11,1)-WEEKDAY(DATE(2025,11,1),2)+15 -> 45971 | AA26: =DATE(2025,11,1)-WEEKDAY(DATE(2025,11,1),2)+16 -> 45972 | AB26: =DATE(2025,11,1)-WEEKDAY(DATE(2025,11,1),2)+17 -> 45973 | AC26: =DATE(2025,11,1)-WEEKDAY(DATE(2025,11,1),2)+18 -> 45974 | AD26: =DATE(2025,11,1)-WEEKDAY(DATE(2025,11,1),2)+19 -> 45975 | AE26: =DATE(2025,11,1)-WEEKDAY(DATE(2025,11,1),2)+20 -> 45976 | AF26: =DATE(2025,11,1)-WEEKDAY(DATE(2025,11,1),2)+21 -> 45977
B27: =IF(MONTH(B26)=8,IF(IFERROR(INDEX('データ'!$B$313:$J$677,MATCH(B26,'データ'!$A$313:$A$677,0),$A$2),0)=0,"",INDEX('データ'!$B$313:$J$677,MATCH(B26,'データ'!$A$313:$A$677,0),$A$2)),"") | C27: =IF(MONTH(C26)=8,IF(IFERROR(INDEX('データ'!$B$313:$J$677,MATCH(C26,'データ'!$A$313:$A$677,0),$A$2),0)=0,"",INDEX('データ'!$B$313:$J$677,MATCH(C26,'データ'!$A$313:$A$677,0),$A$2)),"") -> 4680 | D27: =IF(MONTH(D26)=8,IF(IFERROR(INDEX('データ'!$B$313:$J$677,MATCH(D26,'データ'!$A$313:$A$677,0),$A$2),0)=0,"",INDEX('データ'!$B$313:$J$677,MATCH(D26,'データ'!$A$313:$A$677,0),$A$2)),"") -> 3501 | E27: =IF(MONTH(E26)=8,IF(IFERROR(INDEX('データ'!$B$313:$J$677,MATCH(E26,'データ'!$A$313:$A$677,0),$A$2),0)=0,"",INDEX('データ'!$B$313:$J$677,MATCH(E26,'データ'!$A$313:$A$677,0),$A$2)),"") -> 2970 | F27: =IF(MONTH(F26)=8,IF(IFERROR(INDEX('データ'!$B$313:$J$677,MATCH(F26,'データ'!$A$313:$A$677,0),$A$2),0)=0,"",INDEX('データ'!$B$313:$J$677,MATCH(F26,'データ'!$A$313:$A$677,0),$A$2)),"") -> 3005 | G27: =IF(MONTH(G26)=8,IF(IFERROR(INDEX('データ'!$B$313:$J$677,MATCH(G26,'データ'!$A$313:$A$677,0),$A$2),0)=0,"",INDEX('データ'!$B$313:$J$677,MATCH(G26,'データ'!$A$313:$A$677,0),$A$2)),"") | H27: =IF(MONTH(H26)=8,IF(IFERROR(INDEX('データ'!$B$313:$J$677,MATCH(H26,'データ'!$A$313:$A$677,0),$A$2),0)=0,"",INDEX('データ'!$B$313:$J$677,MATCH(H26,'データ'!$A$313:$A$677,0),$A$2)),"") | J27: =IF(MONTH(J26)=9,IF(IFERROR(INDEX('データ'!$B$313:$J$677,MATCH(J26,'データ'!$A$313:$A$677,0),$A$2),0)=0,"",INDEX('データ'!$B$313:$J$677,MATCH(J26,'データ'!$A$313:$A$677,0),$A$2)),"") | K27: =IF(MONTH(K26)=9,IF(IFERROR(INDEX('データ'!$B$313:$J$677,MATCH(K26,'データ'!$A$313:$A$677,0),$A$2),0)=0,"",INDEX('データ'!$B$313:$J$677,MATCH(K26,'データ'!$A$313:$A$677,0),$A$2)),"") -> 3200 | L27: =IF(MONTH(L26)=9,IF(IFERROR(INDEX('データ'!$B$313:$J$677,MATCH(L26,'データ'!$A$313:$A$677,0),$A$2),0)=0,"",INDEX('データ'!$B$313:$J$677,MATCH(L26,'データ'!$A$313:$A$677,0),$A$2)),"") -> 2959 | M27: =IF(MONTH(M26)=9,IF(IFERROR(INDEX('データ'!$B$313:$J$677,MATCH(M26,'データ'!$A$313:$A$677,0),$A$2),0)=0,"",INDEX('データ'!$B$313:$J$677,MATCH(M26,'データ'!$A$313:$A$677,0),$A$2)),"") -> 2462 | N27: =IF(MONTH(N26)=9,IF(IFERROR(INDEX('データ'!$B$313:$J$677,MATCH(N26,'データ'!$A$313:$A$677,0),$A$2),0)=0,"",INDEX('データ'!$B$313:$J$677,MATCH(N26,'データ'!$A$313:$A$677,0),$A$2)),"") -> 2853 | O27: =IF(MONTH(O26)=9,IF(IFERROR(INDEX('データ'!$B$313:$J$677,MATCH(O26,'データ'!$A$313:$A$677,0),$A$2),0)=0,"",INDEX('データ'!$B$313:$J$677,MATCH(O26,'データ'!$A$313:$A$677,0),$A$2)),"") | P27: =IF(MONTH(P26)=9,IF(IFERROR(INDEX('データ'!$B$313:$J$677,MATCH(P26,'データ'!$A$313:$A$677,0),$A$2),0)=0,"",INDEX('データ'!$B$313:$J$677,MATCH(P26,'データ'!$A$313:$A$677,0),$A$2)),"") | R27: =IF(MONTH(R26)=10,IF(IFERROR(INDEX('データ'!$B$313:$J$677,MATCH(R26,'データ'!$A$313:$A$677,0),$A$2),0)=0,"",INDEX('データ'!$B$313:$J$677,MATCH(R26,'データ'!$A$313:$A$677,0),$A$2)),"") | S27: =IF(MONTH(S26)=10,IF(IFERROR(INDEX('データ'!$B$313:$J$677,MATCH(S26,'データ'!$A$313:$A$677,0),$A$2),0)=0,"",INDEX('データ'!$B$313:$J$677,MATCH(S26,'データ'!$A$313:$A$677,0),$A$2)),"") -> 3242 | T27: =IF(MONTH(T26)=10,IF(IFERROR(INDEX('データ'!$B$313:$J$677,MATCH(T26,'データ'!$A$313:$A$677,0),$A$2),0)=0,"",INDEX('データ'!$B$313:$J$677,MATCH(T26,'データ'!$A$313:$A$677,0),$A$2)),"") -> 3159 | U27: =IF(MONTH(U26)=10,IF(IFERROR(INDEX('データ'!$B$313:$J$677,MATCH(U26,'データ'!$A$313:$A$677,0),$A$2),0)=0,"",INDEX('データ'!$B$313:$J$677,MATCH(U26,'データ'!$A$313:$A$677,0),$A$2)),"") -> 2797 | V27: =IF(MONTH(V26)=10,IF(IFERROR(INDEX('データ'!$B$313:$J$677,MATCH(V26,'データ'!$A$313:$A$677,0),$A$2),0)=0,"",INDEX('データ'!$B$313:$J$677,MATCH(V26,'データ'!$A$313:$A$677,0),$A$2)),"") -> 2916 | W27: =IF(MONTH(W26)=10,IF(IFERROR(INDEX('データ'!$B$313:$J$677,MATCH(W26,'データ'!$A$313:$A$677,0),$A$2),0)=0,"",INDEX('データ'!$B$313:$J$677,MATCH(W26,'データ'!$A$313:$A$677,0),$A$2)),"") | X27: =IF(MONTH(X26)=10,IF(IFERROR(INDEX('データ'!$B$313:$J$677,MATCH(X26,'データ'!$A$313:$A$677,0),$A$2),0)=0,"",INDEX('データ'!$B$313:$J$677,MATCH(X26,'データ'!$A$313:$A$677,0),$A$2)),"") | Z27: =IF(MONTH(Z26)=11,IF(IFERROR(INDEX('データ'!$B$313:$J$677,MATCH(Z26,'データ'!$A$313:$A$677,0),$A$2),0)=0,"",INDEX('データ'!$B$313:$J$677,MATCH(Z26,'データ'!$A$313:$A$677,0),$A$2)),"") -> 2945 | AA27: =IF(MONTH(AA26)=11,IF(IFERROR(INDEX('データ'!$B$313:$J$677,MATCH(AA26,'データ'!$A$313:$A$677,0),$A$2),0)=0,"",INDEX('データ'!$B$313:$J$677,MATCH(AA26,'データ'!$A$313:$A$677,0),$A$2)),"") -> 2566 | AB27: =IF(MONTH(AB26)=11,IF(IFERROR(INDEX('データ'!$B$313:$J$677,MATCH(AB26,'データ'!$A$313:$A$677,0),$A$2),0)=0,"",INDEX('データ'!$B$313:$J$677,MATCH(AB26,'データ'!$A$313:$A$677,0),$A$2)),"") -> 2398 | AC27: =IF(MONTH(AC26)=11,IF(IFERROR(INDEX('データ'!$B$313:$J$677,MATCH(AC26,'データ'!$A$313:$A$677,0),$A$2),0)=0,"",INDEX('データ'!$B$313:$J$677,MATCH(AC26,'データ'!$A$313:$A$677,0),$A$2)),"") -> 2297 | AD27: =IF(MONTH(AD26)=11,IF(IFERROR(INDEX('データ'!$B$313:$J$677,MATCH(AD26,'データ'!$A$313:$A$677,0),$A$2),0)=0,"",INDEX('データ'!$B$313:$J$677,MATCH(AD26,'データ'!$A$313:$A$677,0),$A$2)),"") -> 2569 | AE27: =IF(MONTH(AE26)=11,IF(IFERROR(INDEX('データ'!$B$313:$J$677,MATCH(AE26,'データ'!$A$313:$A$677,0),$A$2),0)=0,"",INDEX('データ'!$B$313:$J$677,MATCH(AE26,'データ'!$A$313:$A$677,0),$A$2)),"") | AF27: =IF(MONTH(AF26)=11,IF(IFERROR(INDEX('データ'!$B$313:$J$677,MATCH(AF26,'データ'!$A$313:$A$677,0),$A$2),0)=0,"",INDEX('データ'!$B$313:$J$677,MATCH(AF26,'データ'!$A$313:$A$677,0),$A$2)),"")
B28: =DATE(2025,8,1)-WEEKDAY(DATE(2025,8,1),2)+22 -> 45887 | C28: =DATE(2025,8,1)-WEEKDAY(DATE(2025,8,1),2)+23 -> 45888 | D28: =DATE(2025,8,1)-WEEKDAY(DATE(2025,8,1),2)+24 -> 45889 | E28: =DATE(2025,8,1)-WEEKDAY(DATE(2025,8,1),2)+25 -> 45890 | F28: =DATE(2025,8,1)-WEEKDAY(DATE(2025,8,1),2)+26 -> 45891 | G28: =DATE(2025,8,1)-WEEKDAY(DATE(2025,8,1),2)+27 -> 45892 | H28: =DATE(2025,8,1)-WEEKDAY(DATE(2025,8,1),2)+28 -> 45893 | J28: =DATE(2025,9,1)-WEEKDAY(DATE(2025,9,1),2)+22 -> 45922 | K28: =DATE(2025,9,1)-WEEKDAY(DATE(2025,9,1),2)+23 -> 45923 | L28: =DATE(2025,9,1)-WEEKDAY(DATE(2025,9,1),2)+24 -> 45924 | M28: =DATE(2025,9,1)-WEEKDAY(DATE(2025,9,1),2)+25 -> 45925 | N28: =DATE(2025,9,1)-WEEKDAY(DATE(2025,9,1),2)+26 -> 45926 | O28: =DATE(2025,9,1)-WEEKDAY(DATE(2025,9,1),2)+27 -> 45927 | P28: =DATE(2025,9,1)-WEEKDAY(DATE(2025,9,1),2)+28 -> 45928 | R28: =DATE(2025,10,1)-WEEKDAY(DATE(2025,10,1),2)+22 -> 45950 | S28: =DATE(2025,10,1)-WEEKDAY(DATE(2025,10,1),2)+23 -> 45951 | T28: =DATE(2025,10,1)-WEEKDAY(DATE(2025,10,1),2)+24 -> 45952 | U28: =DATE(2025,10,1)-WEEKDAY(DATE(2025,10,1),2)+25 -> 45953 | V28: =DATE(2025,10,1)-WEEKDAY(DATE(2025,10,1),2)+26 -> 45954 | W28: =DATE(2025,10,1)-WEEKDAY(DATE(2025,10,1),2)+27 -> 45955 | X28: =DATE(2025,10,1)-WEEKDAY(DATE(2025,10,1),2)+28 -> 45956 | Z28: =DATE(2025,11,1)-WEEKDAY(DATE(2025,11,1),2)+22 -> 45978 | AA28: =DATE(2025,11,1)-WEEKDAY(DATE(2025,11,1),2)+23 -> 45979 | AB28: =DATE(2025,11,1)-WEEKDAY(DATE(2025,11,1),2)+24 -> 45980 | AC28: =DATE(2025,11,1)-WEEKDAY(DATE(2025,11,1),2)+25 -> 45981 | AD28: =DATE(2025,11,1)-WEEKDAY(DATE(2025,11,1),2)+26 -> 45982 | AE28: =DATE(2025,11,1)-WEEKDAY(DATE(2025,11,1),2)+27 -> 45983 | AF28: =DATE(2025,11,1)-WEEKDAY(DATE(2025,11,1),2)+28 -> 45984
B29: =IF(MONTH(B28)=8,IF(IFERROR(INDEX('データ'!$B$313:$J$677,MATCH(B28,'データ'!$A$313:$A$677,0),$A$2),0)=0,"",INDEX('データ'!$B$313:$J$677,MATCH(B28,'データ'!$A$313:$A$677,0),$A$2)),"") -> 3321 | C29: =IF(MONTH(C28)=8,IF(IFERROR(INDEX('データ'!$B$313:$J$677,MATCH(C28,'データ'!$A$313:$A$677,0),$A$2),0)=0,"",INDEX('データ'!$B$313:$J$677,MATCH(C28,'データ'!$A$313:$A$677,0),$A$2)),"") -> 2868 | D29: =IF(MONTH(D28)=8,IF(IFERROR(INDEX('データ'!$B$313:$J$677,MATCH(D28,'データ'!$A$313:$A$677,0),$A$2),0)=0,"",INDEX('データ'!$B$313:$J$677,MATCH(D28,'データ'!$A$313:$A$677,0),$A$2)),"") -> 2885 | E29: =IF(MONTH(E28)=8,IF(IFERROR(INDEX('データ'!$B$313:$J$677,MATCH(E28,'データ'!$A$313:$A$677,0),$A$2),0)=0,"",INDEX('データ'!$B$313:$J$677,MATCH(E28,'データ'!$A$313:$A$677,0),$A$2)),"") -> 2632 | F29: =IF(MONTH(F28)=8,IF(IFERROR(INDEX('データ'!$B$313:$J$677,MATCH(F28,'データ'!$A$313:$A$677,0),$A$2),0)=0,"",INDEX('データ'!$B$313:$J$677,MATCH(F28,'データ'!$A$313:$A$677,0),$A$2)),"") -> 2923 | G29: =IF(MONTH(G28)=8,IF(IFERROR(INDEX('データ'!$B$313:$J$677,MATCH(G28,'データ'!$A$313:$A$677,0),$A$2),0)=0,"",INDEX('データ'!$B$313:$J$677,MATCH(G28,'データ'!$A$313:$A$677,0),$A$2)),"") | H29: =IF(MONTH(H28)=8,IF(IFERROR(INDEX('データ'!$B$313:$J$677,MATCH(H28,'データ'!$A$313:$A$677,0),$A$2),0)=0,"",INDEX('データ'!$B$313:$J$677,MATCH(H28,'データ'!$A$313:$A$677,0),$A$2)),"") | J29: =IF(MONTH(J28)=9,IF(IFERROR(INDEX('データ'!$B$313:$J$677,MATCH(J28,'データ'!$A$313:$A$677,0),$A$2),0)=0,"",INDEX('データ'!$B$313:$J$677,MATCH(J28,'データ'!$A$313:$A$677,0),$A$2)),"") -> 4105 | K29: =IF(MONTH(K28)=9,IF(IFERROR(INDEX('データ'!$B$313:$J$677,MATCH(K28,'データ'!$A$313:$A$677,0),$A$2),0)=0,"",INDEX('データ'!$B$313:$J$677,MATCH(K28,'データ'!$A$313:$A$677,0),$A$2)),"") | L29: =IF(MONTH(L28)=9,IF(IFERROR(INDEX('データ'!$B$313:$J$677,MATCH(L28,'データ'!$A$313:$A$677,0),$A$2),0)=0,"",INDEX('データ'!$B$313:$J$677,MATCH(L28,'データ'!$A$313:$A$677,0),$A$2)),"") -> 3406 | M29: =IF(MONTH(M28)=9,IF(IFERROR(INDEX('データ'!$B$313:$J$677,MATCH(M28,'データ'!$A$313:$A$677,0),$A$2),0)=0,"",INDEX('データ'!$B$313:$J$677,MATCH(M28,'データ'!$A$313:$A$677,0),$A$2)),"") -> 2826 | N29: =IF(MONTH(N28)=9,IF(IFERROR(INDEX('データ'!$B$313:$J$677,MATCH(N28,'データ'!$A$313:$A$677,0),$A$2),0)=0,"",INDEX('データ'!$B$313:$J$677,MATCH(N28,'データ'!$A$313:$A$677,0),$A$2)),"") -> 3079 | O29: =IF(MONTH(O28)=9,IF(IFERROR(INDEX('データ'!$B$313:$J$677,MATCH(O28,'データ'!$A$313:$A$677,0),$A$2),0)=0,"",INDEX('データ'!$B$313:$J$677,MATCH(O28,'データ'!$A$313:$A$677,0),$A$2)),"") | P29: =IF(MONTH(P28)=9,IF(IFERROR(INDEX('データ'!$B$313:$J$677,MATCH(P28,'データ'!$A$313:$A$677,0),$A$2),0)=0,"",INDEX('データ'!$B$313:$J$677,MATCH(P28,'データ'!$A$313:$A$677,0),$A$2)),"") | R29: =IF(MONTH(R28)=10,IF(IFERROR(INDEX('データ'!$B$313:$J$677,MATCH(R28,'データ'!$A$313:$A$677,0),$A$2),0)=0,"",INDEX('データ'!$B$313:$J$677,MATCH(R28,'データ'!$A$313:$A$677,0),$A$2)),"") -> 3349 | S29: =IF(MONTH(S28)=10,IF(IFERROR(INDEX('データ'!$B$313:$J$677,MATCH(S28,'データ'!$A$313:$A$677,0),$A$2),0)=0,"",INDEX('データ'!$B$313:$J$677,MATCH(S28,'データ'!$A$313:$A$677,0),$A$2)),"") -> 2981 | T29: =IF(MONTH(T28)=10,IF(IFERROR(INDEX('データ'!$B$313:$J$677,MATCH(T28,'データ'!$A$313:$A$677,0),$A$2),0)=0,"",INDEX('データ'!$B$313:$J$677,MATCH(T28,'データ'!$A$313:$A$677,0),$A$2)),"") -> 2738 | U29: =IF(MONTH(U28)=10,IF(IFERROR(INDEX('データ'!$B$313:$J$677,MATCH(U28,'データ'!$A$313:$A$677,0),$A$2),0)=0,"",INDEX('データ'!$B$313:$J$677,MATCH(U28,'データ'!$A$313:$A$677,0),$A$2)),"") -> 2890 | V29: =IF(MONTH(V28)=10,IF(IFERROR(INDEX('データ'!$B$313:$J$677,MATCH(V28,'データ'!$A$313:$A$677,0),$A$2),0)=0,"",INDEX('データ'!$B$313:$J$677,MATCH(V28,'データ'!$A$313:$A$677,0),$A$2)),"") -> 3111 | W29: =IF(MONTH(W28)=10,IF(IFERROR(INDEX('データ'!$B$313:$J$677,MATCH(W28,'データ'!$A$313:$A$677,0),$A$2),0)=0,"",INDEX('データ'!$B$313:$J$677,MATCH(W28,'データ'!$A$313:$A$677,0),$A$2)),"") | X29: =IF(MONTH(X28)=10,IF(IFERROR(INDEX('データ'!$B$313:$J$677,MATCH(X28,'データ'!$A$313:$A$677,0),$A$2),0)=0,"",INDEX('データ'!$B$313:$J$677,MATCH(X28,'データ'!$A$313:$A$677,0),$A$2)),"") | Z29: =IF(MONTH(Z28)=11,IF(IFERROR(INDEX('データ'!$B$313:$J$677,MATCH(Z28,'データ'!$A$313:$A$677,0),$A$2),0)=0,"",INDEX('データ'!$B$313:$J$677,MATCH(Z28,'データ'!$A$313:$A$677,0),$A$2)),"") -> 3031 | AA29: =IF(MONTH(AA28)=11,IF(IFERROR(INDEX('データ'!$B$313:$J$677,MATCH(AA28,'データ'!$A$313:$A$677,0),$A$2),0)=0,"",INDEX('データ'!$B$313:$J$677,MATCH(AA28,'データ'!$A$313:$A$677,0),$A$2)),"") -> 2683 | AB29: =IF(MONTH(AB28)=11,IF(IFERROR(INDEX('データ'!$B$313:$J$677,MATCH(AB28,'データ'!$A$313:$A$677,0),$A$2),0)=0,"",INDEX('データ'!$B$313:$J$677,MATCH(AB28,'データ'!$A$313:$A$677,0),$A$2)),"") -> 2536 | AC29: =IF(MONTH(AC28)=11,IF(IFERROR(INDEX('データ'!$B$313:$J$677,MATCH(AC28,'データ'!$A$313:$A$677,0),$A$2),0)=0,"",INDEX('データ'!$B$313:$J$677,MATCH(AC28,'データ'!$A$313:$A$677,0),$A$2)),"") -> 2587 | AD29: =IF(MONTH(AD28)=11,IF(IFERROR(INDEX('データ'!$B$313:$J$677,MATCH(AD28,'データ'!$A$313:$A$677,0),$A$2),0)=0,"",INDEX('データ'!$B$313:$J$677,MATCH(AD28,'データ'!$A$313:$A$677,0),$A$2)),"") -> 2701 | AE29: =IF(MONTH(AE28)=11,IF(IFERROR(INDEX('データ'!$B$313:$J$677,MATCH(AE28,'データ'!$A$313:$A$677,0),$A$2),0)=0,"",INDEX('データ'!$B$313:$J$677,MATCH(AE28,'データ'!$A$313:$A$677,0),$A$2)),"") | AF29: =IF(MONTH(AF28)=11,IF(IFERROR(INDEX('データ'!$B$313:$J$677,MATCH(AF28,'データ'!$A$313:$A$677,0),$A$2),0)=0,"",INDEX('データ'!$B$313:$J$677,MATCH(AF28,'データ'!$A$313:$A$677,0),$A$2)),"")
B30: =DATE(2025,8,1)-WEEKDAY(DATE(2025,8,1),2)+29 -> 45894 | C30: =DATE(2025,8,1)-WEEKDAY(DATE(2025,8,1),2)+30 -> 45895 | D30: =DATE(2025,8,1)-WEEKDAY(DATE(2025,8,1),2)+31 -> 45896 | E30: =DATE(2025,8,1)-WEEKDAY(DATE(2025,8,1),2)+32 -> 45897 | F30: =DATE(2025,8,1)-WEEKDAY(DATE(2025,8,1),2)+33 -> 45898 | G30: =DATE(2025,8,1)-WEEKDAY(DATE(2025,8,1),2)+34 -> 45899 | H30: =DATE(2025,8,1)-WEEKDAY(DATE(2025,8,1),2)+35 -> 45900 | J30: =DATE(2025,9,1)-WEEKDAY(DATE(2025,9,1),2)+29 -> 45929 | K30: =DATE(2025,9,1)-WEEKDAY(DATE(2025,9,1),2)+30 -> 45930 | L30: =DATE(2025,9,1)-WEEKDAY(DATE(2025,9,1),2)+31 -> 45931 | M30: =DATE(2025,9,1)-WEEKDAY(DATE(2025,9,1),2)+32 -> 45932 | N30: =DATE(2025,9,1)-WEEKDAY(DATE(2025,9,1),2)+33 -> 45933 | O30: =DATE(2025,9,1)-WEEKDAY(DATE(2025,9,1),2)+34 -> 45934 | P30: =DATE(2025,9,1)-WEEKDAY(DATE(2025,9,1),2)+35 -> 45935 | R30: =DATE(2025,10,1)-WEEKDAY(DATE(2025,10,1),2)+29 -> 45957 | S30: =DATE(2025,10,1)-WEEKDAY(DATE(2025,10,1),2)+30 -> 45958 | T30: =DATE(2025,10,1)-WEEKDAY(DATE(2025,10,1),2)+31 -> 45959 | U30: =DATE(2025,10,1)-WEEKDAY(DATE(2025,10,1),2)+32 -> 45960 | V30: =DATE(2025,10,1)-WEEKDAY(DATE(2025,10,1),2)+33 -> 45961 | W30: =DATE(2025,10,1)-WEEKDAY(DATE(2025,10,1),2)+34 -> 45962 | X30: =DATE(2025,10,1)-WEEKDAY(DATE(2025,10,1),2)+35 -> 45963 | Z30: =DATE(2025,11,1)-WEEKDAY(DATE(2025,11,1),2)+29 -> 45985 | AA30: =DATE(2025,11,1)-WEEKDAY(DATE(2025,11,1),2)+30 -> 45986 | AB30: =DATE(2025,11,1)-WEEKDAY(DATE(2025,11,1),2)+31 -> 45987 | AC30: =DATE(2025,11,1)-WEEKDAY(DATE(2025,11,1),2)+32 -> 45988 | AD30: =DATE(2025,11,1)-WEEKDAY(DATE(2025,11,1),2)+33 -> 45989 | AE30: =DATE(2025,11,1)-WEEKDAY(DATE(2025,11,1),2)+34 -> 45990 | AF30: =DATE(2025,11,1)-WEEKDAY(DATE(2025,11,1),2)+35 -> 45991
B31: =IF(MONTH(B30)=8,IF(IFERROR(INDEX('データ'!$B$313:$J$677,MATCH(B30,'データ'!$A$313:$A$677,0),$A$2),0)=0,"",INDEX('データ'!$B$313:$J$677,MATCH(B30,'データ'!$A$313:$A$677,0),$A$2)),"") -> 3401 | C31: =IF(MONTH(C30)=8,IF(IFERROR(INDEX('データ'!$B$313:$J$677,MATCH(C30,'データ'!$A$313:$A$677,0),$A$2),0)=0,"",INDEX('データ'!$B$313:$J$677,MATCH(C30,'データ'!$A$313:$A$677,0),$A$2)),"") -> 2830 | D31: =IF(MONTH(D30)=8,IF(IFERROR(INDEX('データ'!$B$313:$J$677,MATCH(D30,'データ'!$A$313:$A$677,0),$A$2),0)=0,"",INDEX('データ'!$B$313:$J$677,MATCH(D30,'データ'!$A$313:$A$677,0),$A$2)),"") -> 2902 | E31: =IF(MONTH(E30)=8,IF(IFERROR(INDEX('データ'!$B$313:$J$677,MATCH(E30,'データ'!$A$313:$A$677,0),$A$2),0)=0,"",INDEX('データ'!$B$313:$J$677,MATCH(E30,'データ'!$A$313:$A$677,0),$A$2)),"") -> 2733 | F31: =IF(MONTH(F30)=8,IF(IFERROR(INDEX('データ'!$B$313:$J$677,MATCH(F30,'データ'!$A$313:$A$677,0),$A$2),0)=0,"",INDEX('データ'!$B$313:$J$677,MATCH(F30,'データ'!$A$313:$A$677,0),$A$2)),"") -> 2877 | G31: =IF(MONTH(G30)=8,IF(IFERROR(INDEX('データ'!$B$313:$J$677,MATCH(G30,'データ'!$A$313:$A$677,0),$A$2),0)=0,"",INDEX('データ'!$B$313:$J$677,MATCH(G30,'データ'!$A$313:$A$677,0),$A$2)),"") | H31: =IF(MONTH(H30)=8,IF(IFERROR(INDEX('データ'!$B$313:$J$677,MATCH(H30,'データ'!$A$313:$A$677,0),$A$2),0)=0,"",INDEX('データ'!$B$313:$J$677,MATCH(H30,'データ'!$A$313:$A$677,0),$A$2)),"") | J31: =IF(MONTH(J30)=9,IF(IFERROR(INDEX('データ'!$B$313:$J$677,MATCH(J30,'データ'!$A$313:$A$677,0),$A$2),0)=0,"",INDEX('データ'!$B$313:$J$677,MATCH(J30,'データ'!$A$313:$A$677,0),$A$2)),"") -> 3686 | K31: =IF(MONTH(K30)=9,IF(IFERROR(INDEX('データ'!$B$313:$J$677,MATCH(K30,'データ'!$A$313:$A$677,0),$A$2),0)=0,"",INDEX('データ'!$B$313:$J$677,MATCH(K30,'データ'!$A$313:$A$677,0),$A$2)),"") -> 3117 | L31: =IF(MONTH(L30)=9,IF(IFERROR(INDEX('データ'!$B$313:$J$677,MATCH(L30,'データ'!$A$313:$A$677,0),$A$2),0)=0,"",INDEX('データ'!$B$313:$J$677,MATCH(L30,'データ'!$A$313:$A$677,0),$A$2)),"") | M31: =IF(MONTH(M30)=9,IF(IFERROR(INDEX('データ'!$B$313:$J$677,MATCH(M30,'データ'!$A$313:$A$677,0),$A$2),0)=0,"",INDEX('データ'!$B$313:$J$677,MATCH(M30,'データ'!$A$313:$A$677,0),$A$2)),"") | N31: =IF(MONTH(N30)=9,IF(IFERROR(INDEX('データ'!$B$313:$J$677,MATCH(N30,'データ'!$A$313:$A$677,0),$A$2),0)=0,"",INDEX('データ'!$B$313:$J$677,MATCH(N30,'データ'!$A$313:$A$677,0),$A$2)),"") | O31: =IF(MONTH(O30)=9,IF(IFERROR(INDEX('データ'!$B$313:$J$677,MATCH(O30,'データ'!$A$313:$A$677,0),$A$2),0)=0,"",INDEX('データ'!$B$313:$J$677,MATCH(O30,'データ'!$A$313:$A$677,0),$A$2)),"") | P31: =IF(MONTH(P30)=9,IF(IFERROR(INDEX('データ'!$B$313:$J$677,MATCH(P30,'データ'!$A$313:$A$677,0),$A$2),0)=0,"",INDEX('データ'!$B$313:$J$677,MATCH(P30,'データ'!$A$313:$A$677,0),$A$2)),"") | R31: =IF(MONTH(R30)=10,IF(IFERROR(INDEX('データ'!$B$313:$J$677,MATCH(R30,'データ'!$A$313:$A$677,0),$A$2),0)=0,"",INDEX('データ'!$B$313:$J$677,MATCH(R30,'データ'!$A$313:$A$677,0),$A$2)),"") -> 3571 | S31: =IF(MONTH(S30)=10,IF(IFERROR(INDEX('データ'!$B$313:$J$677,MATCH(S30,'データ'!$A$313:$A$677,0),$A$2),0)=0,"",INDEX('データ'!$B$313:$J$677,MATCH(S30,'データ'!$A$313:$A$677,0),$A$2)),"") -> 2816 | T31: =IF(MONTH(T30)=10,IF(IFERROR(INDEX('データ'!$B$313:$J$677,MATCH(T30,'データ'!$A$313:$A$677,0),$A$2),0)=0,"",INDEX('データ'!$B$313:$J$677,MATCH(T30,'データ'!$A$313:$A$677,0),$A$2)),"") -> 3008 | U31: =IF(MONTH(U30)=10,IF(IFERROR(INDEX('データ'!$B$313:$J$677,MATCH(U30,'データ'!$A$313:$A$677,0),$A$2),0)=0,"",INDEX('データ'!$B$313:$J$677,MATCH(U30,'データ'!$A$313:$A$677,0),$A$2)),"") -> 2761 | V31: =IF(MONTH(V30)=10,IF(IFERROR(INDEX('データ'!$B$313:$J$677,MATCH(V30,'データ'!$A$313:$A$677,0),$A$2),0)=0,"",INDEX('データ'!$B$313:$J$677,MATCH(V30,'データ'!$A$313:$A$677,0),$A$2)),"") -> 2661 | W31: =IF(MONTH(W30)=10,IF(IFERROR(INDEX('データ'!$B$313:$J$677,MATCH(W30,'データ'!$A$313:$A$677,0),$A$2),0)=0,"",INDEX('データ'!$B$313:$J$677,MATCH(W30,'データ'!$A$313:$A$677,0),$A$2)),"") | X31: =IF(MONTH(X30)=10,IF(IFERROR(INDEX('データ'!$B$313:$J$677,MATCH(X30,'データ'!$A$313:$A$677,0),$A$2),0)=0,"",INDEX('データ'!$B$313:$J$677,MATCH(X30,'データ'!$A$313:$A$677,0),$A$2)),"") | Z31: =IF(MONTH(Z30)=11,IF(IFERROR(INDEX('データ'!$B$313:$J$677,MATCH(Z30,'データ'!$A$313:$A$677,0),$A$2),0)=0,"",INDEX('データ'!$B$313:$J$677,MATCH(Z30,'データ'!$A$313:$A$677,0),$A$2)),"") | AA31: =IF(MONTH(AA30)=11,IF(IFERROR(INDEX('データ'!$B$313:$J$677,MATCH(AA30,'データ'!$A$313:$A$677,0),$A$2),0)=0,"",INDEX('データ'!$B$313:$J$677,MATCH(AA30,'データ'!$A$313:$A$677,0),$A$2)),"") -> 2933 | AB31: =IF(MONTH(AB30)=11,IF(IFERROR(INDEX('データ'!$B$313:$J$677,MATCH(AB30,'データ'!$A$313:$A$677,0),$A$2),0)=0,"",INDEX('データ'!$B$313:$J$677,MATCH(AB30,'データ'!$A$313:$A$677,0),$A$2)),"") -> 3140 | AC31: =IF(MONTH(AC30)=11,IF(IFERROR(INDEX('データ'!$B$313:$J$677,MATCH(AC30,'データ'!$A$313:$A$677,0),$A$2),0)=0,"",INDEX('データ'!$B$313:$J$677,MATCH(AC30,'データ'!$A$313:$A$677,0),$A$2)),"") -> 2820 | AD31: =IF(MONTH(AD30)=11,IF(IFERROR(INDEX('データ'!$B$313:$J$677,MATCH(AD30,'データ'!$A$313:$A$677,0),$A$2),0)=0,"",INDEX('データ'!$B$313:$J$677,MATCH(AD30,'データ'!$A$313:$A$677,0),$A$2)),"") -> 2792 | AE31: =IF(MONTH(AE30)=11,IF(IFERROR(INDEX('データ'!$B$313:$J$677,MATCH(AE30,'データ'!$A$313:$A$677,0),$A$2),0)=0,"",INDEX('データ'!$B$313:$J$677,MATCH(AE30,'データ'!$A$313:$A$677,0),$A$2)),"") | AF31: =IF(MONTH(AF30)=11,IF(IFERROR(INDEX('データ'!$B$313:$J$677,MATCH(AF30,'データ'!$A$313:$A$677,0),$A$2),0)=0,"",INDEX('データ'!$B$313:$J$677,MATCH(AF30,'データ'!$A$313:$A$677,0),$A$2)),"")
B32: =DATE(2025,8,1)-WEEKDAY(DATE(2025,8,1),2)+36 -> 45901 | C32: =DATE(2025,8,1)-WEEKDAY(DATE(2025,8,1),2)+37 -> 45902 | D32: =DATE(2025,8,1)-WEEKDAY(DATE(2025,8,1),2)+38 -> 45903 | E32: =DATE(2025,8,1)-WEEKDAY(DATE(2025,8,1),2)+39 -> 45904 | F32: =DATE(2025,8,1)-WEEKDAY(DATE(2025,8,1),2)+40 -> 45905 | G32: =DATE(2025,8,1)-WEEKDAY(DATE(2025,8,1),2)+41 -> 45906 | H32: =DATE(2025,8,1)-WEEKDAY(DATE(2025,8,1),2)+42 -> 45907 | J32: =DATE(2025,9,1)-WEEKDAY(DATE(2025,9,1),2)+36 -> 45936 | K32: =DATE(2025,9,1)-WEEKDAY(DATE(2025,9,1),2)+37 -> 45937 | L32: =DATE(2025,9,1)-WEEKDAY(DATE(2025,9,1),2)+38 -> 45938 | M32: =DATE(2025,9,1)-WEEKDAY(DATE(2025,9,1),2)+39 -> 45939 | N32: =DATE(2025,9,1)-WEEKDAY(DATE(2025,9,1),2)+40 -> 45940 | O32: =DATE(2025,9,1)-WEEKDAY(DATE(2025,9,1),2)+41 -> 45941 | P32: =DATE(2025,9,1)-WEEKDAY(DATE(2025,9,1),2)+42 -> 45942 | R32: =DATE(2025,10,1)-WEEKDAY(DATE(2025,10,1),2)+36 -> 45964 | S32: =DATE(2025,10,1)-WEEKDAY(DATE(2025,10,1),2)+37 -> 45965 | T32: =DATE(2025,10,1)-WEEKDAY(DATE(2025,10,1),2)+38 -> 45966 | U32: =DATE(2025,10,1)-WEEKDAY(DATE(2025,10,1),2)+39 -> 45967 | V32: =DATE(2025,10,1)-WEEKDAY(DATE(2025,10,1),2)+40 -> 45968 | W32: =DATE(2025,10,1)-WEEKDAY(DATE(2025,10,1),2)+41 -> 45969 | X32: =DATE(2025,10,1)-WEEKDAY(DATE(2025,10,1),2)+42 -> 45970 | Z32: =DATE(2025,11,1)-WEEKDAY(DATE(2025,11,1),2)+36 -> 45992 | AA32: =DATE(2025,11,1)-WEEKDAY(DATE(2025,11,1),2)+37 -> 45993 | AB32: =DATE(2025,11,1)-WEEKDAY(DATE(2025,11,1),2)+38 -> 45994 | AC32: =DATE(2025,11,1)-WEEKDAY(DATE(2025,11,1),2)+39 -> 45995 | AD32: =DATE(2025,11,1)-WEEKDAY(DATE(2025,11,1),2)+40 -> 45996 | AE32: =DATE(2025,11,1)-WEEKDAY(DATE(2025,11,1),2)+41 -> 45997 | AF32: =DATE(2025,11,1)-WEEKDAY(DATE(2025,11,1),2)+42 -> 45998
B33: =IF(MONTH(B32)=8,IF(IFERROR(INDEX('データ'!$B$313:$J$677,MATCH(B32,'データ'!$A$313:$A$677,0),$A$2),0)=0,"",INDEX('データ'!$B$313:$J$677,MATCH(B32,'データ'!$A$313:$A$677,0),$A$2)),"") | C33: =IF(MONTH(C32)=8,IF(IFERROR(INDEX('データ'!$B$313:$J$677,MATCH(C32,'データ'!$A$313:$A$677,0),$A$2),0)=0,"",INDEX('データ'!$B$313:$J$677,MATCH(C32,'データ'!$A$313:$A$677,0),$A$2)),"") | D33: =IF(MONTH(D32)=8,IF(IFERROR(INDEX('データ'!$B$313:$J$677,MATCH(D32,'データ'!$A$313:$A$677,0),$A$2),0)=0,"",INDEX('データ'!$B$313:$J$677,MATCH(D32,'データ'!$A$313:$A$677,0),$A$2)),"") | E33: =IF(MONTH(E32)=8,IF(IFERROR(INDEX('データ'!$B$313:$J$677,MATCH(E32,'データ'!$A$313:$A$677,0),$A$2),0)=0,"",INDEX('データ'!$B$313:$J$677,MATCH(E32,'データ'!$A$313:$A$677,0),$A$2)),"") | F33: =IF(MONTH(F32)=8,IF(IFERROR(INDEX('データ'!$B$313:$J$677,MATCH(F32,'データ'!$A$313:$A$677,0),$A$2),0)=0,"",INDEX('データ'!$B$313:$J$677,MATCH(F32,'データ'!$A$313:$A$677,0),$A$2)),"") | G33: =IF(MONTH(G32)=8,IF(IFERROR(INDEX('データ'!$B$313:$J$677,MATCH(G32,'データ'!$A$313:$A$677,0),$A$2),0)=0,"",INDEX('データ'!$B$313:$J$677,MATCH(G32,'データ'!$A$313:$A$677,0),$A$2)),"") | H33: =IF(MONTH(H32)=8,IF(IFERROR(INDEX('データ'!$B$313:$J$677,MATCH(H32,'データ'!$A$313:$A$677,0),$A$2),0)=0,"",INDEX('データ'!$B$313:$J$677,MATCH(H32,'データ'!$A$313:$A$677,0),$A$2)),"") | J33: =IF(MONTH(J32)=9,IF(IFERROR(INDEX('データ'!$B$313:$J$677,MATCH(J32,'データ'!$A$313:$A$677,0),$A$2),0)=0,"",INDEX('データ'!$B$313:$J$677,MATCH(J32,'データ'!$A$313:$A$677,0),$A$2)),"") | K33: =IF(MONTH(K32)=9,IF(IFERROR(INDEX('データ'!$B$313:$J$677,MATCH(K32,'データ'!$A$313:$A$677,0),$A$2),0)=0,"",INDEX('データ'!$B$313:$J$677,MATCH(K32,'データ'!$A$313:$A$677,0),$A$2)),"") | L33: =IF(MONTH(L32)=9,IF(IFERROR(INDEX('データ'!$B$313:$J$677,MATCH(L32,'データ'!$A$313:$A$677,0),$A$2),0)=0,"",INDEX('データ'!$B$313:$J$677,MATCH(L32,'データ'!$A$313:$A$677,0),$A$2)),"") | M33: =IF(MONTH(M32)=9,IF(IFERROR(INDEX('データ'!$B$313:$J$677,MATCH(M32,'データ'!$A$313:$A$677,0),$A$2),0)=0,"",INDEX('データ'!$B$313:$J$677,MATCH(M32,'データ'!$A$313:$A$677,0),$A$2)),"") | N33: =IF(MONTH(N32)=9,IF(IFERROR(INDEX('データ'!$B$313:$J$677,MATCH(N32,'データ'!$A$313:$A$677,0),$A$2),0)=0,"",INDEX('データ'!$B$313:$J$677,MATCH(N32,'データ'!$A$313:$A$677,0),$A$2)),"") | O33: =IF(MONTH(O32)=9,IF(IFERROR(INDEX('データ'!$B$313:$J$677,MATCH(O32,'データ'!$A$313:$A$677,0),$A$2),0)=0,"",INDEX('データ'!$B$313:$J$677,MATCH(O32,'データ'!$A$313:$A$677,0),$A$2)),"") | P33: =IF(MONTH(P32)=9,IF(IFERROR(INDEX('データ'!$B$313:$J$677,MATCH(P32,'データ'!$A$313:$A$677,0),$A$2),0)=0,"",INDEX('データ'!$B$313:$J$677,MATCH(P32,'データ'!$A$313:$A$677,0),$A$2)),"") | R33: =IF(MONTH(R32)=10,IF(IFERROR(INDEX('データ'!$B$313:$J$677,MATCH(R32,'データ'!$A$313:$A$677,0),$A$2),0)=0,"",INDEX('データ'!$B$313:$J$677,MATCH(R32,'データ'!$A$313:$A$677,0),$A$2)),"") | S33: =IF(MONTH(S32)=10,IF(IFERROR(INDEX('データ'!$B$313:$J$677,MATCH(S32,'データ'!$A$313:$A$677,0),$A$2),0)=0,"",INDEX('データ'!$B$313:$J$677,MATCH(S32,'データ'!$A$313:$A$677,0),$A$2)),"") | T33: =IF(MONTH(T32)=10,IF(IFERROR(INDEX('データ'!$B$313:$J$677,MATCH(T32,'データ'!$A$313:$A$677,0),$A$2),0)=0,"",INDEX('データ'!$B$313:$J$677,MATCH(T32,'データ'!$A$313:$A$677,0),$A$2)),"") | U33: =IF(MONTH(U32)=10,IF(IFERROR(INDEX('データ'!$B$313:$J$677,MATCH(U32,'データ'!$A$313:$A$677,0),$A$2),0)=0,"",INDEX('データ'!$B$313:$J$677,MATCH(U32,'データ'!$A$313:$A$677,0),$A$2)),"") | V33: =IF(MONTH(V32)=10,IF(IFERROR(INDEX('データ'!$B$313:$J$677,MATCH(V32,'データ'!$A$313:$A$677,0),$A$2),0)=0,"",INDEX('データ'!$B$313:$J$677,MATCH(V32,'データ'!$A$313:$A$677,0),$A$2)),"") | W33: =IF(MONTH(W32)=10,IF(IFERROR(INDEX('データ'!$B$313:$J$677,MATCH(W32,'データ'!$A$313:$A$677,0),$A$2),0)=0,"",INDEX('データ'!$B$313:$J$677,MATCH(W32,'データ'!$A$313:$A$677,0),$A$2)),"") | X33: =IF(MONTH(X32)=10,IF(IFERROR(INDEX('データ'!$B$313:$J$677,MATCH(X32,'データ'!$A$313:$A$677,0),$A$2),0)=0,"",INDEX('データ'!$B$313:$J$677,MATCH(X32,'データ'!$A$313:$A$677,0),$A$2)),"") | Z33: =IF(MONTH(Z32)=11,IF(IFERROR(INDEX('データ'!$B$313:$J$677,MATCH(Z32,'データ'!$A$313:$A$677,0),$A$2),0)=0,"",INDEX('データ'!$B$313:$J$677,MATCH(Z32,'データ'!$A$313:$A$677,0),$A$2)),"") | AA33: =IF(MONTH(AA32)=11,IF(IFERROR(INDEX('データ'!$B$313:$J$677,MATCH(AA32,'データ'!$A$313:$A$677,0),$A$2),0)=0,"",INDEX('データ'!$B$313:$J$677,MATCH(AA32,'データ'!$A$313:$A$677,0),$A$2)),"") | AB33: =IF(MONTH(AB32)=11,IF(IFERROR(INDEX('データ'!$B$313:$J$677,MATCH(AB32,'データ'!$A$313:$A$677,0),$A$2),0)=0,"",INDEX('データ'!$B$313:$J$677,MATCH(AB32,'データ'!$A$313:$A$677,0),$A$2)),"") | AC33: =IF(MONTH(AC32)=11,IF(IFERROR(INDEX('データ'!$B$313:$J$677,MATCH(AC32,'データ'!$A$313:$A$677,0),$A$2),0)=0,"",INDEX('データ'!$B$313:$J$677,MATCH(AC32,'データ'!$A$313:$A$677,0),$A$2)),"") | AD33: =IF(MONTH(AD32)=11,IF(IFERROR(INDEX('データ'!$B$313:$J$677,MATCH(AD32,'データ'!$A$313:$A$677,0),$A$2),0)=0,"",INDEX('データ'!$B$313:$J$677,MATCH(AD32,'データ'!$A$313:$A$677,0),$A$2)),"") | AE33: =IF(MONTH(AE32)=11,IF(IFERROR(INDEX('データ'!$B$313:$J$677,MATCH(AE32,'データ'!$A$313:$A$677,0),$A$2),0)=0,"",INDEX('データ'!$B$313:$J$677,MATCH(AE32,'データ'!$A$313:$A$677,0),$A$2)),"") | AF33: =IF(MONTH(AF32)=11,IF(IFERROR(INDEX('データ'!$B$313:$J$677,MATCH(AF32,'データ'!$A$313:$A$677,0),$A$2),0)=0,"",INDEX('データ'!$B$313:$J$677,MATCH(AF32,'データ'!$A$313:$A$677,0),$A$2)),"")
B35: 2025年12月 | J35: 2026年1月 | R35: 2026年2月 | Z35: 2026年3月
B36: 月 | C36: 火 | D36: 水 | E36: 木 | F36: 金 | G36: 土 | H36: 日 | J36: 月 | K36: 火 | L36: 水 | M36: 木 | N36: 金 | O36: 土 | P36: 日 | R36: 月 | S36: 火 | T36: 水 | U36: 木 | V36: 金 | W36: 土 | X36: 日 | Z36: 月 | AA36: 火 | AB36: 水 | AC36: 木 | AD36: 金 | AE36: 土 | AF36: 日
B37: =DATE(2025,12,1)-WEEKDAY(DATE(2025,12,1),2)+1 -> 45992 | C37: =DATE(2025,12,1)-WEEKDAY(DATE(2025,12,1),2)+2 -> 45993 | D37: =DATE(2025,12,1)-WEEKDAY(DATE(2025,12,1),2)+3 -> 45994 | E37: =DATE(2025,12,1)-WEEKDAY(DATE(2025,12,1),2)+4 -> 45995 | F37: =DATE(2025,12,1)-WEEKDAY(DATE(2025,12,1),2)+5 -> 45996 | G37: =DATE(2025,12,1)-WEEKDAY(DATE(2025,12,1),2)+6 -> 45997 | H37: =DATE(2025,12,1)-WEEKDAY(DATE(2025,12,1),2)+7 -> 45998 | J37: =DATE(2026,1,1)-WEEKDAY(DATE(2026,1,1),2)+1 -> 46020 | K37: =DATE(2026,1,1)-WEEKDAY(DATE(2026,1,1),2)+2 -> 46021 | L37: =DATE(2026,1,1)-WEEKDAY(DATE(2026,1,1),2)+3 -> 46022 | M37: =DATE(2026,1,1)-WEEKDAY(DATE(2026,1,1),2)+4 -> 46023 | N37: =DATE(2026,1,1)-WEEKDAY(DATE(2026,1,1),2)+5 -> 46024 | O37: =DATE(2026,1,1)-WEEKDAY(DATE(2026,1,1),2)+6 -> 46025 | P37: =DATE(2026,1,1)-WEEKDAY(DATE(2026,1,1),2)+7 -> 46026 | R37: =DATE(2026,2,1)-WEEKDAY(DATE(2026,2,1),2)+1 -> 46048 | S37: =DATE(2026,2,1)-WEEKDAY(DATE(2026,2,1),2)+2 -> 46049 | T37: =DATE(2026,2,1)-WEEKDAY(DATE(2026,2,1),2)+3 -> 46050 | U37: =DATE(2026,2,1)-WEEKDAY(DATE(2026,2,1),2)+4 -> 46051 | V37: =DATE(2026,2,1)-WEEKDAY(DATE(2026,2,1),2)+5 -> 46052 | W37: =DATE(2026,2,1)-WEEKDAY(DATE(2026,2,1),2)+6 -> 46053 | X37: =DATE(2026,2,1)-WEEKDAY(DATE(2026,2,1),2)+7 -> 46054 | Z37: =DATE(2026,3,1)-WEEKDAY(DATE(2026,3,1),2)+1 -> 46076 | AA37: =DATE(2026,3,1)-WEEKDAY(DATE(2026,3,1),2)+2 -> 46077 | AB37: =DATE(2026,3,1)-WEEKDAY(DATE(2026,3,1),2)+3 -> 46078 | AC37: =DATE(2026,3,1)-WEEKDAY(DATE(2026,3,1),2)+4 -> 46079 | AD37: =DATE(2026,3,1)-WEEKDAY(DATE(2026,3,1),2)+5 -> 46080 | AE37: =DATE(2026,3,1)-WEEKDAY(DATE(2026,3,1),2)+6 -> 46081 | AF37: =DATE(2026,3,1)-WEEKDAY(DATE(2026,3,1),2)+7 -> 46082
B38: =IF(MONTH(B37)=12,IF(IFERROR(INDEX('データ'!$B$313:$J$677,MATCH(B37,'データ'!$A$313:$A$677,0),$A$2),0)=0,"",INDEX('データ'!$B$313:$J$677,MATCH(B37,'データ'!$A$313:$A$677,0),$A$2)),"") -> 2293 | C38: =IF(MONTH(C37)=12,IF(IFERROR(INDEX('データ'!$B$313:$J$677,MATCH(C37,'データ'!$A$313:$A$677,0),$A$2),0)=0,"",INDEX('データ'!$B$313:$J$677,MATCH(C37,'データ'!$A$313:$A$677,0),$A$2)),"") -> 1768 | D38: =IF(MONTH(D37)=12,IF(IFERROR(INDEX('データ'!$B$313:$J$677,MATCH(D37,'データ'!$A$313:$A$677,0),$A$2),0)=0,"",INDEX('データ'!$B$313:$J$677,MATCH(D37,'データ'!$A$313:$A$677,0),$A$2)),"") -> 1990 | E38: =IF(MONTH(E37)=12,IF(IFERROR(INDEX('データ'!$B$313:$J$677,MATCH(E37,'データ'!$A$313:$A$677,0),$A$2),0)=0,"",INDEX('データ'!$B$313:$J$677,MATCH(E37,'データ'!$A$313:$A$677,0),$A$2)),"") -> 1680 | F38: =IF(MONTH(F37)=12,IF(IFERROR(INDEX('データ'!$B$313:$J$677,MATCH(F37,'データ'!$A$313:$A$677,0),$A$2),0)=0,"",INDEX('データ'!$B$313:$J$677,MATCH(F37,'データ'!$A$313:$A$677,0),$A$2)),"") -> 1739 | G38: =IF(MONTH(G37)=12,IF(IFERROR(INDEX('データ'!$B$313:$J$677,MATCH(G37,'データ'!$A$313:$A$677,0),$A$2),0)=0,"",INDEX('データ'!$B$313:$J$677,MATCH(G37,'データ'!$A$313:$A$677,0),$A$2)),"") | H38: =IF(MONTH(H37)=12,IF(IFERROR(INDEX('データ'!$B$313:$J$677,MATCH(H37,'データ'!$A$313:$A$677,0),$A$2),0)=0,"",INDEX('データ'!$B$313:$J$677,MATCH(H37,'データ'!$A$313:$A$677,0),$A$2)),"") -> 197 | J38: =IF(MONTH(J37)=1,IF(IFERROR(INDEX('データ'!$B$313:$J$677,MATCH(J37,'データ'!$A$313:$A$677,0),$A$2),0)=0,"",INDEX('データ'!$B$313:$J$677,MATCH(J37,'データ'!$A$313:$A$677,0),$A$2)),"") | K38: =IF(MONTH(K37)=1,IF(IFERROR(INDEX('データ'!$B$313:$J$677,MATCH(K37,'データ'!$A$313:$A$677,0),$A$2),0)=0,"",INDEX('データ'!$B$313:$J$677,MATCH(K37,'データ'!$A$313:$A$677,0),$A$2)),"") | L38: =IF(MONTH(L37)=1,IF(IFERROR(INDEX('データ'!$B$313:$J$677,MATCH(L37,'データ'!$A$313:$A$677,0),$A$2),0)=0,"",INDEX('データ'!$B$313:$J$677,MATCH(L37,'データ'!$A$313:$A$677,0),$A$2)),"") | M38: =IF(MONTH(M37)=1,IF(IFERROR(INDEX('データ'!$B$313:$J$677,MATCH(M37,'データ'!$A$313:$A$677,0),$A$2),0)=0,"",INDEX('データ'!$B$313:$J$677,MATCH(M37,'データ'!$A$313:$A$677,0),$A$2)),"") | N38: =IF(MONTH(N37)=1,IF(IFERROR(INDEX('データ'!$B$313:$J$677,MATCH(N37,'データ'!$A$313:$A$677,0),$A$2),0)=0,"",INDEX('データ'!$B$313:$J$677,MATCH(N37,'データ'!$A$313:$A$677,0),$A$2)),"") | O38: =IF(MONTH(O37)=1,IF(IFERROR(INDEX('データ'!$B$313:$J$677,MATCH(O37,'データ'!$A$313:$A$677,0),$A$2),0)=0,"",INDEX('データ'!$B$313:$J$677,MATCH(O37,'データ'!$A$313:$A$677,0),$A$2)),"") | P38: =IF(MONTH(P37)=1,IF(IFERROR(INDEX('データ'!$B$313:$J$677,MATCH(P37,'データ'!$A$313:$A$677,0),$A$2),0)=0,"",INDEX('データ'!$B$313:$J$677,MATCH(P37,'データ'!$A$313:$A$677,0),$A$2)),"") | R38: =IF(MONTH(R37)=2,IF(IFERROR(INDEX('データ'!$B$313:$J$677,MATCH(R37,'データ'!$A$313:$A$677,0),$A$2),0)=0,"",INDEX('データ'!$B$313:$J$677,MATCH(R37,'データ'!$A$313:$A$677,0),$A$2)),"") | S38: =IF(MONTH(S37)=2,IF(IFERROR(INDEX('データ'!$B$313:$J$677,MATCH(S37,'データ'!$A$313:$A$677,0),$A$2),0)=0,"",INDEX('データ'!$B$313:$J$677,MATCH(S37,'データ'!$A$313:$A$677,0),$A$2)),"") | T38: =IF(MONTH(T37)=2,IF(IFERROR(INDEX('データ'!$B$313:$J$677,MATCH(T37,'データ'!$A$313:$A$677,0),$A$2),0)=0,"",INDEX('データ'!$B$313:$J$677,MATCH(T37,'データ'!$A$313:$A$677,0),$A$2)),"") | U38: =IF(MONTH(U37)=2,IF(IFERROR(INDEX('データ'!$B$313:$J$677,MATCH(U37,'データ'!$A$313:$A$677,0),$A$2),0)=0,"",INDEX('データ'!$B$313:$J$677,MATCH(U37,'データ'!$A$313:$A$677,0),$A$2)),"") | V38: =IF(MONTH(V37)=2,IF(IFERROR(INDEX('データ'!$B$313:$J$677,MATCH(V37,'データ'!$A$313:$A$677,0),$A$2),0)=0,"",INDEX('データ'!$B$313:$J$677,MATCH(V37,'データ'!$A$313:$A$677,0),$A$2)),"") | W38: =IF(MONTH(W37)=2,IF(IFERROR(INDEX('データ'!$B$313:$J$677,MATCH(W37,'データ'!$A$313:$A$677,0),$A$2),0)=0,"",INDEX('データ'!$B$313:$J$677,MATCH(W37,'データ'!$A$313:$A$677,0),$A$2)),"") | X38: =IF(MONTH(X37)=2,IF(IFERROR(INDEX('データ'!$B$313:$J$677,MATCH(X37,'データ'!$A$313:$A$677,0),$A$2),0)=0,"",INDEX('データ'!$B$313:$J$677,MATCH(X37,'データ'!$A$313:$A$677,0),$A$2)),"") | Z38: =IF(MONTH(Z37)=3,IF(IFERROR(INDEX('データ'!$B$313:$J$677,MATCH(Z37,'データ'!$A$313:$A$677,0),$A$2),0)=0,"",INDEX('データ'!$B$313:$J$677,MATCH(Z37,'データ'!$A$313:$A$677,0),$A$2)),"") | AA38: =IF(MONTH(AA37)=3,IF(IFERROR(INDEX('データ'!$B$313:$J$677,MATCH(AA37,'データ'!$A$313:$A$677,0),$A$2),0)=0,"",INDEX('データ'!$B$313:$J$677,MATCH(AA37,'データ'!$A$313:$A$677,0),$A$2)),"") | AB38: =IF(MONTH(AB37)=3,IF(IFERROR(INDEX('データ'!$B$313:$J$677,MATCH(AB37,'データ'!$A$313:$A$677,0),$A$2),0)=0,"",INDEX('データ'!$B$313:$J$677,MATCH(AB37,'データ'!$A$313:$A$677,0),$A$2)),"") | AC38: =IF(MONTH(AC37)=3,IF(IFERROR(INDEX('データ'!$B$313:$J$677,MATCH(AC37,'データ'!$A$313:$A$677,0),$A$2),0)=0,"",INDEX('データ'!$B$313:$J$677,MATCH(AC37,'データ'!$A$313:$A$677,0),$A$2)),"") | AD38: =IF(MONTH(AD37)=3,IF(IFERROR(INDEX('データ'!$B$313:$J$677,MATCH(AD37,'データ'!$A$313:$A$677,0),$A$2),0)=0,"",INDEX('データ'!$B$313:$J$677,MATCH(AD37,'データ'!$A$313:$A$677,0),$A$2)),"") | AE38: =IF(MONTH(AE37)=3,IF(IFERROR(INDEX('データ'!$B$313:$J$677,MATCH(AE37,'データ'!$A$313:$A$677,0),$A$2),0)=0,"",INDEX('データ'!$B$313:$J$677,MATCH(AE37,'データ'!$A$313:$A$677,0),$A$2)),"") | AF38: =IF(MONTH(AF37)=3,IF(IFERROR(INDEX('データ'!$B$313:$J$677,MATCH(AF37,'データ'!$A$313:$A$677,0),$A$2),0)=0,"",INDEX('データ'!$B$313:$J$677,MATCH(AF37,'データ'!$A$313:$A$677,0),$A$2)),"")
B39: =DATE(2025,12,1)-WEEKDAY(DATE(2025,12,1),2)+8 -> 45999 | C39: =DATE(2025,12,1)-WEEKDAY(DATE(2025,12,1),2)+9 -> 46000 | D39: =DATE(2025,12,1)-WEEKDAY(DATE(2025,12,1),2)+10 -> 46001 | E39: =DATE(2025,12,1)-WEEKDAY(DATE(2025,12,1),2)+11 -> 46002 | F39: =DATE(2025,12,1)-WEEKDAY(DATE(2025,12,1),2)+12 -> 46003 | G39: =DATE(2025,12,1)-WEEKDAY(DATE(2025,12,1),2)+13 -> 46004 | H39: =DATE(2025,12,1)-WEEKDAY(DATE(2025,12,1),2)+14 -> 46005 | J39: =DATE(2026,1,1)-WEEKDAY(DATE(2026,1,1),2)+8 -> 46027 | K39: =DATE(2026,1,1)-WEEKDAY(DATE(2026,1,1),2)+9 -> 46028 | L39: =DATE(2026,1,1)-WEEKDAY(DATE(2026,1,1),2)+10 -> 46029 | M39: =DATE(2026,1,1)-WEEKDAY(DATE(2026,1,1),2)+11 -> 46030 | N39: =DATE(2026,1,1)-WEEKDAY(DATE(2026,1,1),2)+12 -> 46031 | O39: =DATE(2026,1,1)-WEEKDAY(DATE(2026,1,1),2)+13 -> 46032 | P39: =DATE(2026,1,1)-WEEKDAY(DATE(2026,1,1),2)+14 -> 46033 | R39: =DATE(2026,2,1)-WEEKDAY(DATE(2026,2,1),2)+8 -> 46055 | S39: =DATE(2026,2,1)-WEEKDAY(DATE(2026,2,1),2)+9 -> 46056 | T39: =DATE(2026,2,1)-WEEKDAY(DATE(2026,2,1),2)+10 -> 46057 | U39: =DATE(2026,2,1)-WEEKDAY(DATE(2026,2,1),2)+11 -> 46058 | V39: =DATE(2026,2,1)-WEEKDAY(DATE(2026,2,1),2)+12 -> 46059 | W39: =DATE(2026,2,1)-WEEKDAY(DATE(2026,2,1),2)+13 -> 46060 | X39: =DATE(2026,2,1)-WEEKDAY(DATE(2026,2,1),2)+14 -> 46061 | Z39: =DATE(2026,3,1)-WEEKDAY(DATE(2026,3,1),2)+8 -> 46083 | AA39: =DATE(2026,3,1)-WEEKDAY(DATE(2026,3,1),2)+9 -> 46084 | AB39: =DATE(2026,3,1)-WEEKDAY(DATE(2026,3,1),2)+10 -> 46085 | AC39: =DATE(2026,3,1)-WEEKDAY(DATE(2026,3,1),2)+11 -> 46086 | AD39: =DATE(2026,3,1)-WEEKDAY(DATE(2026,3,1),2)+12 -> 46087 | AE39: =DATE(2026,3,1)-WEEKDAY(DATE(2026,3,1),2)+13 -> 46088 | AF39: =DATE(2026,3,1)-WEEKDAY(DATE(2026,3,1),2)+14 -> 46089
B40: =IF(MONTH(B39)=12,IF(IFERROR(INDEX('データ'!$B$313:$J$677,MATCH(B39,'データ'!$A$313:$A$677,0),$A$2),0)=0,"",INDEX('データ'!$B$313:$J$677,MATCH(B39,'データ'!$A$313:$A$677,0),$A$2)),"") -> 3000 | C40: =IF(MONTH(C39)=12,IF(IFERROR(INDEX('データ'!$B$313:$J$677,MATCH(C39,'データ'!$A$313:$A$677,0),$A$2),0)=0,"",INDEX('データ'!$B$313:$J$677,MATCH(C39,'データ'!$A$313:$A$677,0),$A$2)),"") -> 2503 | D40: =IF(MONTH(D39)=12,IF(IFERROR(INDEX('データ'!$B$313:$J$677,MATCH(D39,'データ'!$A$313:$A$677,0),$A$2),0)=0,"",INDEX('データ'!$B$313:$J$677,MATCH(D39,'データ'!$A$313:$A$677,0),$A$2)),"") -> 2485 | E40: =IF(MONTH(E39)=12,IF(IFERROR(INDEX('データ'!$B$313:$J$677,MATCH(E39,'データ'!$A$313:$A$677,0),$A$2),0)=0,"",INDEX('データ'!$B$313:$J$677,MATCH(E39,'データ'!$A$313:$A$677,0),$A$2)),"") -> 2187 | F40: =IF(MONTH(F39)=12,IF(IFERROR(INDEX('データ'!$B$313:$J$677,MATCH(F39,'データ'!$A$313:$A$677,0),$A$2),0)=0,"",INDEX('データ'!$B$313:$J$677,MATCH(F39,'データ'!$A$313:$A$677,0),$A$2)),"") -> 2627 | G40: =IF(MONTH(G39)=12,IF(IFERROR(INDEX('データ'!$B$313:$J$677,MATCH(G39,'データ'!$A$313:$A$677,0),$A$2),0)=0,"",INDEX('データ'!$B$313:$J$677,MATCH(G39,'データ'!$A$313:$A$677,0),$A$2)),"") | H40: =IF(MONTH(H39)=12,IF(IFERROR(INDEX('データ'!$B$313:$J$677,MATCH(H39,'データ'!$A$313:$A$677,0),$A$2),0)=0,"",INDEX('データ'!$B$313:$J$677,MATCH(H39,'データ'!$A$313:$A$677,0),$A$2)),"") -> 82 | J40: =IF(MONTH(J39)=1,IF(IFERROR(INDEX('データ'!$B$313:$J$677,MATCH(J39,'データ'!$A$313:$A$677,0),$A$2),0)=0,"",INDEX('データ'!$B$313:$J$677,MATCH(J39,'データ'!$A$313:$A$677,0),$A$2)),"") -> 2509 | K40: =IF(MONTH(K39)=1,IF(IFERROR(INDEX('データ'!$B$313:$J$677,MATCH(K39,'データ'!$A$313:$A$677,0),$A$2),0)=0,"",INDEX('データ'!$B$313:$J$677,MATCH(K39,'データ'!$A$313:$A$677,0),$A$2)),"") -> 1676 | L40: =IF(MONTH(L39)=1,IF(IFERROR(INDEX('データ'!$B$313:$J$677,MATCH(L39,'データ'!$A$313:$A$677,0),$A$2),0)=0,"",INDEX('データ'!$B$313:$J$677,MATCH(L39,'データ'!$A$313:$A$677,0),$A$2)),"") -> 1639 | M40: =IF(MONTH(M39)=1,IF(IFERROR(INDEX('データ'!$B$313:$J$677,MATCH(M39,'データ'!$A$313:$A$677,0),$A$2),0)=0,"",INDEX('データ'!$B$313:$J$677,MATCH(M39,'データ'!$A$313:$A$677,0),$A$2)),"") -> 1579 | N40: =IF(MONTH(N39)=1,IF(IFERROR(INDEX('データ'!$B$313:$J$677,MATCH(N39,'データ'!$A$313:$A$677,0),$A$2),0)=0,"",INDEX('データ'!$B$313:$J$677,MATCH(N39,'データ'!$A$313:$A$677,0),$A$2)),"") -> 1792 | O40: =IF(MONTH(O39)=1,IF(IFERROR(INDEX('データ'!$B$313:$J$677,MATCH(O39,'データ'!$A$313:$A$677,0),$A$2),0)=0,"",INDEX('データ'!$B$313:$J$677,MATCH(O39,'データ'!$A$313:$A$677,0),$A$2)),"") -> 12 | P40: =IF(MONTH(P39)=1,IF(IFERROR(INDEX('データ'!$B$313:$J$677,MATCH(P39,'データ'!$A$313:$A$677,0),$A$2),0)=0,"",INDEX('データ'!$B$313:$J$677,MATCH(P39,'データ'!$A$313:$A$677,0),$A$2)),"") -> 130 | R40: =IF(MONTH(R39)=2,IF(IFERROR(INDEX('データ'!$B$313:$J$677,MATCH(R39,'データ'!$A$313:$A$677,0),$A$2),0)=0,"",INDEX('データ'!$B$313:$J$677,MATCH(R39,'データ'!$A$313:$A$677,0),$A$2)),"") -> 3969 | S40: =IF(MONTH(S39)=2,IF(IFERROR(INDEX('データ'!$B$313:$J$677,MATCH(S39,'データ'!$A$313:$A$677,0),$A$2),0)=0,"",INDEX('データ'!$B$313:$J$677,MATCH(S39,'データ'!$A$313:$A$677,0),$A$2)),"") -> 3570 | T40: =IF(MONTH(T39)=2,IF(IFERROR(INDEX('データ'!$B$313:$J$677,MATCH(T39,'データ'!$A$313:$A$677,0),$A$2),0)=0,"",INDEX('データ'!$B$313:$J$677,MATCH(T39,'データ'!$A$313:$A$677,0),$A$2)),"") -> 3707 | U40: =IF(MONTH(U39)=2,IF(IFERROR(INDEX('データ'!$B$313:$J$677,MATCH(U39,'データ'!$A$313:$A$677,0),$A$2),0)=0,"",INDEX('データ'!$B$313:$J$677,MATCH(U39,'データ'!$A$313:$A$677,0),$A$2)),"") -> 3646 | V40: =IF(MONTH(V39)=2,IF(IFERROR(INDEX('データ'!$B$313:$J$677,MATCH(V39,'データ'!$A$313:$A$677,0),$A$2),0)=0,"",INDEX('データ'!$B$313:$J$677,MATCH(V39,'データ'!$A$313:$A$677,0),$A$2)),"") -> 3758 | W40: =IF(MONTH(W39)=2,IF(IFERROR(INDEX('データ'!$B$313:$J$677,MATCH(W39,'データ'!$A$313:$A$677,0),$A$2),0)=0,"",INDEX('データ'!$B$313:$J$677,MATCH(W39,'データ'!$A$313:$A$677,0),$A$2)),"") | X40: =IF(MONTH(X39)=2,IF(IFERROR(INDEX('データ'!$B$313:$J$677,MATCH(X39,'データ'!$A$313:$A$677,0),$A$2),0)=0,"",INDEX('データ'!$B$313:$J$677,MATCH(X39,'データ'!$A$313:$A$677,0),$A$2)),"") | Z40: =IF(MONTH(Z39)=3,IF(IFERROR(INDEX('データ'!$B$313:$J$677,MATCH(Z39,'データ'!$A$313:$A$677,0),$A$2),0)=0,"",INDEX('データ'!$B$313:$J$677,MATCH(Z39,'データ'!$A$313:$A$677,0),$A$2)),"") -> 4534 | AA40: =IF(MONTH(AA39)=3,IF(IFERROR(INDEX('データ'!$B$313:$J$677,MATCH(AA39,'データ'!$A$313:$A$677,0),$A$2),0)=0,"",INDEX('データ'!$B$313:$J$677,MATCH(AA39,'データ'!$A$313:$A$677,0),$A$2)),"") -> 3844 | AB40: =IF(MONTH(AB39)=3,IF(IFERROR(INDEX('データ'!$B$313:$J$677,MATCH(AB39,'データ'!$A$313:$A$677,0),$A$2),0)=0,"",INDEX('データ'!$B$313:$J$677,MATCH(AB39,'データ'!$A$313:$A$677,0),$A$2)),"") -> 3913 | AC40: =IF(MONTH(AC39)=3,IF(IFERROR(INDEX('データ'!$B$313:$J$677,MATCH(AC39,'データ'!$A$313:$A$677,0),$A$2),0)=0,"",INDEX('データ'!$B$313:$J$677,MATCH(AC39,'データ'!$A$313:$A$677,0),$A$2)),"") -> 4210 | AD40: =IF(MONTH(AD39)=3,IF(IFERROR(INDEX('データ'!$B$313:$J$677,MATCH(AD39,'データ'!$A$313:$A$677,0),$A$2),0)=0,"",INDEX('データ'!$B$313:$J$677,MATCH(AD39,'データ'!$A$313:$A$677,0),$A$2)),"") -> 3427 | AE40: =IF(MONTH(AE39)=3,IF(IFERROR(INDEX('データ'!$B$313:$J$677,MATCH(AE39,'データ'!$A$313:$A$677,0),$A$2),0)=0,"",INDEX('データ'!$B$313:$J$677,MATCH(AE39,'データ'!$A$313:$A$677,0),$A$2)),"") | AF40: =IF(MONTH(AF39)=3,IF(IFERROR(INDEX('データ'!$B$313:$J$677,MATCH(AF39,'データ'!$A$313:$A$677,0),$A$2),0)=0,"",INDEX('データ'!$B$313:$J$677,MATCH(AF39,'データ'!$A$313:$A$677,0),$A$2)),"") -> 276
B41: =DATE(2025,12,1)-WEEKDAY(DATE(2025,12,1),2)+15 -> 46006 | C41: =DATE(2025,12,1)-WEEKDAY(DATE(2025,12,1),2)+16 -> 46007 | D41: =DATE(2025,12,1)-WEEKDAY(DATE(2025,12,1),2)+17 -> 46008 | E41: =DATE(2025,12,1)-WEEKDAY(DATE(2025,12,1),2)+18 -> 46009 | F41: =DATE(2025,12,1)-WEEKDAY(DATE(2025,12,1),2)+19 -> 46010 | G41: =DATE(2025,12,1)-WEEKDAY(DATE(2025,12,1),2)+20 -> 46011 | H41: =DATE(2025,12,1)-WEEKDAY(DATE(2025,12,1),2)+21 -> 46012 | J41: =DATE(2026,1,1)-WEEKDAY(DATE(2026,1,1),2)+15 -> 46034 | K41: =DATE(2026,1,1)-WEEKDAY(DATE(2026,1,1),2)+16 -> 46035 | L41: =DATE(2026,1,1)-WEEKDAY(DATE(2026,1,1),2)+17 -> 46036 | M41: =DATE(2026,1,1)-WEEKDAY(DATE(2026,1,1),2)+18 -> 46037 | N41: =DATE(2026,1,1)-WEEKDAY(DATE(2026,1,1),2)+19 -> 46038 | O41: =DATE(2026,1,1)-WEEKDAY(DATE(2026,1,1),2)+20 -> 46039 | P41: =DATE(2026,1,1)-WEEKDAY(DATE(2026,1,1),2)+21 -> 46040 | R41: =DATE(2026,2,1)-WEEKDAY(DATE(2026,2,1),2)+15 -> 46062 | S41: =DATE(2026,2,1)-WEEKDAY(DATE(2026,2,1),2)+16 -> 46063 | T41: =DATE(2026,2,1)-WEEKDAY(DATE(2026,2,1),2)+17 -> 46064 | U41: =DATE(2026,2,1)-WEEKDAY(DATE(2026,2,1),2)+18 -> 46065 | V41: =DATE(2026,2,1)-WEEKDAY(DATE(2026,2,1),2)+19 -> 46066 | W41: =DATE(2026,2,1)-WEEKDAY(DATE(2026,2,1),2)+20 -> 46067 | X41: =DATE(2026,2,1)-WEEKDAY(DATE(2026,2,1),2)+21 -> 46068 | Z41: =DATE(2026,3,1)-WEEKDAY(DATE(2026,3,1),2)+15 -> 46090 | AA41: =DATE(2026,3,1)-WEEKDAY(DATE(2026,3,1),2)+16 -> 46091 | AB41: =DATE(2026,3,1)-WEEKDAY(DATE(2026,3,1),2)+17 -> 46092 | AC41: =DATE(2026,3,1)-WEEKDAY(DATE(2026,3,1),2)+18 -> 46093 | AD41: =DATE(2026,3,1)-WEEKDAY(DATE(2026,3,1),2)+19 -> 46094 | AE41: =DATE(2026,3,1)-WEEKDAY(DATE(2026,3,1),2)+20 -> 46095 | AF41: =DATE(2026,3,1)-WEEKDAY(DATE(2026,3,1),2)+21 -> 46096
B42: =IF(MONTH(B41)=12,IF(IFERROR(INDEX('データ'!$B$313:$J$677,MATCH(B41,'データ'!$A$313:$A$677,0),$A$2),0)=0,"",INDEX('データ'!$B$313:$J$677,MATCH(B41,'データ'!$A$313:$A$677,0),$A$2)),"") -> 3426 | C42: =IF(MONTH(C41)=12,IF(IFERROR(INDEX('データ'!$B$313:$J$677,MATCH(C41,'データ'!$A$313:$A$677,0),$A$2),0)=0,"",INDEX('データ'!$B$313:$J$677,MATCH(C41,'データ'!$A$313:$A$677,0),$A$2)),"") -> 3088 | D42: =IF(MONTH(D41)=12,IF(IFERROR(INDEX('データ'!$B$313:$J$677,MATCH(D41,'データ'!$A$313:$A$677,0),$A$2),0)=0,"",INDEX('データ'!$B$313:$J$677,MATCH(D41,'データ'!$A$313:$A$677,0),$A$2)),"") -> 2797 | E42: =IF(MONTH(E41)=12,IF(IFERROR(INDEX('データ'!$B$313:$J$677,MATCH(E41,'データ'!$A$313:$A$677,0),$A$2),0)=0,"",INDEX('データ'!$B$313:$J$677,MATCH(E41,'データ'!$A$313:$A$677,0),$A$2)),"") -> 3162 | F42: =IF(MONTH(F41)=12,IF(IFERROR(INDEX('データ'!$B$313:$J$677,MATCH(F41,'データ'!$A$313:$A$677,0),$A$2),0)=0,"",INDEX('データ'!$B$313:$J$677,MATCH(F41,'データ'!$A$313:$A$677,0),$A$2)),"") -> 3221 | G42: =IF(MONTH(G41)=12,IF(IFERROR(INDEX('データ'!$B$313:$J$677,MATCH(G41,'データ'!$A$313:$A$677,0),$A$2),0)=0,"",INDEX('データ'!$B$313:$J$677,MATCH(G41,'データ'!$A$313:$A$677,0),$A$2)),"") | H42: =IF(MONTH(H41)=12,IF(IFERROR(INDEX('データ'!$B$313:$J$677,MATCH(H41,'データ'!$A$313:$A$677,0),$A$2),0)=0,"",INDEX('データ'!$B$313:$J$677,MATCH(H41,'データ'!$A$313:$A$677,0),$A$2)),"") | J42: =IF(MONTH(J41)=1,IF(IFERROR(INDEX('データ'!$B$313:$J$677,MATCH(J41,'データ'!$A$313:$A$677,0),$A$2),0)=0,"",INDEX('データ'!$B$313:$J$677,MATCH(J41,'データ'!$A$313:$A$677,0),$A$2)),"") -> 13 | K42: =IF(MONTH(K41)=1,IF(IFERROR(INDEX('データ'!$B$313:$J$677,MATCH(K41,'データ'!$A$313:$A$677,0),$A$2),0)=0,"",INDEX('データ'!$B$313:$J$677,MATCH(K41,'データ'!$A$313:$A$677,0),$A$2)),"") -> 1868 | L42: =IF(MONTH(L41)=1,IF(IFERROR(INDEX('データ'!$B$313:$J$677,MATCH(L41,'データ'!$A$313:$A$677,0),$A$2),0)=0,"",INDEX('データ'!$B$313:$J$677,MATCH(L41,'データ'!$A$313:$A$677,0),$A$2)),"") -> 1863 | M42: =IF(MONTH(M41)=1,IF(IFERROR(INDEX('データ'!$B$313:$J$677,MATCH(M41,'データ'!$A$313:$A$677,0),$A$2),0)=0,"",INDEX('データ'!$B$313:$J$677,MATCH(M41,'データ'!$A$313:$A$677,0),$A$2)),"") -> 1638 | N42: =IF(MONTH(N41)=1,IF(IFERROR(INDEX('データ'!$B$313:$J$677,MATCH(N41,'データ'!$A$313:$A$677,0),$A$2),0)=0,"",INDEX('データ'!$B$313:$J$677,MATCH(N41,'データ'!$A$313:$A$677,0),$A$2)),"") -> 1783 | O42: =IF(MONTH(O41)=1,IF(IFERROR(INDEX('データ'!$B$313:$J$677,MATCH(O41,'データ'!$A$313:$A$677,0),$A$2),0)=0,"",INDEX('データ'!$B$313:$J$677,MATCH(O41,'データ'!$A$313:$A$677,0),$A$2)),"") -> 74 | P42: =IF(MONTH(P41)=1,IF(IFERROR(INDEX('データ'!$B$313:$J$677,MATCH(P41,'データ'!$A$313:$A$677,0),$A$2),0)=0,"",INDEX('データ'!$B$313:$J$677,MATCH(P41,'データ'!$A$313:$A$677,0),$A$2)),"") -> 183 | R42: =IF(MONTH(R41)=2,IF(IFERROR(INDEX('データ'!$B$313:$J$677,MATCH(R41,'データ'!$A$313:$A$677,0),$A$2),0)=0,"",INDEX('データ'!$B$313:$J$677,MATCH(R41,'データ'!$A$313:$A$677,0),$A$2)),"") -> 2801 | S42: =IF(MONTH(S41)=2,IF(IFERROR(INDEX('データ'!$B$313:$J$677,MATCH(S41,'データ'!$A$313:$A$677,0),$A$2),0)=0,"",INDEX('データ'!$B$313:$J$677,MATCH(S41,'データ'!$A$313:$A$677,0),$A$2)),"") -> 3551 | T42: =IF(MONTH(T41)=2,IF(IFERROR(INDEX('データ'!$B$313:$J$677,MATCH(T41,'データ'!$A$313:$A$677,0),$A$2),0)=0,"",INDEX('データ'!$B$313:$J$677,MATCH(T41,'データ'!$A$313:$A$677,0),$A$2)),"") | U42: =IF(MONTH(U41)=2,IF(IFERROR(INDEX('データ'!$B$313:$J$677,MATCH(U41,'データ'!$A$313:$A$677,0),$A$2),0)=0,"",INDEX('データ'!$B$313:$J$677,MATCH(U41,'データ'!$A$313:$A$677,0),$A$2)),"") -> 4309 | V42: =IF(MONTH(V41)=2,IF(IFERROR(INDEX('データ'!$B$313:$J$677,MATCH(V41,'データ'!$A$313:$A$677,0),$A$2),0)=0,"",INDEX('データ'!$B$313:$J$677,MATCH(V41,'データ'!$A$313:$A$677,0),$A$2)),"") -> 4158 | W42: =IF(MONTH(W41)=2,IF(IFERROR(INDEX('データ'!$B$313:$J$677,MATCH(W41,'データ'!$A$313:$A$677,0),$A$2),0)=0,"",INDEX('データ'!$B$313:$J$677,MATCH(W41,'データ'!$A$313:$A$677,0),$A$2)),"") | X42: =IF(MONTH(X41)=2,IF(IFERROR(INDEX('データ'!$B$313:$J$677,MATCH(X41,'データ'!$A$313:$A$677,0),$A$2),0)=0,"",INDEX('データ'!$B$313:$J$677,MATCH(X41,'データ'!$A$313:$A$677,0),$A$2)),"") | Z42: =IF(MONTH(Z41)=3,IF(IFERROR(INDEX('データ'!$B$313:$J$677,MATCH(Z41,'データ'!$A$313:$A$677,0),$A$2),0)=0,"",INDEX('データ'!$B$313:$J$677,MATCH(Z41,'データ'!$A$313:$A$677,0),$A$2)),"") -> 4814 | AA42: =IF(MONTH(AA41)=3,IF(IFERROR(INDEX('データ'!$B$313:$J$677,MATCH(AA41,'データ'!$A$313:$A$677,0),$A$2),0)=0,"",INDEX('データ'!$B$313:$J$677,MATCH(AA41,'データ'!$A$313:$A$677,0),$A$2)),"") -> 4029 | AB42: =IF(MONTH(AB41)=3,IF(IFERROR(INDEX('データ'!$B$313:$J$677,MATCH(AB41,'データ'!$A$313:$A$677,0),$A$2),0)=0,"",INDEX('データ'!$B$313:$J$677,MATCH(AB41,'データ'!$A$313:$A$677,0),$A$2)),"") -> 3934 | AC42: =IF(MONTH(AC41)=3,IF(IFERROR(INDEX('データ'!$B$313:$J$677,MATCH(AC41,'データ'!$A$313:$A$677,0),$A$2),0)=0,"",INDEX('データ'!$B$313:$J$677,MATCH(AC41,'データ'!$A$313:$A$677,0),$A$2)),"") -> 3728 | AD42: =IF(MONTH(AD41)=3,IF(IFERROR(INDEX('データ'!$B$313:$J$677,MATCH(AD41,'データ'!$A$313:$A$677,0),$A$2),0)=0,"",INDEX('データ'!$B$313:$J$677,MATCH(AD41,'データ'!$A$313:$A$677,0),$A$2)),"") -> 3904 | AE42: =IF(MONTH(AE41)=3,IF(IFERROR(INDEX('データ'!$B$313:$J$677,MATCH(AE41,'データ'!$A$313:$A$677,0),$A$2),0)=0,"",INDEX('データ'!$B$313:$J$677,MATCH(AE41,'データ'!$A$313:$A$677,0),$A$2)),"") | AF42: =IF(MONTH(AF41)=3,IF(IFERROR(INDEX('データ'!$B$313:$J$677,MATCH(AF41,'データ'!$A$313:$A$677,0),$A$2),0)=0,"",INDEX('データ'!$B$313:$J$677,MATCH(AF41,'データ'!$A$313:$A$677,0),$A$2)),"")
B43: =DATE(2025,12,1)-WEEKDAY(DATE(2025,12,1),2)+22 -> 46013 | C43: =DATE(2025,12,1)-WEEKDAY(DATE(2025,12,1),2)+23 -> 46014 | D43: =DATE(2025,12,1)-WEEKDAY(DATE(2025,12,1),2)+24 -> 46015 | E43: =DATE(2025,12,1)-WEEKDAY(DATE(2025,12,1),2)+25 -> 46016 | F43: =DATE(2025,12,1)-WEEKDAY(DATE(2025,12,1),2)+26 -> 46017 | G43: =DATE(2025,12,1)-WEEKDAY(DATE(2025,12,1),2)+27 -> 46018 | H43: =DATE(2025,12,1)-WEEKDAY(DATE(2025,12,1),2)+28 -> 46019 | J43: =DATE(2026,1,1)-WEEKDAY(DATE(2026,1,1),2)+22 -> 46041 | K43: =DATE(2026,1,1)-WEEKDAY(DATE(2026,1,1),2)+23 -> 46042 | L43: =DATE(2026,1,1)-WEEKDAY(DATE(2026,1,1),2)+24 -> 46043 | M43: =DATE(2026,1,1)-WEEKDAY(DATE(2026,1,1),2)+25 -> 46044 | N43: =DATE(2026,1,1)-WEEKDAY(DATE(2026,1,1),2)+26 -> 46045 | O43: =DATE(2026,1,1)-WEEKDAY(DATE(2026,1,1),2)+27 -> 46046 | P43: =DATE(2026,1,1)-WEEKDAY(DATE(2026,1,1),2)+28 -> 46047 | R43: =DATE(2026,2,1)-WEEKDAY(DATE(2026,2,1),2)+22 -> 46069 | S43: =DATE(2026,2,1)-WEEKDAY(DATE(2026,2,1),2)+23 -> 46070 | T43: =DATE(2026,2,1)-WEEKDAY(DATE(2026,2,1),2)+24 -> 46071 | U43: =DATE(2026,2,1)-WEEKDAY(DATE(2026,2,1),2)+25 -> 46072 | V43: =DATE(2026,2,1)-WEEKDAY(DATE(2026,2,1),2)+26 -> 46073 | W43: =DATE(2026,2,1)-WEEKDAY(DATE(2026,2,1),2)+27 -> 46074 | X43: =DATE(2026,2,1)-WEEKDAY(DATE(2026,2,1),2)+28 -> 46075 | Z43: =DATE(2026,3,1)-WEEKDAY(DATE(2026,3,1),2)+22 -> 46097 | AA43: =DATE(2026,3,1)-WEEKDAY(DATE(2026,3,1),2)+23 -> 46098 | AB43: =DATE(2026,3,1)-WEEKDAY(DATE(2026,3,1),2)+24 -> 46099 | AC43: =DATE(2026,3,1)-WEEKDAY(DATE(2026,3,1),2)+25 -> 46100 | AD43: =DATE(2026,3,1)-WEEKDAY(DATE(2026,3,1),2)+26 -> 46101 | AE43: =DATE(2026,3,1)-WEEKDAY(DATE(2026,3,1),2)+27 -> 46102 | AF43: =DATE(2026,3,1)-WEEKDAY(DATE(2026,3,1),2)+28 -> 46103
B44: =IF(MONTH(B43)=12,IF(IFERROR(INDEX('データ'!$B$313:$J$677,MATCH(B43,'データ'!$A$313:$A$677,0),$A$2),0)=0,"",INDEX('データ'!$B$313:$J$677,MATCH(B43,'データ'!$A$313:$A$677,0),$A$2)),"") -> 3595 | C44: =IF(MONTH(C43)=12,IF(IFERROR(INDEX('データ'!$B$313:$J$677,MATCH(C43,'データ'!$A$313:$A$677,0),$A$2),0)=0,"",INDEX('データ'!$B$313:$J$677,MATCH(C43,'データ'!$A$313:$A$677,0),$A$2)),"") -> 3321 | D44: =IF(MONTH(D43)=12,IF(IFERROR(INDEX('データ'!$B$313:$J$677,MATCH(D43,'データ'!$A$313:$A$677,0),$A$2),0)=0,"",INDEX('データ'!$B$313:$J$677,MATCH(D43,'データ'!$A$313:$A$677,0),$A$2)),"") -> 2968 | E44: =IF(MONTH(E43)=12,IF(IFERROR(INDEX('データ'!$B$313:$J$677,MATCH(E43,'データ'!$A$313:$A$677,0),$A$2),0)=0,"",INDEX('データ'!$B$313:$J$677,MATCH(E43,'データ'!$A$313:$A$677,0),$A$2)),"") -> 3238 | F44: =IF(MONTH(F43)=12,IF(IFERROR(INDEX('データ'!$B$313:$J$677,MATCH(F43,'データ'!$A$313:$A$677,0),$A$2),0)=0,"",INDEX('データ'!$B$313:$J$677,MATCH(F43,'データ'!$A$313:$A$677,0),$A$2)),"") -> 3517 | G44: =IF(MONTH(G43)=12,IF(IFERROR(INDEX('データ'!$B$313:$J$677,MATCH(G43,'データ'!$A$313:$A$677,0),$A$2),0)=0,"",INDEX('データ'!$B$313:$J$677,MATCH(G43,'データ'!$A$313:$A$677,0),$A$2)),"") | H44: =IF(MONTH(H43)=12,IF(IFERROR(INDEX('データ'!$B$313:$J$677,MATCH(H43,'データ'!$A$313:$A$677,0),$A$2),0)=0,"",INDEX('データ'!$B$313:$J$677,MATCH(H43,'データ'!$A$313:$A$677,0),$A$2)),"") | J44: =IF(MONTH(J43)=1,IF(IFERROR(INDEX('データ'!$B$313:$J$677,MATCH(J43,'データ'!$A$313:$A$677,0),$A$2),0)=0,"",INDEX('データ'!$B$313:$J$677,MATCH(J43,'データ'!$A$313:$A$677,0),$A$2)),"") -> 3248 | K44: =IF(MONTH(K43)=1,IF(IFERROR(INDEX('データ'!$B$313:$J$677,MATCH(K43,'データ'!$A$313:$A$677,0),$A$2),0)=0,"",INDEX('データ'!$B$313:$J$677,MATCH(K43,'データ'!$A$313:$A$677,0),$A$2)),"") -> 2759 | L44: =IF(MONTH(L43)=1,IF(IFERROR(INDEX('データ'!$B$313:$J$677,MATCH(L43,'データ'!$A$313:$A$677,0),$A$2),0)=0,"",INDEX('データ'!$B$313:$J$677,MATCH(L43,'データ'!$A$313:$A$677,0),$A$2)),"") -> 2809 | M44: =IF(MONTH(M43)=1,IF(IFERROR(INDEX('データ'!$B$313:$J$677,MATCH(M43,'データ'!$A$313:$A$677,0),$A$2),0)=0,"",INDEX('データ'!$B$313:$J$677,MATCH(M43,'データ'!$A$313:$A$677,0),$A$2)),"") -> 2484 | N44: =IF(MONTH(N43)=1,IF(IFERROR(INDEX('データ'!$B$313:$J$677,MATCH(N43,'データ'!$A$313:$A$677,0),$A$2),0)=0,"",INDEX('データ'!$B$313:$J$677,MATCH(N43,'データ'!$A$313:$A$677,0),$A$2)),"") -> 2843 | O44: =IF(MONTH(O43)=1,IF(IFERROR(INDEX('データ'!$B$313:$J$677,MATCH(O43,'データ'!$A$313:$A$677,0),$A$2),0)=0,"",INDEX('データ'!$B$313:$J$677,MATCH(O43,'データ'!$A$313:$A$677,0),$A$2)),"") -> 70 | P44: =IF(MONTH(P43)=1,IF(IFERROR(INDEX('データ'!$B$313:$J$677,MATCH(P43,'データ'!$A$313:$A$677,0),$A$2),0)=0,"",INDEX('データ'!$B$313:$J$677,MATCH(P43,'データ'!$A$313:$A$677,0),$A$2)),"") -> 62 | R44: =IF(MONTH(R43)=2,IF(IFERROR(INDEX('データ'!$B$313:$J$677,MATCH(R43,'データ'!$A$313:$A$677,0),$A$2),0)=0,"",INDEX('データ'!$B$313:$J$677,MATCH(R43,'データ'!$A$313:$A$677,0),$A$2)),"") -> 4331 | S44: =IF(MONTH(S43)=2,IF(IFERROR(INDEX('データ'!$B$313:$J$677,MATCH(S43,'データ'!$A$313:$A$677,0),$A$2),0)=0,"",INDEX('データ'!$B$313:$J$677,MATCH(S43,'データ'!$A$313:$A$677,0),$A$2)),"") -> 3927 | T44: =IF(MONTH(T43)=2,IF(IFERROR(INDEX('データ'!$B$313:$J$677,MATCH(T43,'データ'!$A$313:$A$677,0),$A$2),0)=0,"",INDEX('データ'!$B$313:$J$677,MATCH(T43,'データ'!$A$313:$A$677,0),$A$2)),"") -> 3757 | U44: =IF(MONTH(U43)=2,IF(IFERROR(INDEX('データ'!$B$313:$J$677,MATCH(U43,'データ'!$A$313:$A$677,0),$A$2),0)=0,"",INDEX('データ'!$B$313:$J$677,MATCH(U43,'データ'!$A$313:$A$677,0),$A$2)),"") -> 3584 | V44: =IF(MONTH(V43)=2,IF(IFERROR(INDEX('データ'!$B$313:$J$677,MATCH(V43,'データ'!$A$313:$A$677,0),$A$2),0)=0,"",INDEX('データ'!$B$313:$J$677,MATCH(V43,'データ'!$A$313:$A$677,0),$A$2)),"") -> 3766 | W44: =IF(MONTH(W43)=2,IF(IFERROR(INDEX('データ'!$B$313:$J$677,MATCH(W43,'データ'!$A$313:$A$677,0),$A$2),0)=0,"",INDEX('データ'!$B$313:$J$677,MATCH(W43,'データ'!$A$313:$A$677,0),$A$2)),"") | X44: =IF(MONTH(X43)=2,IF(IFERROR(INDEX('データ'!$B$313:$J$677,MATCH(X43,'データ'!$A$313:$A$677,0),$A$2),0)=0,"",INDEX('データ'!$B$313:$J$677,MATCH(X43,'データ'!$A$313:$A$677,0),$A$2)),"") | Z44: =IF(MONTH(Z43)=3,IF(IFERROR(INDEX('データ'!$B$313:$J$677,MATCH(Z43,'データ'!$A$313:$A$677,0),$A$2),0)=0,"",INDEX('データ'!$B$313:$J$677,MATCH(Z43,'データ'!$A$313:$A$677,0),$A$2)),"") -> 4720 | AA44: =IF(MONTH(AA43)=3,IF(IFERROR(INDEX('データ'!$B$313:$J$677,MATCH(AA43,'データ'!$A$313:$A$677,0),$A$2),0)=0,"",INDEX('データ'!$B$313:$J$677,MATCH(AA43,'データ'!$A$313:$A$677,0),$A$2)),"") -> 3807 | AB44: =IF(MONTH(AB43)=3,IF(IFERROR(INDEX('データ'!$B$313:$J$677,MATCH(AB43,'データ'!$A$313:$A$677,0),$A$2),0)=0,"",INDEX('データ'!$B$313:$J$677,MATCH(AB43,'データ'!$A$313:$A$677,0),$A$2)),"") -> 3054 | AC44: =IF(MONTH(AC43)=3,IF(IFERROR(INDEX('データ'!$B$313:$J$677,MATCH(AC43,'データ'!$A$313:$A$677,0),$A$2),0)=0,"",INDEX('データ'!$B$313:$J$677,MATCH(AC43,'データ'!$A$313:$A$677,0),$A$2)),"") -> 3957 | AD44: =IF(MONTH(AD43)=3,IF(IFERROR(INDEX('データ'!$B$313:$J$677,MATCH(AD43,'データ'!$A$313:$A$677,0),$A$2),0)=0,"",INDEX('データ'!$B$313:$J$677,MATCH(AD43,'データ'!$A$313:$A$677,0),$A$2)),"") | AE44: =IF(MONTH(AE43)=3,IF(IFERROR(INDEX('データ'!$B$313:$J$677,MATCH(AE43,'データ'!$A$313:$A$677,0),$A$2),0)=0,"",INDEX('データ'!$B$313:$J$677,MATCH(AE43,'データ'!$A$313:$A$677,0),$A$2)),"") | AF44: =IF(MONTH(AF43)=3,IF(IFERROR(INDEX('データ'!$B$313:$J$677,MATCH(AF43,'データ'!$A$313:$A$677,0),$A$2),0)=0,"",INDEX('データ'!$B$313:$J$677,MATCH(AF43,'データ'!$A$313:$A$677,0),$A$2)),"")
B45: =DATE(2025,12,1)-WEEKDAY(DATE(2025,12,1),2)+29 -> 46020 | C45: =DATE(2025,12,1)-WEEKDAY(DATE(2025,12,1),2)+30 -> 46021 | D45: =DATE(2025,12,1)-WEEKDAY(DATE(2025,12,1),2)+31 -> 46022 | E45: =DATE(2025,12,1)-WEEKDAY(DATE(2025,12,1),2)+32 -> 46023 | F45: =DATE(2025,12,1)-WEEKDAY(DATE(2025,12,1),2)+33 -> 46024 | G45: =DATE(2025,12,1)-WEEKDAY(DATE(2025,12,1),2)+34 -> 46025 | H45: =DATE(2025,12,1)-WEEKDAY(DATE(2025,12,1),2)+35 -> 46026 | J45: =DATE(2026,1,1)-WEEKDAY(DATE(2026,1,1),2)+29 -> 46048 | K45: =DATE(2026,1,1)-WEEKDAY(DATE(2026,1,1),2)+30 -> 46049 | L45: =DATE(2026,1,1)-WEEKDAY(DATE(2026,1,1),2)+31 -> 46050 | M45: =DATE(2026,1,1)-WEEKDAY(DATE(2026,1,1),2)+32 -> 46051 | N45: =DATE(2026,1,1)-WEEKDAY(DATE(2026,1,1),2)+33 -> 46052 | O45: =DATE(2026,1,1)-WEEKDAY(DATE(2026,1,1),2)+34 -> 46053 | P45: =DATE(2026,1,1)-WEEKDAY(DATE(2026,1,1),2)+35 -> 46054 | R45: =DATE(2026,2,1)-WEEKDAY(DATE(2026,2,1),2)+29 -> 46076 | S45: =DATE(2026,2,1)-WEEKDAY(DATE(2026,2,1),2)+30 -> 46077 | T45: =DATE(2026,2,1)-WEEKDAY(DATE(2026,2,1),2)+31 -> 46078 | U45: =DATE(2026,2,1)-WEEKDAY(DATE(2026,2,1),2)+32 -> 46079 | V45: =DATE(2026,2,1)-WEEKDAY(DATE(2026,2,1),2)+33 -> 46080 | W45: =DATE(2026,2,1)-WEEKDAY(DATE(2026,2,1),2)+34 -> 46081 | X45: =DATE(2026,2,1)-WEEKDAY(DATE(2026,2,1),2)+35 -> 46082 | Z45: =DATE(2026,3,1)-WEEKDAY(DATE(2026,3,1),2)+29 -> 46104 | AA45: =DATE(2026,3,1)-WEEKDAY(DATE(2026,3,1),2)+30 -> 46105 | AB45: =DATE(2026,3,1)-WEEKDAY(DATE(2026,3,1),2)+31 -> 46106 | AC45: =DATE(2026,3,1)-WEEKDAY(DATE(2026,3,1),2)+32 -> 46107 | AD45: =DATE(2026,3,1)-WEEKDAY(DATE(2026,3,1),2)+33 -> 46108 | AE45: =DATE(2026,3,1)-WEEKDAY(DATE(2026,3,1),2)+34 -> 46109 | AF45: =DATE(2026,3,1)-WEEKDAY(DATE(2026,3,1),2)+35 -> 46110
B46: =IF(MONTH(B45)=12,IF(IFERROR(INDEX('データ'!$B$313:$J$677,MATCH(B45,'データ'!$A$313:$A$677,0),$A$2),0)=0,"",INDEX('データ'!$B$313:$J$677,MATCH(B45,'データ'!$A$313:$A$677,0),$A$2)),"") | C46: =IF(MONTH(C45)=12,IF(IFERROR(INDEX('データ'!$B$313:$J$677,MATCH(C45,'データ'!$A$313:$A$677,0),$A$2),0)=0,"",INDEX('データ'!$B$313:$J$677,MATCH(C45,'データ'!$A$313:$A$677,0),$A$2)),"") | D46: =IF(MONTH(D45)=12,IF(IFERROR(INDEX('データ'!$B$313:$J$677,MATCH(D45,'データ'!$A$313:$A$677,0),$A$2),0)=0,"",INDEX('データ'!$B$313:$J$677,MATCH(D45,'データ'!$A$313:$A$677,0),$A$2)),"") | E46: =IF(MONTH(E45)=12,IF(IFERROR(INDEX('データ'!$B$313:$J$677,MATCH(E45,'データ'!$A$313:$A$677,0),$A$2),0)=0,"",INDEX('データ'!$B$313:$J$677,MATCH(E45,'データ'!$A$313:$A$677,0),$A$2)),"") | F46: =IF(MONTH(F45)=12,IF(IFERROR(INDEX('データ'!$B$313:$J$677,MATCH(F45,'データ'!$A$313:$A$677,0),$A$2),0)=0,"",INDEX('データ'!$B$313:$J$677,MATCH(F45,'データ'!$A$313:$A$677,0),$A$2)),"") | G46: =IF(MONTH(G45)=12,IF(IFERROR(INDEX('データ'!$B$313:$J$677,MATCH(G45,'データ'!$A$313:$A$677,0),$A$2),0)=0,"",INDEX('データ'!$B$313:$J$677,MATCH(G45,'データ'!$A$313:$A$677,0),$A$2)),"") | H46: =IF(MONTH(H45)=12,IF(IFERROR(INDEX('データ'!$B$313:$J$677,MATCH(H45,'データ'!$A$313:$A$677,0),$A$2),0)=0,"",INDEX('データ'!$B$313:$J$677,MATCH(H45,'データ'!$A$313:$A$677,0),$A$2)),"") | J46: =IF(MONTH(J45)=1,IF(IFERROR(INDEX('データ'!$B$313:$J$677,MATCH(J45,'データ'!$A$313:$A$677,0),$A$2),0)=0,"",INDEX('データ'!$B$313:$J$677,MATCH(J45,'データ'!$A$313:$A$677,0),$A$2)),"") -> 3891 | K46: =IF(MONTH(K45)=1,IF(IFERROR(INDEX('データ'!$B$313:$J$677,MATCH(K45,'データ'!$A$313:$A$677,0),$A$2),0)=0,"",INDEX('データ'!$B$313:$J$677,MATCH(K45,'データ'!$A$313:$A$677,0),$A$2)),"") -> 3481 | L46: =IF(MONTH(L45)=1,IF(IFERROR(INDEX('データ'!$B$313:$J$677,MATCH(L45,'データ'!$A$313:$A$677,0),$A$2),0)=0,"",INDEX('データ'!$B$313:$J$677,MATCH(L45,'データ'!$A$313:$A$677,0),$A$2)),"") -> 3393 | M46: =IF(MONTH(M45)=1,IF(IFERROR(INDEX('データ'!$B$313:$J$677,MATCH(M45,'データ'!$A$313:$A$677,0),$A$2),0)=0,"",INDEX('データ'!$B$313:$J$677,MATCH(M45,'データ'!$A$313:$A$677,0),$A$2)),"") -> 3248 | N46: =IF(MONTH(N45)=1,IF(IFERROR(INDEX('データ'!$B$313:$J$677,MATCH(N45,'データ'!$A$313:$A$677,0),$A$2),0)=0,"",INDEX('データ'!$B$313:$J$677,MATCH(N45,'データ'!$A$313:$A$677,0),$A$2)),"") -> 3383 | O46: =IF(MONTH(O45)=1,IF(IFERROR(INDEX('データ'!$B$313:$J$677,MATCH(O45,'データ'!$A$313:$A$677,0),$A$2),0)=0,"",INDEX('データ'!$B$313:$J$677,MATCH(O45,'データ'!$A$313:$A$677,0),$A$2)),"") | P46: =IF(MONTH(P45)=1,IF(IFERROR(INDEX('データ'!$B$313:$J$677,MATCH(P45,'データ'!$A$313:$A$677,0),$A$2),0)=0,"",INDEX('データ'!$B$313:$J$677,MATCH(P45,'データ'!$A$313:$A$677,0),$A$2)),"") | R46: =IF(MONTH(R45)=2,IF(IFERROR(INDEX('データ'!$B$313:$J$677,MATCH(R45,'データ'!$A$313:$A$677,0),$A$2),0)=0,"",INDEX('データ'!$B$313:$J$677,MATCH(R45,'データ'!$A$313:$A$677,0),$A$2)),"") | S46: =IF(MONTH(S45)=2,IF(IFERROR(INDEX('データ'!$B$313:$J$677,MATCH(S45,'データ'!$A$313:$A$677,0),$A$2),0)=0,"",INDEX('データ'!$B$313:$J$677,MATCH(S45,'データ'!$A$313:$A$677,0),$A$2)),"") -> 4591 | T46: =IF(MONTH(T45)=2,IF(IFERROR(INDEX('データ'!$B$313:$J$677,MATCH(T45,'データ'!$A$313:$A$677,0),$A$2),0)=0,"",INDEX('データ'!$B$313:$J$677,MATCH(T45,'データ'!$A$313:$A$677,0),$A$2)),"") -> 3941 | U46: =IF(MONTH(U45)=2,IF(IFERROR(INDEX('データ'!$B$313:$J$677,MATCH(U45,'データ'!$A$313:$A$677,0),$A$2),0)=0,"",INDEX('データ'!$B$313:$J$677,MATCH(U45,'データ'!$A$313:$A$677,0),$A$2)),"") -> 3973 | V46: =IF(MONTH(V45)=2,IF(IFERROR(INDEX('データ'!$B$313:$J$677,MATCH(V45,'データ'!$A$313:$A$677,0),$A$2),0)=0,"",INDEX('データ'!$B$313:$J$677,MATCH(V45,'データ'!$A$313:$A$677,0),$A$2)),"") -> 3434 | W46: =IF(MONTH(W45)=2,IF(IFERROR(INDEX('データ'!$B$313:$J$677,MATCH(W45,'データ'!$A$313:$A$677,0),$A$2),0)=0,"",INDEX('データ'!$B$313:$J$677,MATCH(W45,'データ'!$A$313:$A$677,0),$A$2)),"") | X46: =IF(MONTH(X45)=2,IF(IFERROR(INDEX('データ'!$B$313:$J$677,MATCH(X45,'データ'!$A$313:$A$677,0),$A$2),0)=0,"",INDEX('データ'!$B$313:$J$677,MATCH(X45,'データ'!$A$313:$A$677,0),$A$2)),"") | Z46: =IF(MONTH(Z45)=3,IF(IFERROR(INDEX('データ'!$B$313:$J$677,MATCH(Z45,'データ'!$A$313:$A$677,0),$A$2),0)=0,"",INDEX('データ'!$B$313:$J$677,MATCH(Z45,'データ'!$A$313:$A$677,0),$A$2)),"") -> 5392 | AA46: =IF(MONTH(AA45)=3,IF(IFERROR(INDEX('データ'!$B$313:$J$677,MATCH(AA45,'データ'!$A$313:$A$677,0),$A$2),0)=0,"",INDEX('データ'!$B$313:$J$677,MATCH(AA45,'データ'!$A$313:$A$677,0),$A$2)),"") -> 4455 | AB46: =IF(MONTH(AB45)=3,IF(IFERROR(INDEX('データ'!$B$313:$J$677,MATCH(AB45,'データ'!$A$313:$A$677,0),$A$2),0)=0,"",INDEX('データ'!$B$313:$J$677,MATCH(AB45,'データ'!$A$313:$A$677,0),$A$2)),"") -> 3640 | AC46: =IF(MONTH(AC45)=3,IF(IFERROR(INDEX('データ'!$B$313:$J$677,MATCH(AC45,'データ'!$A$313:$A$677,0),$A$2),0)=0,"",INDEX('データ'!$B$313:$J$677,MATCH(AC45,'データ'!$A$313:$A$677,0),$A$2)),"") -> 3987 | AD46: =IF(MONTH(AD45)=3,IF(IFERROR(INDEX('データ'!$B$313:$J$677,MATCH(AD45,'データ'!$A$313:$A$677,0),$A$2),0)=0,"",INDEX('データ'!$B$313:$J$677,MATCH(AD45,'データ'!$A$313:$A$677,0),$A$2)),"") -> 4225 | AE46: =IF(MONTH(AE45)=3,IF(IFERROR(INDEX('データ'!$B$313:$J$677,MATCH(AE45,'データ'!$A$313:$A$677,0),$A$2),0)=0,"",INDEX('データ'!$B$313:$J$677,MATCH(AE45,'データ'!$A$313:$A$677,0),$A$2)),"") -> 161 | AF46: =IF(MONTH(AF45)=3,IF(IFERROR(INDEX('データ'!$B$313:$J$677,MATCH(AF45,'データ'!$A$313:$A$677,0),$A$2),0)=0,"",INDEX('データ'!$B$313:$J$677,MATCH(AF45,'データ'!$A$313:$A$677,0),$A$2)),"") -> 173
B47: =DATE(2025,12,1)-WEEKDAY(DATE(2025,12,1),2)+36 -> 46027 | C47: =DATE(2025,12,1)-WEEKDAY(DATE(2025,12,1),2)+37 -> 46028 | D47: =DATE(2025,12,1)-WEEKDAY(DATE(2025,12,1),2)+38 -> 46029 | E47: =DATE(2025,12,1)-WEEKDAY(DATE(2025,12,1),2)+39 -> 46030 | F47: =DATE(2025,12,1)-WEEKDAY(DATE(2025,12,1),2)+40 -> 46031 | G47: =DATE(2025,12,1)-WEEKDAY(DATE(2025,12,1),2)+41 -> 46032 | H47: =DATE(2025,12,1)-WEEKDAY(DATE(2025,12,1),2)+42 -> 46033 | J47: =DATE(2026,1,1)-WEEKDAY(DATE(2026,1,1),2)+36 -> 46055 | K47: =DATE(2026,1,1)-WEEKDAY(DATE(2026,1,1),2)+37 -> 46056 | L47: =DATE(2026,1,1)-WEEKDAY(DATE(2026,1,1),2)+38 -> 46057 | M47: =DATE(2026,1,1)-WEEKDAY(DATE(2026,1,1),2)+39 -> 46058 | N47: =DATE(2026,1,1)-WEEKDAY(DATE(2026,1,1),2)+40 -> 46059 | O47: =DATE(2026,1,1)-WEEKDAY(DATE(2026,1,1),2)+41 -> 46060 | P47: =DATE(2026,1,1)-WEEKDAY(DATE(2026,1,1),2)+42 -> 46061 | R47: =DATE(2026,2,1)-WEEKDAY(DATE(2026,2,1),2)+36 -> 46083 | S47: =DATE(2026,2,1)-WEEKDAY(DATE(2026,2,1),2)+37 -> 46084 | T47: =DATE(2026,2,1)-WEEKDAY(DATE(2026,2,1),2)+38 -> 46085 | U47: =DATE(2026,2,1)-WEEKDAY(DATE(2026,2,1),2)+39 -> 46086 | V47: =DATE(2026,2,1)-WEEKDAY(DATE(2026,2,1),2)+40 -> 46087 | W47: =DATE(2026,2,1)-WEEKDAY(DATE(2026,2,1),2)+41 -> 46088 | X47: =DATE(2026,2,1)-WEEKDAY(DATE(2026,2,1),2)+42 -> 46089 | Z47: =DATE(2026,3,1)-WEEKDAY(DATE(2026,3,1),2)+36 -> 46111 | AA47: =DATE(2026,3,1)-WEEKDAY(DATE(2026,3,1),2)+37 -> 46112 | AB47: =DATE(2026,3,1)-WEEKDAY(DATE(2026,3,1),2)+38 -> 46113 | AC47: =DATE(2026,3,1)-WEEKDAY(DATE(2026,3,1),2)+39 -> 46114 | AD47: =DATE(2026,3,1)-WEEKDAY(DATE(2026,3,1),2)+40 -> 46115 | AE47: =DATE(2026,3,1)-WEEKDAY(DATE(2026,3,1),2)+41 -> 46116 | AF47: =DATE(2026,3,1)-WEEKDAY(DATE(2026,3,1),2)+42 -> 46117
B48: =IF(MONTH(B47)=12,IF(IFERROR(INDEX('データ'!$B$313:$J$677,MATCH(B47,'データ'!$A$313:$A$677,0),$A$2),0)=0,"",INDEX('データ'!$B$313:$J$677,MATCH(B47,'データ'!$A$313:$A$677,0),$A$2)),"") | C48: =IF(MONTH(C47)=12,IF(IFERROR(INDEX('データ'!$B$313:$J$677,MATCH(C47,'データ'!$A$313:$A$677,0),$A$2),0)=0,"",INDEX('データ'!$B$313:$J$677,MATCH(C47,'データ'!$A$313:$A$677,0),$A$2)),"") | D48: =IF(MONTH(D47)=12,IF(IFERROR(INDEX('データ'!$B$313:$J$677,MATCH(D47,'データ'!$A$313:$A$677,0),$A$2),0)=0,"",INDEX('データ'!$B$313:$J$677,MATCH(D47,'データ'!$A$313:$A$677,0),$A$2)),"") | E48: =IF(MONTH(E47)=12,IF(IFERROR(INDEX('データ'!$B$313:$J$677,MATCH(E47,'データ'!$A$313:$A$677,0),$A$2),0)=0,"",INDEX('データ'!$B$313:$J$677,MATCH(E47,'データ'!$A$313:$A$677,0),$A$2)),"") | F48: =IF(MONTH(F47)=12,IF(IFERROR(INDEX('データ'!$B$313:$J$677,MATCH(F47,'データ'!$A$313:$A$677,0),$A$2),0)=0,"",INDEX('データ'!$B$313:$J$677,MATCH(F47,'データ'!$A$313:$A$677,0),$A$2)),"") | G48: =IF(MONTH(G47)=12,IF(IFERROR(INDEX('データ'!$B$313:$J$677,MATCH(G47,'データ'!$A$313:$A$677,0),$A$2),0)=0,"",INDEX('データ'!$B$313:$J$677,MATCH(G47,'データ'!$A$313:$A$677,0),$A$2)),"") | H48: =IF(MONTH(H47)=12,IF(IFERROR(INDEX('データ'!$B$313:$J$677,MATCH(H47,'データ'!$A$313:$A$677,0),$A$2),0)=0,"",INDEX('データ'!$B$313:$J$677,MATCH(H47,'データ'!$A$313:$A$677,0),$A$2)),"") | J48: =IF(MONTH(J47)=1,IF(IFERROR(INDEX('データ'!$B$313:$J$677,MATCH(J47,'データ'!$A$313:$A$677,0),$A$2),0)=0,"",INDEX('データ'!$B$313:$J$677,MATCH(J47,'データ'!$A$313:$A$677,0),$A$2)),"") | K48: =IF(MONTH(K47)=1,IF(IFERROR(INDEX('データ'!$B$313:$J$677,MATCH(K47,'データ'!$A$313:$A$677,0),$A$2),0)=0,"",INDEX('データ'!$B$313:$J$677,MATCH(K47,'データ'!$A$313:$A$677,0),$A$2)),"") | L48: =IF(MONTH(L47)=1,IF(IFERROR(INDEX('データ'!$B$313:$J$677,MATCH(L47,'データ'!$A$313:$A$677,0),$A$2),0)=0,"",INDEX('データ'!$B$313:$J$677,MATCH(L47,'データ'!$A$313:$A$677,0),$A$2)),"") | M48: =IF(MONTH(M47)=1,IF(IFERROR(INDEX('データ'!$B$313:$J$677,MATCH(M47,'データ'!$A$313:$A$677,0),$A$2),0)=0,"",INDEX('データ'!$B$313:$J$677,MATCH(M47,'データ'!$A$313:$A$677,0),$A$2)),"") | N48: =IF(MONTH(N47)=1,IF(IFERROR(INDEX('データ'!$B$313:$J$677,MATCH(N47,'データ'!$A$313:$A$677,0),$A$2),0)=0,"",INDEX('データ'!$B$313:$J$677,MATCH(N47,'データ'!$A$313:$A$677,0),$A$2)),"") | O48: =IF(MONTH(O47)=1,IF(IFERROR(INDEX('データ'!$B$313:$J$677,MATCH(O47,'データ'!$A$313:$A$677,0),$A$2),0)=0,"",INDEX('データ'!$B$313:$J$677,MATCH(O47,'データ'!$A$313:$A$677,0),$A$2)),"") | P48: =IF(MONTH(P47)=1,IF(IFERROR(INDEX('データ'!$B$313:$J$677,MATCH(P47,'データ'!$A$313:$A$677,0),$A$2),0)=0,"",INDEX('データ'!$B$313:$J$677,MATCH(P47,'データ'!$A$313:$A$677,0),$A$2)),"") | R48: =IF(MONTH(R47)=2,IF(IFERROR(INDEX('データ'!$B$313:$J$677,MATCH(R47,'データ'!$A$313:$A$677,0),$A$2),0)=0,"",INDEX('データ'!$B$313:$J$677,MATCH(R47,'データ'!$A$313:$A$677,0),$A$2)),"") | S48: =IF(MONTH(S47)=2,IF(IFERROR(INDEX('データ'!$B$313:$J$677,MATCH(S47,'データ'!$A$313:$A$677,0),$A$2),0)=0,"",INDEX('データ'!$B$313:$J$677,MATCH(S47,'データ'!$A$313:$A$677,0),$A$2)),"") | T48: =IF(MONTH(T47)=2,IF(IFERROR(INDEX('データ'!$B$313:$J$677,MATCH(T47,'データ'!$A$313:$A$677,0),$A$2),0)=0,"",INDEX('データ'!$B$313:$J$677,MATCH(T47,'データ'!$A$313:$A$677,0),$A$2)),"") | U48: =IF(MONTH(U47)=2,IF(IFERROR(INDEX('データ'!$B$313:$J$677,MATCH(U47,'データ'!$A$313:$A$677,0),$A$2),0)=0,"",INDEX('データ'!$B$313:$J$677,MATCH(U47,'データ'!$A$313:$A$677,0),$A$2)),"") | V48: =IF(MONTH(V47)=2,IF(IFERROR(INDEX('データ'!$B$313:$J$677,MATCH(V47,'データ'!$A$313:$A$677,0),$A$2),0)=0,"",INDEX('データ'!$B$313:$J$677,MATCH(V47,'データ'!$A$313:$A$677,0),$A$2)),"") | W48: =IF(MONTH(W47)=2,IF(IFERROR(INDEX('データ'!$B$313:$J$677,MATCH(W47,'データ'!$A$313:$A$677,0),$A$2),0)=0,"",INDEX('データ'!$B$313:$J$677,MATCH(W47,'データ'!$A$313:$A$677,0),$A$2)),"") | X48: =IF(MONTH(X47)=2,IF(IFERROR(INDEX('データ'!$B$313:$J$677,MATCH(X47,'データ'!$A$313:$A$677,0),$A$2),0)=0,"",INDEX('データ'!$B$313:$J$677,MATCH(X47,'データ'!$A$313:$A$677,0),$A$2)),"") | Z48: =IF(MONTH(Z47)=3,IF(IFERROR(INDEX('データ'!$B$313:$J$677,MATCH(Z47,'データ'!$A$313:$A$677,0),$A$2),0)=0,"",INDEX('データ'!$B$313:$J$677,MATCH(Z47,'データ'!$A$313:$A$677,0),$A$2)),"") -> 5319 | AA48: =IF(MONTH(AA47)=3,IF(IFERROR(INDEX('データ'!$B$313:$J$677,MATCH(AA47,'データ'!$A$313:$A$677,0),$A$2),0)=0,"",INDEX('データ'!$B$313:$J$677,MATCH(AA47,'データ'!$A$313:$A$677,0),$A$2)),"") -> 4168 | AB48: =IF(MONTH(AB47)=3,IF(IFERROR(INDEX('データ'!$B$313:$J$677,MATCH(AB47,'データ'!$A$313:$A$677,0),$A$2),0)=0,"",INDEX('データ'!$B$313:$J$677,MATCH(AB47,'データ'!$A$313:$A$677,0),$A$2)),"") | AC48: =IF(MONTH(AC47)=3,IF(IFERROR(INDEX('データ'!$B$313:$J$677,MATCH(AC47,'データ'!$A$313:$A$677,0),$A$2),0)=0,"",INDEX('データ'!$B$313:$J$677,MATCH(AC47,'データ'!$A$313:$A$677,0),$A$2)),"") | AD48: =IF(MONTH(AD47)=3,IF(IFERROR(INDEX('データ'!$B$313:$J$677,MATCH(AD47,'データ'!$A$313:$A$677,0),$A$2),0)=0,"",INDEX('データ'!$B$313:$J$677,MATCH(AD47,'データ'!$A$313:$A$677,0),$A$2)),"") | AE48: =IF(MONTH(AE47)=3,IF(IFERROR(INDEX('データ'!$B$313:$J$677,MATCH(AE47,'データ'!$A$313:$A$677,0),$A$2),0)=0,"",INDEX('データ'!$B$313:$J$677,MATCH(AE47,'データ'!$A$313:$A$677,0),$A$2)),"") | AF48: =IF(MONTH(AF47)=3,IF(IFERROR(INDEX('データ'!$B$313:$J$677,MATCH(AF47,'データ'!$A$313:$A$677,0),$A$2),0)=0,"",INDEX('データ'!$B$313:$J$677,MATCH(AF47,'データ'!$A$313:$A$677,0),$A$2)),"")
B51: ※ 空白の日は休庁日（土日祝）または発券なし。土日の少ない数字は、日曜開庁などの特別な日です。

Sheet シミュレーター
B1: 開庁時間シミュレーター ― 何時に開けて何時に閉めると、何人カバーできる？
B4: 区を選ぶ | C4: 全区 | E4: ↑ 黄色いセルを変えると、下の数字とグラフが変わります。
B5: 開庁（開始） | C5: 0.375
B6: 閉庁（終了） | C6: 0.6875
B8: 分に直した値 | C8: =ROUND(C5*1440,0) -> 540 | D8: =ROUND(C6*1440,0) -> 990 | E8: =MATCH(C4&"|全期間",'データ'!$A$7:$A$123,0) -> 1
B10: この区の1年間
C11: 合計 | D11: 開庁時間内 | E11: 開庁時間外（取りこぼし） | F11: 時間外の割合
C12: =SUM(INDEX('データ'!$D$7:$BG$123,$E$8,0)) -> 762002 | D12: =SUMPRODUCT(('データ'!$D$6:$BG$6>=$C$8)*('データ'!$D$6:$BG$6<$D$8)*INDEX('データ'!$D$7:$BG$123,$E$8,0)) -> 678389 | E12: =C12-D12 -> 83613 | F12: =IF(C12=0,0,E12/C12) -> 0.10972806
B15: 案ごとの比較（選んだ区）
B16: 案 | C16: 開始 | D16: 終了 | E16: 開庁時間内 | F16: 開庁時間外 | G16: 時間外の割合
B17: 案A 9:00〜16:30 | C17: 0.375 | D17: 0.6875 | E17: =SUMPRODUCT(('データ'!$D$6:$BG$6>=ROUND(C17*1440,0))*('データ'!$D$6:$BG$6<ROUND(D17*1440,0))*INDEX('データ'!$D$7:$BG$123,$E$8,0)) -> 678389 | F17: =$C$12-E17 -> 83613 | G17: =IF($C$12=0,0,F17/$C$12) -> 0.10972806
B18: 案B 8:45〜16:30 | C18: 0.36458333 | D18: 0.6875 | E18: =SUMPRODUCT(('データ'!$D$6:$BG$6>=ROUND(C18*1440,0))*('データ'!$D$6:$BG$6<ROUND(D18*1440,0))*INDEX('データ'!$D$7:$BG$123,$E$8,0)) -> 694816 | F18: =$C$12-E18 -> 67186 | G18: =IF($C$12=0,0,F18/$C$12) -> 0.088170372
B19: 案C 8:30〜17:15 | C19: 0.35416667 | D19: 0.71875 | E19: =SUMPRODUCT(('データ'!$D$6:$BG$6>=ROUND(C19*1440,0))*('データ'!$D$6:$BG$6<ROUND(D19*1440,0))*INDEX('データ'!$D$7:$BG$123,$E$8,0)) -> 750170 | F19: =$C$12-E19 -> 11832 | G19: =IF($C$12=0,0,F19/$C$12) -> 0.015527518
B20: あなたの案（上で設定） | C20: =C5 -> 0.375 | D20: =C6 -> 0.6875 | E20: =D12 -> 678389 | F20: =E12 -> 83613 | G20: =F12 -> 0.10972806
B23: 区ごとの時間外の割合（上の開庁時間で計算）
B24: 区 | C24: 合計 | D24: 開庁時間内 | E24: 開庁時間外 | F24: 時間外の割合
B25: 全区 | C25: =SUM(INDEX('データ'!$D$7:$BG$123,MATCH($B25&"|全期間",'データ'!$A$7:$A$123,0),0)) -> 762002 | D25: =SUMPRODUCT(('データ'!$D$6:$BG$6>=$C$8)*('データ'!$D$6:$BG$6<$D$8)*INDEX('データ'!$D$7:$BG$123,MATCH($B25&"|全期間",'データ'!$A$7:$A$123,0),0)) -> 678389 | E25: =C25-D25 -> 83613 | F25: =IF(C25=0,0,E25/C25) -> 0.10972806
B26: 中区 | C26: =SUM(INDEX('データ'!$D$7:$BG$123,MATCH($B26&"|全期間",'データ'!$A$7:$A$123,0),0)) -> 143974 | D26: =SUMPRODUCT(('データ'!$D$6:$BG$6>=$C$8)*('データ'!$D$6:$BG$6<$D$8)*INDEX('データ'!$D$7:$BG$123,MATCH($B26&"|全期間",'データ'!$A$7:$A$123,0),0)) -> 127983 | E26: =C26-D26 -> 15991 | F26: =IF(C26=0,0,E26/C26) -> 0.11106867
B27: 東区 | C27: =SUM(INDEX('データ'!$D$7:$BG$123,MATCH($B27&"|全期間",'データ'!$A$7:$A$123,0),0)) -> 81818 | D27: =SUMPRODUCT(('データ'!$D$6:$BG$6>=$C$8)*('データ'!$D$6:$BG$6<$D$8)*INDEX('データ'!$D$7:$BG$123,MATCH($B27&"|全期間",'データ'!$A$7:$A$123,0),0)) -> 73657 | E27: =C27-D27 -> 8161 | F27: =IF(C27=0,0,E27/C27) -> 0.099745777
B28: 南区 | C28: =SUM(INDEX('データ'!$D$7:$BG$123,MATCH($B28&"|全期間",'データ'!$A$7:$A$123,0),0)) -> 115887 | D28: =SUMPRODUCT(('データ'!$D$6:$BG$6>=$C$8)*('データ'!$D$6:$BG$6<$D$8)*INDEX('データ'!$D$7:$BG$123,MATCH($B28&"|全期間",'データ'!$A$7:$A$123,0),0)) -> 102289 | E28: =C28-D28 -> 13598 | F28: =IF(C28=0,0,E28/C28) -> 0.11733844
B29: 西区 | C29: =SUM(INDEX('データ'!$D$7:$BG$123,MATCH($B29&"|全期間",'データ'!$A$7:$A$123,0),0)) -> 141243 | D29: =SUMPRODUCT(('データ'!$D$6:$BG$6>=$C$8)*('データ'!$D$6:$BG$6<$D$8)*INDEX('データ'!$D$7:$BG$123,MATCH($B29&"|全期間",'データ'!$A$7:$A$123,0),0)) -> 124759 | E29: =C29-D29 -> 16484 | F29: =IF(C29=0,0,E29/C29) -> 0.11670667
B30: 安佐南区 | C30: =SUM(INDEX('データ'!$D$7:$BG$123,MATCH($B30&"|全期間",'データ'!$A$7:$A$123,0),0)) -> 88181 | D30: =SUMPRODUCT(('データ'!$D$6:$BG$6>=$C$8)*('データ'!$D$6:$BG$6<$D$8)*INDEX('データ'!$D$7:$BG$123,MATCH($B30&"|全期間",'データ'!$A$7:$A$123,0),0)) -> 78107 | E30: =C30-D30 -> 10074 | F30: =IF(C30=0,0,E30/C30) -> 0.1142423
B31: 安佐北区 | C31: =SUM(INDEX('データ'!$D$7:$BG$123,MATCH($B31&"|全期間",'データ'!$A$7:$A$123,0),0)) -> 48568 | D31: =SUMPRODUCT(('データ'!$D$6:$BG$6>=$C$8)*('データ'!$D$6:$BG$6<$D$8)*INDEX('データ'!$D$7:$BG$123,MATCH($B31&"|全期間",'データ'!$A$7:$A$123,0),0)) -> 43439 | E31: =C31-D31 -> 5129 | F31: =IF(C31=0,0,E31/C31) -> 0.10560451
B32: 安芸区 | C32: =SUM(INDEX('データ'!$D$7:$BG$123,MATCH($B32&"|全期間",'データ'!$A$7:$A$123,0),0)) -> 37567 | D32: =SUMPRODUCT(('データ'!$D$6:$BG$6>=$C$8)*('データ'!$D$6:$BG$6<$D$8)*INDEX('データ'!$D$7:$BG$123,MATCH($B32&"|全期間",'データ'!$A$7:$A$123,0),0)) -> 34025 | E32: =C32-D32 -> 3542 | F32: =IF(C32=0,0,E32/C32) -> 0.094284878
B33: 佐伯区 | C33: =SUM(INDEX('データ'!$D$7:$BG$123,MATCH($B33&"|全期間",'データ'!$A$7:$A$123,0),0)) -> 104764 | D33: =SUMPRODUCT(('データ'!$D$6:$BG$6>=$C$8)*('データ'!$D$6:$BG$6<$D$8)*INDEX('データ'!$D$7:$BG$123,MATCH($B33&"|全期間",'データ'!$A$7:$A$123,0),0)) -> 94130 | E33: =C33-D33 -> 10634 | F33: =IF(C33=0,0,E33/C33) -> 0.10150433
B36: ※ 案A〜Cは、PDFの「開庁時間（案）」の比較表と同じ条件です。

Sheet 業務ランキング
B1: 窓口業務ランキング ― どの手続きで来る人が多い？
B3: 区 | C3: 全区
B5: 順位 | C5: 窓口業務 | D5: 来庁者数 | E5: 割合 | F5: 平均待ち(分)
B6: 1 | C6: 証明書の受付 | D6: =INDEX('データ'!$B$681:$J$730,1,MATCH($C$3,'データ'!$B$680:$J$680,0)) -> 157636 | E6: =IF(SUM($D$6:$D$55)=0,0,D6/SUM($D$6:$D$55)) -> 0.20687085 | F6: 3.4223772
B7: 2 | C7: マイナンバーカード | D7: =INDEX('データ'!$B$681:$J$730,2,MATCH($C$3,'データ'!$B$680:$J$680,0)) -> 88260 | E7: =IF(SUM($D$6:$D$55)=0,0,D7/SUM($D$6:$D$55)) -> 0.11582647 | F7: 13.906162
B8: 3 | C8: 国民健康保険 | D8: =INDEX('データ'!$B$681:$J$730,3,MATCH($C$3,'データ'!$B$680:$J$680,0)) -> 75448 | E8: =IF(SUM($D$6:$D$55)=0,0,D8/SUM($D$6:$D$55)) -> 0.099012863 | F8: 8.2908304
B9: 4 | C9: 住所の変更・印鑑登録 | D9: =INDEX('データ'!$B$681:$J$730,4,MATCH($C$3,'データ'!$B$680:$J$680,0)) -> 68732 | E9: =IF(SUM($D$6:$D$55)=0,0,D9/SUM($D$6:$D$55)) -> 0.090199238 | F9: 10.137409
B10: 5 | C10: マイナンバー | D10: =INDEX('データ'!$B$681:$J$730,5,MATCH($C$3,'データ'!$B$680:$J$680,0)) -> 59330 | E10: =IF(SUM($D$6:$D$55)=0,0,D10/SUM($D$6:$D$55)) -> 0.077860688 | F10: 6.8741079
B11: 6 | C11: 証明書の交付 | D11: =INDEX('データ'!$B$681:$J$730,6,MATCH($C$3,'データ'!$B$680:$J$680,0)) -> 27691 | E11: =IF(SUM($D$6:$D$55)=0,0,D11/SUM($D$6:$D$55)) -> 0.0363398 | F11: 1.746293
B12: 7 | C12: カード受取・記載変更等 | D12: =INDEX('データ'!$B$681:$J$730,7,MATCH($C$3,'データ'!$B$680:$J$680,0)) -> 26186 | E12: =IF(SUM($D$6:$D$55)=0,0,D12/SUM($D$6:$D$55)) -> 0.034364739 | F12: 13.392342
B13: 8 | C13: 住民異動届・印鑑登録 | D13: =INDEX('データ'!$B$681:$J$730,8,MATCH($C$3,'データ'!$B$680:$J$680,0)) -> 23108 | E13: =IF(SUM($D$6:$D$55)=0,0,D13/SUM($D$6:$D$55)) -> 0.03032538 | F13: 18.919197
B14: 9 | C14: ご本人のカードの | D14: =INDEX('データ'!$B$681:$J$730,9,MATCH($C$3,'データ'!$B$680:$J$680,0)) -> 20955 | E14: =IF(SUM($D$6:$D$55)=0,0,D14/SUM($D$6:$D$55)) -> 0.027499928 | F14: 10.613174
B15: 10 | C15: 証明書交付 | D15: =INDEX('データ'!$B$681:$J$730,10,MATCH($C$3,'データ'!$B$680:$J$680,0)) -> 20814 | E15: =IF(SUM($D$6:$D$55)=0,0,D15/SUM($D$6:$D$55)) -> 0.027314889 | F15: 3.9173066
B16: 11 | C16: 住所の変更 | D16: =INDEX('データ'!$B$681:$J$730,11,MATCH($C$3,'データ'!$B$680:$J$680,0)) -> 20355 | E16: =IF(SUM($D$6:$D$55)=0,0,D16/SUM($D$6:$D$55)) -> 0.026712528 | F16: 4.3815667
B17: 12 | C17: 国民年金 | D17: =INDEX('データ'!$B$681:$J$730,12,MATCH($C$3,'データ'!$B$680:$J$680,0)) -> 15620 | E17: =IF(SUM($D$6:$D$55)=0,0,D17/SUM($D$6:$D$55)) -> 0.020498634 | F17: 1.8052681
B18: 13 | C18: 証明申請等 | D18: =INDEX('データ'!$B$681:$J$730,13,MATCH($C$3,'データ'!$B$680:$J$680,0)) -> 15081 | E18: =IF(SUM($D$6:$D$55)=0,0,D18/SUM($D$6:$D$55)) -> 0.019791287 | F18: 3.1516433
B19: 14 | C19: 個人番号カード（ﾏｲﾅﾝﾊﾞｰ) | D19: =INDEX('データ'!$B$681:$J$730,14,MATCH($C$3,'データ'!$B$680:$J$680,0)) -> 14250 | E19: =IF(SUM($D$6:$D$55)=0,0,D19/SUM($D$6:$D$55)) -> 0.018700738 | F19: 3.7635263
B20: 15 | C20: マイナンバーカード手続 | D20: =INDEX('データ'!$B$681:$J$730,15,MATCH($C$3,'データ'!$B$680:$J$680,0)) -> 13842 | E20: =IF(SUM($D$6:$D$55)=0,0,D20/SUM($D$6:$D$55)) -> 0.018165307 | F20: 14.887035
B21: 16 | C21: 戸籍の届出・車臨番 | D21: =INDEX('データ'!$B$681:$J$730,16,MATCH($C$3,'データ'!$B$680:$J$680,0)) -> 11978 | E21: =IF(SUM($D$6:$D$55)=0,0,D21/SUM($D$6:$D$55)) -> 0.015719119 | F21: 5.414774
B22: 17 | C22: 戸籍届出・臨時運行許可 | D22: =INDEX('データ'!$B$681:$J$730,17,MATCH($C$3,'データ'!$B$680:$J$680,0)) -> 11936 | E22: =IF(SUM($D$6:$D$55)=0,0,D22/SUM($D$6:$D$55)) -> 0.015664001 | F22: 5.2216126
B23: 18 | C23: 証明書の発行専用 | D23: =INDEX('データ'!$B$681:$J$730,18,MATCH($C$3,'データ'!$B$680:$J$680,0)) -> 8432 | E23: =IF(SUM($D$6:$D$55)=0,0,D23/SUM($D$6:$D$55)) -> 0.011065588 | F23: 3.0660322
B24: 19 | C24: マイナンバーカード受取 | D24: =INDEX('データ'!$B$681:$J$730,19,MATCH($C$3,'データ'!$B$680:$J$680,0)) -> 6601 | E24: =IF(SUM($D$6:$D$55)=0,0,D24/SUM($D$6:$D$55)) -> 0.0086627069 | F24: 24.596589
B25: 20 | C25: マイナンバ－カード | D25: =INDEX('データ'!$B$681:$J$730,20,MATCH($C$3,'データ'!$B$680:$J$680,0)) -> 6524 | E25: =IF(SUM($D$6:$D$55)=0,0,D25/SUM($D$6:$D$55)) -> 0.0085616573 | F25: 1.7245938
B26: 21 | C26: 交付済カード・電子証明の手続 | D26: =INDEX('データ'!$B$681:$J$730,21,MATCH($C$3,'データ'!$B$680:$J$680,0)) -> 5966 | E26: =IF(SUM($D$6:$D$55)=0,0,D26/SUM($D$6:$D$55)) -> 0.0078293758 | F26: 10.772783
B27: 22 | C27: 戸籍の届出 | D27: =INDEX('データ'!$B$681:$J$730,22,MATCH($C$3,'データ'!$B$680:$J$680,0)) -> 5956 | E27: =IF(SUM($D$6:$D$55)=0,0,D27/SUM($D$6:$D$55)) -> 0.0078162525 | F27: 10.970315
B28: 23 | C28: 住所の変更など | D28: =INDEX('データ'!$B$681:$J$730,23,MATCH($C$3,'データ'!$B$680:$J$680,0)) -> 5775 | E28: =IF(SUM($D$6:$D$55)=0,0,D28/SUM($D$6:$D$55)) -> 0.0075787203 | F28: 35.152502
B29: 24 | C29: 保険年金課 | D29: =INDEX('データ'!$B$681:$J$730,24,MATCH($C$3,'データ'!$B$680:$J$680,0)) -> 5744 | E29: =IF(SUM($D$6:$D$55)=0,0,D29/SUM($D$6:$D$55)) -> 0.007538038 | F29: 0.35718141
B30: 25 | C30: 高額医療・はりきゅう | D30: =INDEX('データ'!$B$681:$J$730,25,MATCH($C$3,'データ'!$B$680:$J$680,0)) -> 4922 | E30: =IF(SUM($D$6:$D$55)=0,0,D30/SUM($D$6:$D$55)) -> 0.0064593006 | F30: 3.6863305
B31: 26 | C31: ④ﾏｲﾅﾝﾊﾞｰｶｰﾄﾞ受取・記載変更等 | D31: =INDEX('データ'!$B$681:$J$730,26,MATCH($C$3,'データ'!$B$680:$J$680,0)) -> 4700 | E31: =IF(SUM($D$6:$D$55)=0,0,D31/SUM($D$6:$D$55)) -> 0.0061679628 | F31: 7.9765791
B32: 27 | C32: 戸籍届 | D32: =INDEX('データ'!$B$681:$J$730,27,MATCH($C$3,'データ'!$B$680:$J$680,0)) -> 4086 | E32: =IF(SUM($D$6:$D$55)=0,0,D32/SUM($D$6:$D$55)) -> 0.0053621907 | F32: 0.71717246
B33: 28 | C33: 住所異動届、印鑑届 | D33: =INDEX('データ'!$B$681:$J$730,28,MATCH($C$3,'データ'!$B$680:$J$680,0)) -> 3658 | E33: =IF(SUM($D$6:$D$55)=0,0,D33/SUM($D$6:$D$55)) -> 0.0048005123 | F33: 4.34461
B34: 29 | C34: 戸籍届出・特別永住者切替 | D34: =INDEX('データ'!$B$681:$J$730,29,MATCH($C$3,'データ'!$B$680:$J$680,0)) -> 3502 | E34: =IF(SUM($D$6:$D$55)=0,0,D34/SUM($D$6:$D$55)) -> 0.0045957885 | F34: 10.464057 | H34: ※ 平均待ち時間（分）は、全区の合計から計算（3時間超の外れ値を除く）。赤いほど待ち時間が長い手続きです。
B35: 30 | C35: 印鑑の登録 | D35: =INDEX('データ'!$B$681:$J$730,30,MATCH($C$3,'データ'!$B$680:$J$680,0)) -> 3196 | E35: =IF(SUM($D$6:$D$55)=0,0,D35/SUM($D$6:$D$55)) -> 0.0041942147 | F35: 1.9218033
B36: 31 | C36: 住所の変更・印鑑の登録 | D36: =INDEX('データ'!$B$681:$J$730,31,MATCH($C$3,'データ'!$B$680:$J$680,0)) -> 3096 | E36: =IF(SUM($D$6:$D$55)=0,0,D36/SUM($D$6:$D$55)) -> 0.0040629815 | F36: 3.407978
B37: 32 | C37: 本人の電子証明・暗証番号 | D37: =INDEX('データ'!$B$681:$J$730,32,MATCH($C$3,'データ'!$B$680:$J$680,0)) -> 3000 | E37: =IF(SUM($D$6:$D$55)=0,0,D37/SUM($D$6:$D$55)) -> 0.0039369975 | F37: 6.6610329
B38: 33 | C38: 市税証明書交付・市税収納 | D38: =INDEX('データ'!$B$681:$J$730,33,MATCH($C$3,'データ'!$B$680:$J$680,0)) -> 2815 | E38: =IF(SUM($D$6:$D$55)=0,0,D38/SUM($D$6:$D$55)) -> 0.003694216 | F38: 0.42400237
B39: 34 | C39: 印鑑登録 | D39: =INDEX('データ'!$B$681:$J$730,34,MATCH($C$3,'データ'!$B$680:$J$680,0)) -> 2150 | E39: =IF(SUM($D$6:$D$55)=0,0,D39/SUM($D$6:$D$55)) -> 0.0028215149 | F39: 9.8202359
B40: 35 | C40: 戸籍届、特別永住者証明書 | D40: =INDEX('データ'!$B$681:$J$730,35,MATCH($C$3,'データ'!$B$680:$J$680,0)) -> 1692 | E40: =IF(SUM($D$6:$D$55)=0,0,D40/SUM($D$6:$D$55)) -> 0.0022204666 | F40: 3.9783983
B41: 36 | C41: マイナンバーカードの申請 | D41: =INDEX('データ'!$B$681:$J$730,36,MATCH($C$3,'データ'!$B$680:$J$680,0)) -> 1632 | E41: =IF(SUM($D$6:$D$55)=0,0,D41/SUM($D$6:$D$55)) -> 0.0021417267 | F41: 15.483701
B42: 37 | C42: 電子証明等（ご本人手続） | D42: =INDEX('データ'!$B$681:$J$730,37,MATCH($C$3,'データ'!$B$680:$J$680,0)) -> 1423 | E42: =IF(SUM($D$6:$D$55)=0,0,D42/SUM($D$6:$D$55)) -> 0.0018674492 | F42: 2.1146246
B43: 38 | C43: マイナポータルで | D43: =INDEX('データ'!$B$681:$J$730,38,MATCH($C$3,'データ'!$B$680:$J$680,0)) -> 1386 | E43: =IF(SUM($D$6:$D$55)=0,0,D43/SUM($D$6:$D$55)) -> 0.0018188929 | F43: 17.617861
B44: 39 | C44: 自動車臨時運行許可 | D44: =INDEX('データ'!$B$681:$J$730,39,MATCH($C$3,'データ'!$B$680:$J$680,0)) -> 1301 | E44: =IF(SUM($D$6:$D$55)=0,0,D44/SUM($D$6:$D$55)) -> 0.0017073446 | F44: 8.1091538
B45: 40 | C45: 市税の証明・収納/原付標識交付 | D45: =INDEX('データ'!$B$681:$J$730,40,MATCH($C$3,'データ'!$B$680:$J$680,0)) -> 966 | E45: =IF(SUM($D$6:$D$55)=0,0,D45/SUM($D$6:$D$55)) -> 0.0012677132 | F45: 1.7813921
B46: 41 | C46: 高額療養費・限度額認定証 | D46: =INDEX('データ'!$B$681:$J$730,41,MATCH($C$3,'データ'!$B$680:$J$680,0)) -> 787 | E46: =IF(SUM($D$6:$D$55)=0,0,D46/SUM($D$6:$D$55)) -> 0.0010328057 | F46: 4.4628025
B47: 42 | C47: 援護事務 | D47: =INDEX('データ'!$B$681:$J$730,42,MATCH($C$3,'データ'!$B$680:$J$680,0)) -> 391 | E47: =IF(SUM($D$6:$D$55)=0,0,D47/SUM($D$6:$D$55)) -> 0.00051312201 | F47: 1.3129582
B48: 43 | C48: ②援護事務（特別弔慰金など） | D48: =INDEX('データ'!$B$681:$J$730,43,MATCH($C$3,'データ'!$B$680:$J$680,0)) -> 296 | E48: =IF(SUM($D$6:$D$55)=0,0,D48/SUM($D$6:$D$55)) -> 0.00038845042 | F48: 4.2912559
B49: 44 | C49: 代理での電子証明・暗証番号 | D49: =INDEX('データ'!$B$681:$J$730,44,MATCH($C$3,'データ'!$B$680:$J$680,0)) -> 214 | E49: =IF(SUM($D$6:$D$55)=0,0,D49/SUM($D$6:$D$55)) -> 0.00028083916 | F49: 10.771578
B50: 45 | C50: ﾏｲﾅﾎﾟｰﾀﾙで予約済住民異動 | D50: =INDEX('データ'!$B$681:$J$730,45,MATCH($C$3,'データ'!$B$680:$J$680,0)) -> 199 | E50: =IF(SUM($D$6:$D$55)=0,0,D50/SUM($D$6:$D$55)) -> 0.00026115417 | F50: 2.9446399
B51: 46 | C51: 就学事務、住民票に関する相談 | D51: =INDEX('データ'!$B$681:$J$730,46,MATCH($C$3,'データ'!$B$680:$J$680,0)) -> 136 | E51: =IF(SUM($D$6:$D$55)=0,0,D51/SUM($D$6:$D$55)) -> 0.00017847722 | F51: 5.4965879
B52: 47 | C52: ⑥はり・きゅう施術券 | D52: =INDEX('データ'!$B$681:$J$730,47,MATCH($C$3,'データ'!$B$680:$J$680,0)) -> 111 | E52: =IF(SUM($D$6:$D$55)=0,0,D52/SUM($D$6:$D$55)) -> 0.00014566891 | F52: 2.7222222
B53: 48 | C53: 電子証明等（代理人手続） | D53: =INDEX('データ'!$B$681:$J$730,48,MATCH($C$3,'データ'!$B$680:$J$680,0)) -> 109 | E53: =IF(SUM($D$6:$D$55)=0,0,D53/SUM($D$6:$D$55)) -> 0.00014304424 | F53: 5.2775081
B54: 49 | C54: 就学事務、住民票に関すること | D54: =INDEX('データ'!$B$681:$J$730,49,MATCH($C$3,'データ'!$B$680:$J$680,0)) -> 13 | E54: =IF(SUM($D$6:$D$55)=0,0,D54/SUM($D$6:$D$55)) -> 1.7060323e-05 | F54: 53.8625
B55: 50 | C55: ④所得申立書 | D55: =INDEX('データ'!$B$681:$J$730,50,MATCH($C$3,'データ'!$B$680:$J$680,0)) -> 1 | E55: =IF(SUM($D$6:$D$55)=0,0,D55/SUM($D$6:$D$55)) -> 1.3123325e-06 | F55: 0

Sheet PDF突合
B1: 元のPDF（令和7年度 時間帯別来庁者）との突合チェック
B3: 元のPDFの表の数字と、このブックの集計が合っているかを確認します。
B5: PDFの表記 | C5: 時間帯（開始） | D5: PDFの数字 | E5: このブック | F5: 差 | H5: 開庁時間（案）の比較表
B6: 7-0 | C6: 6:45〜 | D6: 0 | E6: 0 | F6: =E6-D6 -> 0 | H6: 案 | I6: PDFの時間内 | J6: このブック | K6: 差
B7: 7-15 | C7: 7:00〜 | D7: 0 | E7: =INDEX('データ'!D$7:D$123,MATCH("全区|全期間",'データ'!$A$7:$A$123,0)) -> 0 | F7: =E7-D7 -> 0 | H7: 案A 9:00〜16:30 | I7: 678389 | J7: =SUMPRODUCT(('データ'!$D$6:$BG$6>=540)*('データ'!$D$6:$BG$6<990)*INDEX('データ'!$D$7:$BG$123,MATCH("全区|全期間",'データ'!$A$7:$A$123,0),0)) -> 678389 | K7: =J7-I7 -> 0
B8: 7-30 | C8: 7:15〜 | D8: 0 | E8: =INDEX('データ'!E$7:E$123,MATCH("全区|全期間",'データ'!$A$7:$A$123,0)) -> 0 | F8: =E8-D8 -> 0 | H8: 案B 8:45〜16:30 | I8: 694816 | J8: =SUMPRODUCT(('データ'!$D$6:$BG$6>=525)*('データ'!$D$6:$BG$6<990)*INDEX('データ'!$D$7:$BG$123,MATCH("全区|全期間",'データ'!$A$7:$A$123,0),0)) -> 694816 | K8: =J8-I8 -> 0
B9: 7-45 | C9: 7:30〜 | D9: 3 | E9: =INDEX('データ'!F$7:F$123,MATCH("全区|全期間",'データ'!$A$7:$A$123,0)) -> 3 | F9: =E9-D9 -> 0 | H9: 案C 8:30〜17:15 | I9: 750170 | J9: =SUMPRODUCT(('データ'!$D$6:$BG$6>=510)*('データ'!$D$6:$BG$6<1035)*INDEX('データ'!$D$7:$BG$123,MATCH("全区|全期間",'データ'!$A$7:$A$123,0),0)) -> 750170 | K9: =J9-I9 -> 0
B10: 8-0 | C10: 7:45〜 | D10: 183 | E10: =INDEX('データ'!G$7:G$123,MATCH("全区|全期間",'データ'!$A$7:$A$123,0)) -> 183 | F10: =E10-D10 -> 0
B11: 8-15 | C11: 8:00〜 | D11: 1610 | E11: =INDEX('データ'!H$7:H$123,MATCH("全区|全期間",'データ'!$A$7:$A$123,0)) -> 1610 | F11: =E11-D11 -> 0 | H11: 全データの件数（2025/4〜2026/5） | I11: 781263 | J11: ＝PDFの「全部」
B12: 8-30 | C12: 8:15〜 | D12: 6985 | E12: =INDEX('データ'!I$7:I$123,MATCH("全区|全期間",'データ'!$A$7:$A$123,0)) -> 6985 | F12: =E12-D12 -> 0
B13: 8-45 | C13: 8:30〜 | D13: 15366 | E13: =INDEX('データ'!J$7:J$123,MATCH("全区|全期間",'データ'!$A$7:$A$123,0)) -> 15366 | F13: =E13-D13 -> 0 | H13: 読み方：「✓」は完全一致です。10:45〜11:00の1行だけ差がありますが、開庁時間（案）の3つの件数は完全一致しているため、PDFの数字を目で読み取る際の差（2件）と考えられます。「PDFの数字」はPDFの画像から転記しました。
B14: 9-0 | C14: 8:45〜 | D14: 16427 | E14: =INDEX('データ'!K$7:K$123,MATCH("全区|全期間",'データ'!$A$7:$A$123,0)) -> 16427 | F14: =E14-D14 -> 0
B15: 9-15 | C15: 9:00〜 | D15: 18795 | E15: =INDEX('データ'!L$7:L$123,MATCH("全区|全期間",'データ'!$A$7:$A$123,0)) -> 18795 | F15: =E15-D15 -> 0
B16: 9-30 | C16: 9:15〜 | D16: 21042 | E16: =INDEX('データ'!M$7:M$123,MATCH("全区|全期間",'データ'!$A$7:$A$123,0)) -> 21042 | F16: =E16-D16 -> 0
B17: 9-45 | C17: 9:30〜 | D17: 22530 | E17: =INDEX('データ'!N$7:N$123,MATCH("全区|全期間",'データ'!$A$7:$A$123,0)) -> 22530 | F17: =E17-D17 -> 0
B18: 10-0 | C18: 9:45〜 | D18: 23911 | E18: =INDEX('データ'!O$7:O$123,MATCH("全区|全期間",'データ'!$A$7:$A$123,0)) -> 23911 | F18: =E18-D18 -> 0
B19: 10-15 | C19: 10:00〜 | D19: 25200 | E19: =INDEX('データ'!P$7:P$123,MATCH("全区|全期間",'データ'!$A$7:$A$123,0)) -> 25200 | F19: =E19-D19 -> 0
B20: 10-30 | C20: 10:15〜 | D20: 26206 | E20: =INDEX('データ'!Q$7:Q$123,MATCH("全区|全期間",'データ'!$A$7:$A$123,0)) -> 26206 | F20: =E20-D20 -> 0
B21: 10-45 | C21: 10:30〜 | D21: 26217 | E21: =INDEX('データ'!R$7:R$123,MATCH("全区|全期間",'データ'!$A$7:$A$123,0)) -> 26217 | F21: =E21-D21 -> 0
B22: 11-0 | C22: 10:45〜 | D22: 26186 | E22: =INDEX('データ'!S$7:S$123,MATCH("全区|全期間",'データ'!$A$7:$A$123,0)) -> 26186 | F22: =E22-D22 -> 0
B23: 11-15 | C23: 11:00〜 | D23: 25985 | E23: =INDEX('データ'!T$7:T$123,MATCH("全区|全期間",'データ'!$A$7:$A$123,0)) -> 25985 | F23: =E23-D23 -> 0
B24: 11-30 | C24: 11:15〜 | D24: 24778 | E24: =INDEX('データ'!U$7:U$123,MATCH("全区|全期間",'データ'!$A$7:$A$123,0)) -> 24776 | F24: =E24-D24 -> -2
B25: 11-45 | C25: 11:30〜 | D25: 23366 | E25: =INDEX('データ'!V$7:V$123,MATCH("全区|全期間",'データ'!$A$7:$A$123,0)) -> 23366 | F25: =E25-D25 -> 0
B26: 12-0 | C26: 11:45〜 | D26: 21302 | E26: =INDEX('データ'!W$7:W$123,MATCH("全区|全期間",'データ'!$A$7:$A$123,0)) -> 21302 | F26: =E26-D26 -> 0
B27: 12-15 | C27: 12:00〜 | D27: 20028 | E27: =INDEX('データ'!X$7:X$123,MATCH("全区|全期間",'データ'!$A$7:$A$123,0)) -> 20028 | F27: =E27-D27 -> 0
B28: 12-30 | C28: 12:15〜 | D28: 19497 | E28: =INDEX('データ'!Y$7:Y$123,MATCH("全区|全期間",'データ'!$A$7:$A$123,0)) -> 19497 | F28: =E28-D28 -> 0
B29: 12-45 | C29: 12:30〜 | D29: 19397 | E29: =INDEX('データ'!Z$7:Z$123,MATCH("全区|全期間",'データ'!$A$7:$A$123,0)) -> 19397 | F29: =E29-D29 -> 0
B30: 13-0 | C30: 12:45〜 | D30: 19438 | E30: =INDEX('データ'!AA$7:AA$123,MATCH("全区|全期間",'データ'!$A$7:$A$123,0)) -> 19438 | F30: =E30-D30 -> 0
B31: 13-15 | C31: 13:00〜 | D31: 20947 | E31: =INDEX('データ'!AB$7:AB$123,MATCH("全区|全期間",'データ'!$A$7:$A$123,0)) -> 20947 | F31: =E31-D31 -> 0
B32: 13-30 | C32: 13:15〜 | D32: 22841 | E32: =INDEX('データ'!AC$7:AC$123,MATCH("全区|全期間",'データ'!$A$7:$A$123,0)) -> 22841 | F32: =E32-D32 -> 0
B33: 13-45 | C33: 13:30〜 | D33: 23475 | E33: =INDEX('データ'!AD$7:AD$123,MATCH("全区|全期間",'データ'!$A$7:$A$123,0)) -> 23475 | F33: =E33-D33 -> 0
B34: 14-0 | C34: 13:45〜 | D34: 24330 | E34: =INDEX('データ'!AE$7:AE$123,MATCH("全区|全期間",'データ'!$A$7:$A$123,0)) -> 24330 | F34: =E34-D34 -> 0
B35: 14-15 | C35: 14:00〜 | D35: 24146 | E35: =INDEX('データ'!AF$7:AF$123,MATCH("全区|全期間",'データ'!$A$7:$A$123,0)) -> 24146 | F35: =E35-D35 -> 0
B36: 14-30 | C36: 14:15〜 | D36: 24119 | E36: =INDEX('データ'!AG$7:AG$123,MATCH("全区|全期間",'データ'!$A$7:$A$123,0)) -> 24119 | F36: =E36-D36 -> 0
B37: 14-45 | C37: 14:30〜 | D37: 23771 | E37: =INDEX('データ'!AH$7:AH$123,MATCH("全区|全期間",'データ'!$A$7:$A$123,0)) -> 23771 | F37: =E37-D37 -> 0
B38: 15-0 | C38: 14:45〜 | D38: 22927 | E38: =INDEX('データ'!AI$7:AI$123,MATCH("全区|全期間",'データ'!$A$7:$A$123,0)) -> 22927 | F38: =E38-D38 -> 0
B39: 15-15 | C39: 15:00〜 | D39: 22391 | E39: =INDEX('データ'!AJ$7:AJ$123,MATCH("全区|全期間",'データ'!$A$7:$A$123,0)) -> 22391 | F39: =E39-D39 -> 0
B40: 15-30 | C40: 15:15〜 | D40: 21913 | E40: =INDEX('データ'!AK$7:AK$123,MATCH("全区|全期間",'データ'!$A$7:$A$123,0)) -> 21913 | F40: =E40-D40 -> 0
B41: 15-45 | C41: 15:30〜 | D41: 21830 | E41: =INDEX('データ'!AL$7:AL$123,MATCH("全区|全期間",'データ'!$A$7:$A$123,0)) -> 21830 | F41: =E41-D41 -> 0
B42: 16-0 | C42: 15:45〜 | D42: 20933 | E42: =INDEX('データ'!AM$7:AM$123,MATCH("全区|全期間",'データ'!$A$7:$A$123,0)) -> 20933 | F42: =E42-D42 -> 0
B43: 16-15 | C43: 16:00〜 | D43: 20714 | E43: =INDEX('データ'!AN$7:AN$123,MATCH("全区|全期間",'データ'!$A$7:$A$123,0)) -> 20714 | F43: =E43-D43 -> 0
B44: 16-30 | C44: 16:15〜 | D44: 20176 | E44: =INDEX('データ'!AO$7:AO$123,MATCH("全区|全期間",'データ'!$A$7:$A$123,0)) -> 20176 | F44: =E44-D44 -> 0
B45: 16-45 | C45: 16:30〜 | D45: 18403 | E45: =INDEX('データ'!AP$7:AP$123,MATCH("全区|全期間",'データ'!$A$7:$A$123,0)) -> 18403 | F45: =E45-D45 -> 0
B46: 17-0 | C46: 16:45〜 | D46: 14050 | E46: =INDEX('データ'!AQ$7:AQ$123,MATCH("全区|全期間",'データ'!$A$7:$A$123,0)) -> 14050 | F46: =E46-D46 -> 0
B47: 17-15 | C47: 17:00〜 | D47: 7535 | E47: =INDEX('データ'!AR$7:AR$123,MATCH("全区|全期間",'データ'!$A$7:$A$123,0)) -> 7535 | F47: =E47-D47 -> 0
B48: 17-30 | C48: 17:15〜 | D48: 1794 | E48: =INDEX('データ'!AS$7:AS$123,MATCH("全区|全期間",'データ'!$A$7:$A$123,0)) -> 1794 | F48: =E48-D48 -> 0
B49: 17-45 | C49: 17:30〜 | D49: 432 | E49: =INDEX('データ'!AT$7:AT$123,MATCH("全区|全期間",'データ'!$A$7:$A$123,0)) -> 432 | F49: =E49-D49 -> 0
B50: 18-0 | C50: 17:45〜 | D50: 209 | E50: =INDEX('データ'!AU$7:AU$123,MATCH("全区|全期間",'データ'!$A$7:$A$123,0)) -> 209 | F50: =E50-D50 -> 0
B51: 18-15 | C51: 18:00〜 | D51: 135 | E51: =INDEX('データ'!AV$7:AV$123,MATCH("全区|全期間",'データ'!$A$7:$A$123,0)) -> 135 | F51: =E51-D51 -> 0
B52: 18-30 | C52: 18:15〜 | D52: 139 | E52: =INDEX('データ'!AW$7:AW$123,MATCH("全区|全期間",'データ'!$A$7:$A$123,0)) -> 139 | F52: =E52-D52 -> 0
B53: 18-45 | C53: 18:30〜 | D53: 124 | E53: =INDEX('データ'!AX$7:AX$123,MATCH("全区|全期間",'データ'!$A$7:$A$123,0)) -> 124 | F53: =E53-D53 -> 0
B54: 19-0 | C54: 18:45〜 | D54: 79 | E54: =INDEX('データ'!AY$7:AY$123,MATCH("全区|全期間",'データ'!$A$7:$A$123,0)) -> 79 | F54: =E54-D54 -> 0
B55: 19-15 | C55: 19:00〜 | D55: 77 | E55: =INDEX('データ'!AZ$7:AZ$123,MATCH("全区|全期間",'データ'!$A$7:$A$123,0)) -> 77 | F55: =E55-D55 -> 0
B56: 19-30 | C56: 19:15〜 | D56: 40 | E56: =INDEX('データ'!BA$7:BA$123,MATCH("全区|全期間",'データ'!$A$7:$A$123,0)) -> 40 | F56: =E56-D56 -> 0
B57: 19-45 | C57: 19:30〜 | D57: 14 | E57: =INDEX('データ'!BB$7:BB$123,MATCH("全区|全期間",'データ'!$A$7:$A$123,0)) -> 14 | F57: =E57-D57 -> 0
B58: 20-0 | C58: 19:45〜 | D58: 5 | E58: =INDEX('データ'!BC$7:BC$123,MATCH("全区|全期間",'データ'!$A$7:$A$123,0)) -> 5 | F58: =E58-D58 -> 0
B59: 20-15 | C59: 20:00〜 | D59: 3 | E59: =INDEX('データ'!BD$7:BD$123,MATCH("全区|全期間",'データ'!$A$7:$A$123,0)) -> 3 | F59: =E59-D59 -> 0
B60: 20-30 | C60: 20:15〜 | D60: 0 | E60: =INDEX('データ'!BE$7:BE$123,MATCH("全区|全期間",'データ'!$A$7:$A$123,0)) -> 0 | F60: =E60-D60 -> 0
B61: 20-45 | C61: 20:30〜 | D61: 0 | E61: =INDEX('データ'!BF$7:BF$123,MATCH("全区|全期間",'データ'!$A$7:$A$123,0)) -> 0 | F61: =E61-D61 -> 0

Sheet データ
A1: データ置き場（ここは触らなくてOK。ほかのシートが自動で読み取ります）
A2: 各行は「区×月」「区×曜日」などで集計済み。列は15分ごとの発券数（来庁した人数）。時刻は「その15分の開始時刻」です。
A4: ① 区×月×15分（キー= 区|月）
A5: キー | B5: 区 | C5: 月 | D5: 7:00 | E5: 7:15 | F5: 7:30 | G5: 7:45 | H5: 8:00 | I5: 8:15 | J5: 8:30 | K5: 8:45 | L5: 9:00 | M5: 9:15 | N5: 9:30 | O5: 9:45 | P5: 10:00 | Q5: 10:15 | R5: 10:30 | S5: 10:45 | T5: 11:00 | U5: 11:15 | V5: 11:30 | W5: 11:45 | X5: 12:00 | Y5: 12:15 | Z5: 12:30 | AA5: 12:45 | AB5: 13:00 | AC5: 13:15 | AD5: 13:30 | AE5: 13:45 | AF5: 14:00 | AG5: 14:15 | AH5: 14:30 | AI5: 14:45 | AJ5: 15:00 | AK5: 15:15 | AL5: 15:30 | AM5: 15:45 | AN5: 16:00 | AO5: 16:15 | AP5: 16:30 | AQ5: 16:45 | AR5: 17:00 | AS5: 17:15 | AT5: 17:30 | AU5: 17:45 | AV5: 18:00 | AW5: 18:15 | AX5: 18:30 | AY5: 18:45 | AZ5: 19:00 | BA5: 19:15 | BB5: 19:30 | BC5: 19:45 | BD5: 20:00 | BE5: 20:15 | BF5: 20:30 | BG5: 20:45 | BH5: 合計
D6: 420 | E6: 435 | F6: 450 | G6: 465 | H6: 480 | I6: 495 | J6: 510 | K6: 525 | L6: 540 | M6: 555 | N6: 570 | O6: 585 | P6: 600 | Q6: 615 | R6: 630 | S6: 645 | T6: 660 | U6: 675 | V6: 690 | W6: 705 | X6: 720 | Y6: 735 | Z6: 750 | AA6: 765 | AB6: 780 | AC6: 795 | AD6: 810 | AE6: 825 | AF6: 840 | AG6: 855 | AH6: 870 | AI6: 885 | AJ6: 900 | AK6: 915 | AL6: 930 | AM6: 945 | AN6: 960 | AO6: 975 | AP6: 990 | AQ6: 1005 | AR6: 1020 | AS6: 1035 | AT6: 1050 | AU6: 1065 | AV6: 1080 | AW6: 1095 | AX6: 1110 | AY6: 1125 | AZ6: 1140 | BA6: 1155 | BB6: 1170 | BC6: 1185 | BD6: 1200 | BE6: 1215 | BF6: 1230 | BG6: 1245
A7: 全区|全期間 | B7: 全区 | C7: 全期間 | D7: 0 | E7: 0 | F7: 3 | G7: 183 | H7: 1610 | I7: 6985 | J7: 15366 | K7: 16427 | L7: 18795 | M7: 21042 | N7: 22530 | O7: 23911 | P7: 25200 | Q7: 26206 | R7: 26217 | S7: 26186 | T7: 25985 | U7: 24776 | V7: 23366 | W7: 21302 | X7: 20028 | Y7: 19497 | Z7: 19397 | AA7: 19438 | AB7: 20947 | AC7: 22841 | AD7: 23475 | AE7: 24330 | AF7: 24146 | AG7: 24119 | AH7: 23771 | AI7: 22927 | AJ7: 22391 | AK7: 21913 | AL7: 21830 | AM7: 20933 | AN7: 20714 | AO7: 20176 | AP7: 18403 | AQ7: 14050 | AR7: 7535 | AS7: 1794 | AT7: 432 | AU7: 209 | AV7: 135 | AW7: 139 | AX7: 124 | AY7: 79 | AZ7: 77 | BA7: 40 | BB7: 14 | BC7: 5 | BD7: 3 | BE7: 0 | BF7: 0 | BG7: 0 | BH7: =SUM(D7:BG7) -> 762002
A8: 全区|4月 | B8: 全区 | C8: 4月 | D8: 0 | E8: 0 | F8: 0 | G8: 23 | H8: 186 | I8: 801 | J8: 1479 | K8: 1695 | L8: 1817 | M8: 2028 | N8: 2138 | O8: 2188 | P8: 2244 | Q8: 2363 | R8: 2401 | S8: 2377 | T8: 2358 | U8: 2198 | V8: 1991 | W8: 1931 | X8: 1777 | Y8: 1745 | Z8: 1789 | AA8: 1769 | AB8: 1891 | AC8: 2090 | AD8: 2166 | AE8: 2188 | AF8: 2210 | AG8: 2238 | AH8: 2162 | AI8: 2093 | AJ8: 1960 | AK8: 1981 | AL8: 1930 | AM8: 1809 | AN8: 1815 | AO8: 1782 | AP8: 1622 | AQ8: 1310 | AR8: 755 | AS8: 257 | AT8: 52 | AU8: 35 | AV8: 22 | AW8: 23 | AX8: 11 | AY8: 7 | AZ8: 1 | BA8: 0 | BB8: 0 | BC8: 0 | BD8: 0 | BE8: 0 | BF8: 0 | BG8: 0 | BH8: =SUM(D8:BG8) -> 69708
A9: 全区|5月 | B9: 全区 | C9: 5月 | D9: 0 | E9: 0 | F9: 2 | G9: 18 | H9: 169 | I9: 645 | J9: 1373 | K9: 1502 | L9: 1729 | M9: 1902 | N9: 2014 | O9: 2057 | P9: 2164 | Q9: 2245 | R9: 2279 | S9: 2224 | T9: 2126 | U9: 2017 | V9: 1928 | W9: 1810 | X9: 1650 | Y9: 1625 | Z9: 1546 | AA9: 1569 | AB9: 1698 | AC9: 1773 | AD9: 1892 | AE9: 1993 | AF9: 2015 | AG9: 1970 | AH9: 1879 | AI9: 1862 | AJ9: 1732 | AK9: 1743 | AL9: 1665 | AM9: 1648 | AN9: 1644 | AO9: 1709 | AP9: 1414 | AQ9: 1160 | AR9: 647 | AS9: 200 | AT9: 36 | AU9: 7 | AV9: 3 | AW9: 3 | AX9: 0 | AY9: 4 | AZ9: 0 | BA9: 0 | BB9: 0 | BC9: 0 | BD9: 0 | BE9: 0 | BF9: 0 | BG9: 0 | BH9: =SUM(D9:BG9) -> 63291
A10: 全区|6月 | B10: 全区 | C10: 6月 | D10: 0 | E10: 0 | F10: 1 | G10: 14 | H10: 150 | I10: 591 | J10: 1256 | K10: 1482 | L10: 1665 | M10: 1836 | N10: 1926 | O10: 2166 | P10: 2198 | Q10: 2244 | R10: 2247 | S10: 2193 | T10: 2225 | U10: 2175 | V10: 1961 | W10: 1819 | X10: 1679 | Y10: 1609 | Z10: 1707 | AA10: 1683 | AB10: 1816 | AC10: 1944 | AD10: 2031 | AE10: 2073 | AF10: 2034 | AG10: 1977 | AH10: 1979 | AI10: 1960 | AJ10: 1818 | AK10: 1766 | AL10: 1888 | AM10: 1677 | AN10: 1832 | AO10: 1711 | AP10: 1558 | AQ10: 1229 | AR10: 660 | AS10: 198 | AT10: 32 | AU10: 8 | AV10: 4 | AW10: 0 | AX10: 0 | AY10: 0 | AZ10: 0 | BA10: 0 | BB10: 0 | BC10: 0 | BD10: 0 | BE10: 0 | BF10: 0 | BG10: 0 | BH10: =SUM(D10:BG10) -> 65022
A11: 全区|7月 | B11: 全区 | C11: 7月 | D11: 0 | E11: 0 | F11: 0 | G11: 38 | H11: 217 | I11: 766 | J11: 1541 | K11: 1666 | L11: 1845 | M11: 2093 | N11: 2284 | O11: 2265 | P11: 2378 | Q11: 2518 | R11: 2338 | S11: 2433 | T11: 2295 | U11: 2264 | V11: 2088 | W11: 1857 | X11: 1725 | Y11: 1697 | Z11: 1655 | AA11: 1687 | AB11: 1712 | AC11: 1960 | AD11: 1982 | AE11: 2137 | AF11: 2098 | AG11: 2145 | AH11: 1992 | AI11: 1968 | AJ11: 1859 | AK11: 1856 | AL11: 1842 | AM11: 1824 | AN11: 1743 | AO11: 1775 | AP11: 1573 | AQ11: 1361 | AR11: 719 | AS11: 217 | AT11: 44 | AU11: 9 | AV11: 3 | AW11: 0 | AX11: 0 | AY11: 0 | AZ11: 0 | BA11: 0 | BB11: 0 | BC11: 0 | BD11: 0 | BE11: 0 | BF11: 0 | BG11: 0 | BH11: =SUM(D11:BG11) -> 68469
A12: 全区|8月 | B12: 全区 | C12: 8月 | D12: 0 | E12: 0 | F12: 0 | G12: 25 | H12: 187 | I12: 610 | J12: 1303 | K12: 1462 | L12: 1613 | M12: 1698 | N12: 1802 | O12: 1984 | P12: 2021 | Q12: 2104 | R12: 2081 | S12: 2141 | T12: 1982 | U12: 1911 | V12: 1947 | W12: 1643 | X12: 1570 | Y12: 1499 | Z12: 1465 | AA12: 1496 | AB12: 1598 | AC12: 1730 | AD12: 1836 | AE12: 1847 | AF12: 1845 | AG12: 1842 | AH12: 1908 | AI12: 1793 | AJ12: 1748 | AK12: 1680 | AL12: 1715 | AM12: 1666 | AN12: 1605 | AO12: 1532 | AP12: 1341 | AQ12: 1048 | AR12: 608 | AS12: 168 | AT12: 39 | AU12: 10 | AV12: 3 | AW12: 0 | AX12: 1 | AY12: 0 | AZ12: 0 | BA12: 0 | BB12: 0 | BC12: 0 | BD12: 0 | BE12: 0 | BF12: 0 | BG12: 0 | BH12: =SUM(D12:BG12) -> 60107
A13: 全区|9月 | B13: 全区 | C13: 9月 | D13: 0 | E13: 0 | F13: 0 | G13: 16 | H13: 152 | I13: 492 | J13: 1121 | K13: 1291 | L13: 1569 | M13: 1718 | N13: 1864 | O13: 1933 | P13: 2040 | Q13: 2129 | R13: 2174 | S13: 2007 | T13: 2088 | U13: 1965 | V13: 1780 | W13: 1655 | X13: 1536 | Y13: 1511 | Z13: 1574 | AA13: 1537 | AB13: 1545 | AC13: 1708 | AD13: 1777 | AE13: 1910 | AF13: 1784 | AG13: 1862 | AH13: 1838 | AI13: 1712 | AJ13: 1767 | AK13: 1687 | AL13: 1648 | AM13: 1635 | AN13: 1669 | AO13: 1558 | AP13: 1431 | AQ13: 1102 | AR13: 663 | AS13: 176 | AT13: 44 | AU13: 4 | AV13: 0 | AW13: 0 | AX13: 0 | AY13: 0 | AZ13: 0 | BA13: 0 | BB13: 0 | BC13: 0 | BD13: 0 | BE13: 0 | BF13: 0 | BG13: 0 | BH13: =SUM(D13:BG13) -> 59672
A14: 全区|10月 | B14: 全区 | C14: 10月 | D14: 0 | E14: 0 | F14: 0 | G14: 18 | H14: 161 | I14: 476 | J14: 1189 | K14: 1400 | L14: 1587 | M14: 1878 | N14: 1876 | O14: 2002 | P14: 2214 | Q14: 2403 | R14: 2328 | S14: 2287 | T14: 2247 | U14: 2165 | V14: 2103 | W14: 1847 | X14: 1758 | Y14: 1702 | Z14: 1599 | AA14: 1734 | AB14: 1855 | AC14: 2026 | AD14: 2012 | AE14: 2138 | AF14: 2101 | AG14: 1958 | AH14: 2034 | AI14: 1974 | AJ14: 2016 | AK14: 1929 | AL14: 1962 | AM14: 1905 | AN14: 1874 | AO14: 1820 | AP14: 1612 | AQ14: 1228 | AR14: 691 | AS14: 202 | AT14: 58 | AU14: 13 | AV14: 21 | AW14: 11 | AX14: 10 | AY14: 15 | AZ14: 12 | BA14: 16 | BB14: 9 | BC14: 0 | BD14: 1 | BE14: 0 | BF14: 0 | BG14: 0 | BH14: =SUM(D14:BG14) -> 66477
A15: 全区|11月 | B15: 全区 | C15: 11月 | D15: 0 | E15: 0 | F15: 0 | G15: 22 | H15: 115 | I15: 341 | J15: 793 | K15: 934 | L15: 1104 | M15: 1348 | N15: 1395 | O15: 1470 | P15: 1619 | Q15: 1759 | R15: 1692 | S15: 1782 | T15: 1760 | U15: 1627 | V15: 1559 | W15: 1430 | X15: 1354 | Y15: 1295 | Z15: 1338 | AA15: 1267 | AB15: 1359 | AC15: 1432 | AD15: 1497 | AE15: 1604 | AF15: 1582 | AG15: 1627 | AH15: 1624 | AI15: 1466 | AJ15: 1499 | AK15: 1465 | AL15: 1446 | AM15: 1401 | AN15: 1386 | AO15: 1237 | AP15: 1206 | AQ15: 877 | AR15: 578 | AS15: 166 | AT15: 35 | AU15: 7 | AV15: 0 | AW15: 0 | AX15: 0 | AY15: 0 | AZ15: 0 | BA15: 0 | BB15: 0 | BC15: 0 | BD15: 0 | BE15: 0 | BF15: 0 | BG15: 0 | BH15: =SUM(D15:BG15) -> 49498
A16: 全区|12月 | B16: 全区 | C16: 12月 | D16: 0 | E16: 0 | F16: 0 | G16: 2 | H16: 43 | I16: 366 | J16: 1021 | K16: 1014 | L16: 1213 | M16: 1331 | N16: 1473 | O16: 1633 | P16: 1801 | Q16: 1805 | R16: 1840 | S16: 1799 | T16: 1924 | U16: 1816 | V16: 1739 | W16: 1620 | X16: 1458 | Y16: 1445 | Z16: 1456 | AA16: 1443 | AB16: 1590 | AC16: 1739 | AD16: 1723 | AE16: 1806 | AF16: 1844 | AG16: 1864 | AH16: 1770 | AI16: 1724 | AJ16: 1674 | AK16: 1591 | AL16: 1676 | AM16: 1512 | AN16: 1513 | AO16: 1491 | AP16: 1427 | AQ16: 984 | AR16: 481 | AS16: 59 | AT16: 15 | AU16: 25 | AV16: 21 | AW16: 30 | AX16: 24 | AY16: 20 | AZ16: 23 | BA16: 11 | BB16: 3 | BC16: 2 | BD16: 0 | BE16: 0 | BF16: 0 | BG16: 0 | BH16: =SUM(D16:BG16) -> 54884
A17: 全区|1月 | B17: 全区 | C17: 1月 | D17: 0 | E17: 0 | F17: 0 | G17: 3 | H17: 46 | I17: 406 | J17: 930 | K17: 878 | L17: 1058 | M17: 1171 | N17: 1428 | O17: 1442 | P17: 1589 | Q17: 1568 | R17: 1669 | S17: 1693 | T17: 1625 | U17: 1545 | V17: 1481 | W17: 1353 | X17: 1267 | Y17: 1194 | Z17: 1174 | AA17: 1215 | AB17: 1328 | AC17: 1581 | AD17: 1589 | AE17: 1564 | AF17: 1617 | AG17: 1607 | AH17: 1567 | AI17: 1521 | AJ17: 1524 | AK17: 1458 | AL17: 1510 | AM17: 1421 | AN17: 1356 | AO17: 1383 | AP17: 1233 | AQ17: 876 | AR17: 437 | AS17: 50 | AT17: 20 | AU17: 33 | AV17: 12 | AW17: 0 | AX17: 0 | AY17: 0 | AZ17: 5 | BA17: 0 | BB17: 0 | BC17: 1 | BD17: 2 | BE17: 0 | BF17: 0 | BG17: 0 | BH17: =SUM(D17:BG17) -> 48430
A18: 全区|2月 | B18: 全区 | C18: 2月 | D18: 0 | E18: 0 | F18: 0 | G18: 1 | H18: 52 | I18: 510 | J18: 1301 | K18: 1250 | L18: 1522 | M18: 1733 | N18: 1857 | O18: 2035 | P18: 2088 | Q18: 2293 | R18: 2333 | S18: 2348 | T18: 2365 | U18: 2217 | V18: 2126 | W18: 1956 | X18: 1931 | Y18: 1815 | Z18: 1802 | AA18: 1746 | AB18: 2035 | AC18: 2236 | AD18: 2314 | AE18: 2274 | AF18: 2250 | AG18: 2225 | AH18: 2213 | AI18: 2107 | AJ18: 2115 | AK18: 2093 | AL18: 2003 | AM18: 1995 | AN18: 1919 | AO18: 1878 | AP18: 1771 | AQ18: 1251 | AR18: 598 | AS18: 35 | AT18: 15 | AU18: 17 | AV18: 20 | AW18: 24 | AX18: 43 | AY18: 20 | AZ18: 27 | BA18: 10 | BB18: 2 | BC18: 2 | BD18: 0 | BE18: 0 | BF18: 0 | BG18: 0 | BH18: =SUM(D18:BG18) -> 68773
... A123: 佐伯区|3月 | B123: 佐伯区 | C123: 3月 | D123: 0 | E123: 0 | F123: 0 | G123: 0 | H123: 33 | I123: 129 | J123: 245 | K123: 249 | L123: 280 | M123: 334 | N123: 351 | O123: 391 | P123: 381 | Q123: 390 | R123: 360 | S123: 374 | T123: 390 | U123: 351 | V123: 361 | W123: 323 | X123: 291 | Y123: 282 | Z123: 295 | AA123: 270 | AB123: 349 | AC123: 294 | AD123: 328 | AE123: 339 | AF123: 348 | AG123: 362 | AH123: 342 | AI123: 380 | AJ123: 316 | AK123: 348 | AL123: 339 | AM123: 275 | AN123: 289 | AO123: 281 | AP123: 308 | AQ123: 195 | AR123: 65 | AS123: 6 | AT123: 5 | AU123: 1 | AV123: 3 | AW123: 2 | AX123: 0 | AY123: 2 | AZ123: 0 | BA123: 0 | BB123: 0 | BC123: 0 | BD123: 0 | BE123: 0 | BF123: 0 | BG123: 0 | BH123: =SUM(D123:BG123) -> 11257
A125: ② 区×曜日×15分（キー= 区|曜日）
A126: キー | B126: 区 | C126: 曜日 | D126: 7:00 | E126: 7:15 | F126: 7:30 | G126: 7:45 | H126: 8:00 | I126: 8:15 | J126: 8:30 | K126: 8:45 | L126: 9:00 | M126: 9:15 | N126: 9:30 | O126: 9:45 | P126: 10:00 | Q126: 10:15 | R126: 10:30 | S126: 10:45 | T126: 11:00 | U126: 11:15 | V126: 11:30 | W126: 11:45 | X126: 12:00 | Y126: 12:15 | Z126: 12:30 | AA126: 12:45 | AB126: 13:00 | AC126: 13:15 | AD126: 13:30 | AE126: 13:45 | AF126: 14:00 | AG126: 14:15 | AH126: 14:30 | AI126: 14:45 | AJ126: 15:00 | AK126: 15:15 | AL126: 15:30 | AM126: 15:45 | AN126: 16:00 | AO126: 16:15 | AP126: 16:30 | AQ126: 16:45 | AR126: 17:00 | AS126: 17:15 | AT126: 17:30 | AU126: 17:45 | AV126: 18:00 | AW126: 18:15 | AX126: 18:30 | AY126: 18:45 | AZ126: 19:00 | BA126: 19:15 | BB126: 19:30 | BC126: 19:45 | BD126: 20:00 | BE126: 20:15 | BF126: 20:30 | BG126: 20:45 | BH126: 合計
A127: 全区|月 | B127: 全区 | C127: 月 | D127: 0 | E127: 0 | F127: 0 | G127: 43 | H127: 314 | I127: 1645 | J127: 3375 | K127: 3651 | L127: 4070 | M127: 4388 | N127: 4651 | O127: 5014 | P127: 5180 | Q127: 5358 | R127: 5364 | S127: 5315 | T127: 5315 | U127: 5151 | V127: 4651 | W127: 4340 | X127: 4053 | Y127: 3956 | Z127: 3912 | AA127: 3861 | AB127: 4098 | AC127: 4396 | AD127: 4585 | AE127: 4738 | AF127: 4644 | AG127: 4648 | AH127: 4449 | AI127: 4363 | AJ127: 4279 | AK127: 4086 | AL127: 4051 | AM127: 3915 | AN127: 3831 | AO127: 3812 | AP127: 3524 | AQ127: 2601 | AR127: 1421 | AS127: 314 | AT127: 75 | AU127: 20 | AV127: 6 | AW127: 14 | AX127: 17 | AY127: 5 | AZ127: 3 | BA127: 3 | BB127: 0 | BC127: 0 | BD127: 0 | BE127: 0 | BF127: 0 | BG127: 0 | BH127: =SUM(D127:BG127) -> 151505
A128: 全区|火 | B128: 全区 | C128: 火 | D128: 0 | E128: 0 | F128: 2 | G128: 33 | H128: 344 | I128: 1404 | J128: 3116 | K128: 3250 | L128: 3918 | M128: 4194 | N128: 4543 | O128: 4846 | P128: 5149 | Q128: 5340 | R128: 5499 | S128: 5280 | T128: 5310 | U128: 4975 | V128: 4825 | W128: 4335 | X128: 4075 | Y128: 3978 | Z128: 3974 | AA128: 3916 | AB128: 4201 | AC128: 4699 | AD128: 4745 | AE128: 4901 | AF128: 4930 | AG128: 4789 | AH128: 4858 | AI128: 4526 | AJ128: 4440 | AK128: 4365 | AL128: 4284 | AM128: 4295 | AN128: 4218 | AO128: 3982 | AP128: 3540 | AQ128: 2872 | AR128: 1482 | AS128: 334 | AT128: 88 | AU128: 43 | AV128: 26 | AW128: 33 | AX128: 19 | AY128: 8 | AZ128: 11 | BA128: 0 | BB128: 0 | BC128: 1 | BD128: 2 | BE128: 0 | BF128: 0 | BG128: 0 | BH128: =SUM(D128:BG128) -> 153998
A129: 全区|水 | B129: 全区 | C129: 水 | D129: 0 | E129: 0 | F129: 0 | G129: 24 | H129: 287 | I129: 1258 | J129: 2958 | K129: 2987 | L129: 3620 | M129: 4089 | N129: 4421 | O129: 4691 | P129: 5003 | Q129: 5211 | R129: 5084 | S129: 5154 | T129: 5161 | U129: 4803 | V129: 4633 | W129: 4194 | X129: 4017 | Y129: 3842 | Z129: 3892 | AA129: 3838 | AB129: 4145 | AC129: 4477 | AD129: 4628 | AE129: 4931 | AF129: 4800 | AG129: 4737 | AH129: 4808 | AI129: 4575 | AJ129: 4404 | AK129: 4410 | AL129: 4405 | AM129: 4012 | AN129: 4079 | AO129: 3928 | AP129: 3550 | AQ129: 2689 | AR129: 1448 | AS129: 309 | AT129: 60 | AU129: 16 | AV129: 7 | AW129: 6 | AX129: 8 | AY129: 3 | AZ129: 0 | BA129: 0 | BB129: 0 | BC129: 0 | BD129: 0 | BE129: 0 | BF129: 0 | BG129: 0 | BH129: =SUM(D129:BG129) -> 149602
A130: 全区|木 | B130: 全区 | C130: 木 | D130: 0 | E130: 0 | F130: 0 | G130: 36 | H130: 266 | I130: 1215 | J130: 2748 | K130: 3056 | L130: 3414 | M130: 4033 | N130: 4356 | O130: 4671 | P130: 4894 | Q130: 5092 | R130: 4995 | S130: 5089 | T130: 5119 | U130: 4853 | V130: 4557 | W130: 4132 | X130: 3916 | Y130: 3829 | Z130: 3775 | AA130: 3886 | AB130: 4207 | AC130: 4642 | AD130: 4672 | AE130: 4834 | AF130: 4917 | AG130: 4893 | AH130: 4921 | AI130: 4766 | AJ130: 4698 | AK130: 4598 | AL130: 4462 | AM130: 4305 | AN130: 4079 | AO130: 4044 | AP130: 3685 | AQ130: 2755 | AR130: 1481 | AS130: 364 | AT130: 92 | AU130: 66 | AV130: 71 | AW130: 74 | AX130: 72 | AY130: 57 | AZ130: 63 | BA130: 37 | BB130: 14 | BC130: 4 | BD130: 1 | BE130: 0 | BF130: 0 | BG130: 0 | BH130: =SUM(D130:BG130) -> 150806
A131: 全区|金 | B131: 全区 | C131: 金 | D131: 0 | E131: 0 | F131: 1 | G131: 37 | H131: 315 | I131: 1264 | J131: 2932 | K131: 3282 | L131: 3617 | M131: 4162 | N131: 4403 | O131: 4515 | P131: 4835 | Q131: 5048 | R131: 5137 | S131: 5207 | T131: 4933 | U131: 4811 | V131: 4546 | W131: 4233 | X131: 3944 | Y131: 3891 | Z131: 3844 | AA131: 3937 | AB131: 4286 | AC131: 4619 | AD131: 4832 | AE131: 4901 | AF131: 4850 | AG131: 5012 | AH131: 4697 | AI131: 4696 | AJ131: 4567 | AK131: 4410 | AL131: 4580 | AM131: 4379 | AN131: 4453 | AO131: 4384 | AP131: 4053 | AQ131: 3100 | AR131: 1624 | AS131: 439 | AT131: 101 | AU131: 30 | AV131: 13 | AW131: 12 | AX131: 8 | AY131: 6 | AZ131: 0 | BA131: 0 | BB131: 0 | BC131: 0 | BD131: 0 | BE131: 0 | BF131: 0 | BG131: 0 | BH131: =SUM(D131:BG131) -> 152946
A132: 全区|土 | B132: 全区 | C132: 土 | D132: 0 | E132: 0 | F132: 0 | G132: 0 | H132: 1 | I132: 10 | J132: 19 | K132: 11 | L132: 10 | M132: 12 | N132: 14 | O132: 10 | P132: 9 | Q132: 8 | R132: 6 | S132: 11 | T132: 8 | U132: 12 | V132: 6 | W132: 13 | X132: 1 | Y132: 0 | Z132: 0 | AA132: 0 | AB132: 0 | AC132: 0 | AD132: 0 | AE132: 0 | AF132: 0 | AG132: 0 | AH132: 0 | AI132: 0 | AJ132: 0 | AK132: 0 | AL132: 3 | AM132: 3 | AN132: 31 | AO132: 8 | AP132: 10 | AQ132: 19 | AR132: 40 | AS132: 10 | AT132: 4 | AU132: 18 | AV132: 10 | AW132: 0 | AX132: 0 | AY132: 0 | AZ132: 0 | BA132: 0 | BB132: 0 | BC132: 0 | BD132: 0 | BE132: 0 | BF132: 0 | BG132: 0 | BH132: =SUM(D132:BG132) -> 317
A133: 全区|日 | B133: 全区 | C133: 日 | D133: 0 | E133: 0 | F133: 0 | G133: 10 | H133: 83 | I133: 189 | J133: 218 | K133: 190 | L133: 146 | M133: 164 | N133: 142 | O133: 164 | P133: 130 | Q133: 149 | R133: 132 | S133: 130 | T133: 139 | U133: 171 | V133: 148 | W133: 55 | X133: 22 | Y133: 1 | Z133: 0 | AA133: 0 | AB133: 10 | AC133: 8 | AD133: 13 | AE133: 25 | AF133: 5 | AG133: 40 | AH133: 38 | AI133: 1 | AJ133: 3 | AK133: 44 | AL133: 45 | AM133: 24 | AN133: 23 | AO133: 18 | AP133: 41 | AQ133: 14 | AR133: 39 | AS133: 24 | AT133: 12 | AU133: 16 | AV133: 2 | AW133: 0 | AX133: 0 | AY133: 0 | AZ133: 0 | BA133: 0 | BB133: 0 | BC133: 0 | BD133: 0 | BE133: 0 | BF133: 0 | BG133: 0 | BH133: =SUM(D133:BG133) -> 2828
A134: 中区|月 | B134: 中区 | C134: 月 | D134: 0 | E134: 0 | F134: 0 | G134: 0 | H134: 11 | I134: 92 | J134: 233 | K134: 510 | L134: 569 | M134: 648 | N134: 749 | O134: 802 | P134: 806 | Q134: 881 | R134: 923 | S134: 1009 | T134: 1005 | U134: 1027 | V134: 930 | W134: 914 | X134: 865 | Y134: 903 | Z134: 867 | AA134: 789 | AB134: 706 | AC134: 807 | AD134: 856 | AE134: 893 | AF134: 896 | AG134: 918 | AH134: 904 | AI134: 911 | AJ134: 846 | AK134: 867 | AL134: 857 | AM134: 877 | AN134: 799 | AO134: 754 | AP134: 763 | AQ134: 650 | AR134: 515 | AS134: 237 | AT134: 60 | AU134: 13 | AV134: 3 | AW134: 2 | AX134: 0 | AY134: 1 | AZ134: 0 | BA134: 0 | BB134: 0 | BC134: 0 | BD134: 0 | BE134: 0 | BF134: 0 | BG134: 0 | BH134: =SUM(D134:BG134) -> 28668
A135: 中区|火 | B135: 中区 | C135: 火 | D135: 0 | E135: 0 | F135: 0 | G135: 0 | H135: 13 | I135: 72 | J135: 244 | K135: 473 | L135: 545 | M135: 614 | N135: 719 | O135: 802 | P135: 822 | Q135: 940 | R135: 956 | S135: 927 | T135: 958 | U135: 1003 | V135: 932 | W135: 889 | X135: 883 | Y135: 854 | Z135: 831 | AA135: 790 | AB135: 777 | AC135: 839 | AD135: 908 | AE135: 983 | AF135: 953 | AG135: 950 | AH135: 943 | AI135: 926 | AJ135: 869 | AK135: 876 | AL135: 890 | AM135: 965 | AN135: 913 | AO135: 811 | AP135: 788 | AQ135: 778 | AR135: 574 | AS135: 248 | AT135: 74 | AU135: 21 | AV135: 10 | AW135: 9 | AX135: 8 | AY135: 4 | AZ135: 1 | BA135: 0 | BB135: 0 | BC135: 0 | BD135: 0 | BE135: 0 | BF135: 0 | BG135: 0 | BH135: =SUM(D135:BG135) -> 29385
A136: 中区|水 | B136: 中区 | C136: 水 | D136: 0 | E136: 0 | F136: 0 | G136: 0 | H136: 7 | I136: 43 | J136: 178 | K136: 377 | L136: 485 | M136: 523 | N136: 650 | O136: 756 | P136: 801 | Q136: 909 | R136: 909 | S136: 919 | T136: 875 | U136: 898 | V136: 953 | W136: 850 | X136: 874 | Y136: 824 | Z136: 845 | AA136: 767 | AB136: 778 | AC136: 771 | AD136: 867 | AE136: 906 | AF136: 923 | AG136: 972 | AH136: 956 | AI136: 881 | AJ136: 864 | AK136: 901 | AL136: 919 | AM136: 884 | AN136: 845 | AO136: 793 | AP136: 780 | AQ136: 739 | AR136: 520 | AS136: 238 | AT136: 50 | AU136: 8 | AV136: 4 | AW136: 0 | AX136: 4 | AY136: 1 | AZ136: 0 | BA136: 0 | BB136: 0 | BC136: 0 | BD136: 0 | BE136: 0 | BF136: 0 | BG136: 0 | BH136: =SUM(D136:BG136) -> 28047
A137: 中区|木 | B137: 中区 | C137: 木 | D137: 0 | E137: 0 | F137: 0 | G137: 0 | H137: 10 | I137: 55 | J137: 178 | K137: 430 | L137: 426 | M137: 579 | N137: 624 | O137: 739 | P137: 769 | Q137: 838 | R137: 857 | S137: 901 | T137: 925 | U137: 943 | V137: 876 | W137: 823 | X137: 856 | Y137: 752 | Z137: 845 | AA137: 807 | AB137: 758 | AC137: 761 | AD137: 883 | AE137: 901 | AF137: 941 | AG137: 984 | AH137: 976 | AI137: 967 | AJ137: 942 | AK137: 913 | AL137: 909 | AM137: 928 | AN137: 826 | AO137: 863 | AP137: 805 | AQ137: 750 | AR137: 529 | AS137: 253 | AT137: 61 | AU137: 15 | AV137: 13 | AW137: 20 | AX137: 11 | AY137: 13 | AZ137: 14 | BA137: 10 | BB137: 8 | BC137: 2 | BD137: 1 | BE137: 0 | BF137: 0 | BG137: 0 | BH137: =SUM(D137:BG137) -> 28290
A138: 中区|金 | B138: 中区 | C138: 金 | D138: 0 | E138: 0 | F138: 1 | G138: 0 | H138: 3 | I138: 70 | J138: 192 | K138: 450 | L138: 538 | M138: 622 | N138: 664 | O138: 708 | P138: 737 | Q138: 845 | R138: 906 | S138: 943 | T138: 916 | U138: 896 | V138: 886 | W138: 894 | X138: 881 | Y138: 855 | Z138: 891 | AA138: 776 | AB138: 802 | AC138: 834 | AD138: 916 | AE138: 941 | AF138: 864 | AG138: 926 | AH138: 906 | AI138: 891 | AJ138: 923 | AK138: 894 | AL138: 937 | AM138: 902 | AN138: 912 | AO138: 911 | AP138: 863 | AQ138: 744 | AR138: 570 | AS138: 327 | AT138: 84 | AU138: 20 | AV138: 7 | AW138: 1 | AX138: 1 | AY138: 0 | AZ138: 0 | BA138: 0 | BB138: 0 | BC138: 0 | BD138: 0 | BE138: 0 | BF138: 0 | BG138: 0 | BH138: =SUM(D138:BG138) -> 28850
... A189: 佐伯区|日 | B189: 佐伯区 | C189: 日 | D189: 0 | E189: 0 | F189: 0 | G189: 0 | H189: 0 | I189: 0 | J189: 1 | K189: 2 | L189: 1 | M189: 1 | N189: 0 | O189: 1 | P189: 0 | Q189: 0 | R189: 1 | S189: 1 | T189: 2 | U189: 1 | V189: 0 | W189: 0 | X189: 0 | Y189: 0 | Z189: 0 | AA189: 0 | AB189: 0 | AC189: 0 | AD189: 0 | AE189: 0 | AF189: 0 | AG189: 0 | AH189: 0 | AI189: 0 | AJ189: 0 | AK189: 0 | AL189: 0 | AM189: 0 | AN189: 0 | AO189: 0 | AP189: 0 | AQ189: 3 | AR189: 27 | AS189: 21 | AT189: 12 | AU189: 13 | AV189: 2 | AW189: 0 | AX189: 0 | AY189: 0 | AZ189: 0 | BA189: 0 | BB189: 0 | BC189: 0 | BD189: 0 | BE189: 0 | BF189: 0 | BG189: 0 | BH189: =SUM(D189:BG189) -> 89
A191: ③ 区×月の待ち時間（秒の合計と件数。3時間超の外れ値は除外）
A192: キー | B192: 区 | C192: 月 | D192: 待ち時間合計(秒) | E192: 件数
A193: 全区|全期間 | B193: 全区 | C193: 全期間 | D193: 357065012 | E193: 759189
A194: 全区|4月 | B194: 全区 | C194: 4月 | D194: 52608677 | E194: 69617
A195: 全区|5月 | B195: 全区 | C195: 5月 | D195: 37345420 | E195: 63247
A196: 全区|6月 | B196: 全区 | C196: 6月 | D196: 30454504 | E196: 64977
A197: 全区|7月 | B197: 全区 | C197: 7月 | D197: 31984458 | E197: 68432
A198: 全区|8月 | B198: 全区 | C198: 8月 | D198: 31791095 | E198: 60067
A199: 全区|9月 | B199: 全区 | C199: 9月 | D199: 21442393 | E199: 59644
A200: 全区|10月 | B200: 全区 | C200: 10月 | D200: 22712122 | E200: 66458
A201: 全区|11月 | B201: 全区 | C201: 11月 | D201: 17037747 | E201: 49485
A202: 全区|12月 | B202: 全区 | C202: 12月 | D202: 20062959 | E202: 54390
A203: 全区|1月 | B203: 全区 | C203: 1月 | D203: 19008301 | E203: 47621
A204: 全区|2月 | B204: 全区 | C204: 2月 | D204: 22596149 | E204: 68505
... A309: 佐伯区|3月 | B309: 佐伯区 | C309: 3月 | D309: 4300758 | E309: 11198
A311: ④ 日別の発券数（区別）
A312: 日付 | B312: 全区 | C312: 中区 | D312: 東区 | E312: 南区 | F312: 西区 | G312: 安佐南区 | H312: 安佐北区 | I312: 安芸区 | J312: 佐伯区
A313: 45748 | B313: 4032 | C313: 864 | D313: 476 | E313: 711 | F313: 683 | G313: 440 | H313: 274 | I313: 217 | J313: 367
A314: 45749 | B314: 3588 | C314: 668 | D314: 444 | E314: 695 | F314: 632 | G314: 365 | H314: 250 | I314: 191 | J314: 343
A315: 45750 | B315: 3560 | C315: 684 | D315: 384 | E315: 637 | F315: 697 | G315: 408 | H315: 250 | I315: 176 | J315: 324
A316: 45751 | B316: 3487 | C316: 707 | D316: 412 | E316: 666 | F316: 619 | G316: 372 | H316: 224 | I316: 158 | J316: 329
A317: 45752 | B317: 0 | C317: 0 | D317: 0 | E317: 0 | F317: 0 | G317: 0 | H317: 0 | I317: 0 | J317: 0
A318: 45753 | B318: 0 | C318: 0 | D318: 0 | E318: 0 | F318: 0 | G318: 0 | H318: 0 | I318: 0 | J318: 0
A319: 45754 | B319: 3875 | C319: 787 | D319: 504 | E319: 730 | F319: 673 | G319: 385 | H319: 258 | I319: 210 | J319: 328
A320: 45755 | B320: 3288 | C320: 679 | D320: 399 | E320: 580 | F320: 560 | G320: 347 | H320: 204 | I320: 164 | J320: 355
A321: 45756 | B321: 3225 | C321: 698 | D321: 369 | E321: 568 | F321: 636 | G321: 294 | H321: 189 | I321: 158 | J321: 313
A322: 45757 | B322: 2651 | C322: 561 | D322: 319 | E322: 430 | F322: 461 | G322: 271 | H322: 178 | I322: 130 | J322: 301
A323: 45758 | B323: 3091 | C323: 577 | D323: 386 | E323: 534 | F323: 574 | G323: 327 | H323: 192 | I323: 154 | J323: 347
A324: 45759 | B324: 0 | C324: 0 | D324: 0 | E324: 0 | F324: 0 | G324: 0 | H324: 0 | I324: 0 | J324: 0
... A677: 46112 | B677: 4168 | C677: 805 | D677: 405 | E677: 659 | F677: 792 | G677: 570 | H677: 294 | I677: 203 | J677: 440
A679: ⑤ 窓口業務別の発券数（全区の多い順）
A680: 業務名 | B680: 全区 | C680: 中区 | D680: 東区 | E680: 南区 | F680: 西区 | G680: 安佐南区 | H680: 安佐北区 | I680: 安芸区 | J680: 佐伯区 | K680: 平均待ち(秒)
A681: 証明書の受付 | B681: 157636 | C681: 12862 | D681: 29359 | E681: 16428 | F681: 41464 | G681: 20626 | H681: 516 | I681: 5809 | J681: 30572 | K681: 205.34263
A682: マイナンバーカード | B682: 88260 | C682: 31160 | D682: 0 | E682: 26141 | F682: 0 | G682: 0 | H682: 0 | I682: 0 | J682: 30959 | K682: 834.3697
A683: 国民健康保険 | B683: 75448 | C683: 18221 | D683: 13877 | E683: 15091 | F683: 4892 | G683: 0 | H683: 2689 | I683: 2019 | J683: 18659 | K683: 497.44983
A684: 住所の変更・印鑑登録 | B684: 68732 | C684: 8510 | D684: 10461 | E684: 6053 | F684: 16417 | G684: 18027 | H684: 5621 | I684: 229 | J684: 3414 | K684: 608.24454
A685: マイナンバー | B685: 59330 | C685: 13735 | D685: 23540 | E685: 10313 | F685: 6095 | G685: 3509 | H685: 2138 | I685: 0 | J685: 0 | K685: 412.44647
A686: 証明書の交付 | B686: 27691 | C686: 27691 | D686: 0 | E686: 0 | F686: 0 | G686: 0 | H686: 0 | I686: 0 | J686: 0 | K686: 104.77758
A687: カード受取・記載変更等 | B687: 26186 | C687: 0 | D687: 0 | E687: 0 | F687: 26186 | G687: 0 | H687: 0 | I687: 0 | J687: 0 | K687: 803.54052
A688: 住民異動届・印鑑登録 | B688: 23108 | C688: 0 | D688: 0 | E688: 8964 | F688: 14144 | G688: 0 | H688: 0 | I688: 0 | J688: 0 | K688: 1135.1518
A689: ご本人のカードの | B689: 20955 | C689: 0 | D689: 0 | E689: 0 | F689: 20955 | G689: 0 | H689: 0 | I689: 0 | J689: 0 | K689: 636.79043
A690: 証明書交付 | B690: 20814 | C690: 0 | D690: 0 | E690: 20814 | F690: 0 | G690: 0 | H690: 0 | I690: 0 | J690: 0 | K690: 235.03839
A691: 住所の変更 | B691: 20355 | C691: 11491 | D691: 0 | E691: 0 | F691: 0 | G691: 0 | H691: 0 | I691: 0 | J691: 8864 | K691: 262.894
A692: 国民年金 | B692: 15620 | C692: 7353 | D692: 0 | E692: 5385 | F692: 1402 | G692: 1480 | H692: 0 | I692: 0 | J692: 0 | K692: 108.31609
... A730: ④所得申立書 | B730: 1 | C730: 0 | D730: 0 | E730: 0 | F730: 0 | G730: 0 | H730: 1 | I730: 0 | J730: 0 | K730: 0

Sheet 計算
A1: 計算用シート（非表示）。ダッシュボードの選択に応じて、データ置き場から必要な行を取り出しています。
A2: 選択行(行番号) | B2: =MATCH('ダッシュボード'!$D$4&"|"&'ダッシュボード'!$J$4,'データ'!$A$7:$A$123,0) -> 1
A3: 時刻ラベル | B3: ='データ'!D$5 -> 7:00 | C3: ='データ'!E$5 -> 7:15 | D3: ='データ'!F$5 -> 7:30 | E3: ='データ'!G$5 -> 7:45 | F3: ='データ'!H$5 -> 8:00 | G3: ='データ'!I$5 -> 8:15 | H3: ='データ'!J$5 -> 8:30 | I3: ='データ'!K$5 -> 8:45 | ... BE3: ='データ'!BG$5 -> 20:45
A4: 開始(分) | B4: ='データ'!D$6 -> 420 | C4: ='データ'!E$6 -> 435 | D4: ='データ'!F$6 -> 450 | E4: ='データ'!G$6 -> 465 | F4: ='データ'!H$6 -> 480 | G4: ='データ'!I$6 -> 495 | H4: ='データ'!J$6 -> 510 | I4: ='データ'!K$6 -> 525 | ... BE4: ='データ'!BG$6 -> 1245
A5: 発券数 | B5: =INDEX('データ'!D$7:D$123,$B$2) -> 0 | C5: =INDEX('データ'!E$7:E$123,$B$2) -> 0 | D5: =INDEX('データ'!F$7:F$123,$B$2) -> 3 | E5: =INDEX('データ'!G$7:G$123,$B$2) -> 183 | F5: =INDEX('データ'!H$7:H$123,$B$2) -> 1610 | G5: =INDEX('データ'!I$7:I$123,$B$2) -> 6985 | H5: =INDEX('データ'!J$7:J$123,$B$2) -> 15366 | I5: =INDEX('データ'!K$7:K$123,$B$2) -> 16427 | ... BE5: =INDEX('データ'!BG$7:BG$123,$B$2) -> 0
A6: 開庁時間内 | B6: =IF(AND(B$4>=$B$9,B$4<$B$10),B5,0) -> 0 | C6: =IF(AND(C$4>=$B$9,C$4<$B$10),C5,0) -> 0 | D6: =IF(AND(D$4>=$B$9,D$4<$B$10),D5,0) -> 0 | E6: =IF(AND(E$4>=$B$9,E$4<$B$10),E5,0) -> 0 | F6: =IF(AND(F$4>=$B$9,F$4<$B$10),F5,0) -> 0 | G6: =IF(AND(G$4>=$B$9,G$4<$B$10),G5,0) -> 0 | H6: =IF(AND(H$4>=$B$9,H$4<$B$10),H5,0) -> 0 | I6: =IF(AND(I$4>=$B$9,I$4<$B$10),I5,0) -> 0 | ... BE6: =IF(AND(BE$4>=$B$9,BE$4<$B$10),BE5,0) -> 0
A7: 開庁時間外 | B7: =B5-B6 -> 0 | C7: =C5-C6 -> 0 | D7: =D5-D6 -> 3 | E7: =E5-E6 -> 183 | F7: =F5-F6 -> 1610 | G7: =G5-G6 -> 6985 | H7: =H5-H6 -> 15366 | I7: =I5-I6 -> 16427 | ... BE7: =BE5-BE6 -> 0
A9: 開始(分) | B9: =ROUND('ダッシュボード'!$P$4*1440,0) -> 540
A10: 終了(分) | B10: =ROUND('ダッシュボード'!$V$4*1440,0) -> 990
A12: 総数 | B12: =SUM(B5:BE5) -> 762002
A13: 時間内 | B13: =SUM(B6:BE6) -> 678389
A14: 時間外 | B14: =SUM(B7:BE7) -> 83613
A15: 時間外割合 | B15: =IF(B12=0,0,B14/B12) -> 0.10972806
A16: ピーク位置 | B16: =MATCH(MAX(B5:BE5),B5:BE5,0) -> 15
A17: ピーク時間帯 | B17: =TEXT(INDEX(B4:BE4,B16)/1440,"h:mm")&"〜"&TEXT((INDEX(B4:BE4,B16)+15)/1440,"h:mm") -> 10:30〜10:45
A18: ピーク人数 | B18: =MAX(B5:BE5) -> 26217
A20: 月番号 | B20: =INDEX(B25:B37,MATCH('ダッシュボード'!$J$4,A25:A37,0)) -> 0
A21: 区の列番号 | B21: =MATCH('ダッシュボード'!$D$4,'データ'!$B$312:$J$312,0) -> 1
A22: 営業日数 | B22: =SUMPRODUCT((INDEX('データ'!$B$313:$J$677,0,B21)>0)*(((B20=0)+(MONTH('データ'!$A$313:$A$677)=B20))>0)) -> 258
A23: 1日あたり | B23: =IF(B22=0,0,B12/B22) -> 2953.4961
A24: 平均待ち(分) | B24: =INDEX('データ'!$D$193:$D$309,B2)/MAX(1,INDEX('データ'!$E$193:$E$309,B2))/60 -> 7.8387378
A25: 全期間 | B25: 0
A26: 4月 | B26: 4
A27: 5月 | B27: 5
A28: 6月 | B28: 6
A29: 7月 | B29: 7
A30: 8月 | B30: 8
A31: 9月 | B31: 9
A32: 10月 | B32: 10
A33: 11月 | B33: 11
A34: 12月 | B34: 12
A35: 1月 | B35: 1
A36: 2月 | B36: 2
A37: 3月 | B37: 3
A39: 区 | B39: 件数 | C39: ソート用 | F39: 順位の区 | G39: 件数 | H39: 選択中 | I39: その他
A40: 中区 | B40: =INDEX('データ'!BH$7:BH$123,MATCH(A40&"|"&'ダッシュボード'!$J$4,'データ'!$A$7:$A$123,0)) -> 143974 | C40: =B40+ROW()/1000000 -> 143974 | F40: =INDEX($A$40:$A$47,MATCH(LARGE($C$40:$C$47,1),$C$40:$C$47,0)) -> 中区 | G40: =INDEX($B$40:$B$47,MATCH(F40,$A$40:$A$47,0)) -> 143974 | H40: =IF(F40='ダッシュボード'!$D$4,G40,0) -> 0 | I40: =IF(F40='ダッシュボード'!$D$4,0,G40) -> 143974
