Workbook

Sheet ホーム
B1: 共済掛金・負担金 管理ブック
B2: 報告書を1回入力すれば、検算・明細表・伝票入力へ反映されます（令和8年度）
B4: 対象ブロック | C4: 2026-10 月例 | D4: ← ここで月を切り替えると、下の集計・検算・伝票入力が切り替わります
B6: 進捗（対象ブロック） | C6: 団体数 | F6: チェック（対象ブロック） | G6: 団体数 | H6: 伝票入力へ出る行数
B7: 未受領 | C7: =COUNTIFS(報告入力!$A$7:$A$696,$C$4,報告入力!$C$7:$C$696,"未受領") -> 35 | F7: 検算：要確認 | G7: =COUNTIFS(報告入力!$A$7:$A$696,$C$4,報告入力!$D$7:$D$696,"要確認") -> 0 | H7: =COUNT(伝票入力!A7:A600) -> 0
B8: 受領済（入金待ち） | C8: =COUNTIFS(報告入力!$A$7:$A$696,$C$4,報告入力!$C$7:$C$696,"受領済") -> 8 | F8: 検算：問題なし | G8: =COUNTIFS(報告入力!$A$7:$A$696,$C$4,報告入力!$D$7:$D$696,"問題なし") -> 0
B9: 入金確認済（起票待ち） | C9: =COUNTIFS(報告入力!$A$7:$A$696,$C$4,報告入力!$C$7:$C$696,"入金確認済") -> 0 | F9: 検算：標準報酬月額が未入力 | G9: =COUNTIFS(報告入力!$A$7:$A$696,$C$4,報告入力!$D$7:$D$696,"標報未入力") -> 8
B10: 起票済 | C10: =COUNTIFS(報告入力!$A$7:$A$696,$C$4,報告入力!$C$7:$C$696,"起票済") -> 0 | F10: 入金：不一致 | G10: =COUNTIFS(報告入力!$A$7:$A$696,$C$4,報告入力!$F$7:$F$696,"不一致") -> 0
B11: 報告なし（対象外） | C11: =COUNTIFS(報告入力!$A$7:$A$696,$C$4,報告入力!$C$7:$C$696,"報告なし") -> 3 | F11: 入金：未入金（受領済） | G11: =COUNTIFS(報告入力!$A$7:$A$696,$C$4,報告入力!$F$7:$F$696,"未入金") -> 8
B12: 合計 | C12: =SUM(C7:C11) -> 46 | F12: 明細表との照合（報告入力の合計＝☆掛負収入の総計） | G12: =IF(SUMIFS(報告入力!$CF$7:$CF$696,報告入力!$A$7:$A$696,$C$4)=INDEX('☆掛負収入'!$G$1:$G$1200,INDEX(設定!$E$20:$E$34,MATCH($C$4,設定!$A$20:$A$34,0))+63)+INDEX('☆掛負収入'!$J$1:$J$1200,INDEX(設定!$E$20:$E$34,MATCH($C$4,設定!$A$20:$A$34,0))+63)+INDEX('☆掛負収入'!$M$1:$M$1200,INDEX(設定!$E$20:$E$34,MATCH($C$4,設定!$A$20:$A$34,0))+63)+INDEX('☆掛負収入'!$P$1:$P$1200,INDEX(設定!$E$20:$E$34,MATCH($C$4,設定!$A$20:$A$34,0))+63),"一致","差異あり") -> 一致
B15: 未受領の団体（報告待ち） | F15: 検算で要確認の団体 | H15: 最大乖離率
B16: =IFERROR(INDEX(検算!$A$7:$A$52,MATCH(1,検算!$AI$7:$AI$52,0)),"") -> 市長部局 | F16: =IFERROR(INDEX(検算!$A$7:$A$52,MATCH(1,検算!$AJ$7:$AJ$52,0)),"") | H16: =IFERROR(INDEX(検算!$AK$7:$AK$52,MATCH(1,検算!$AJ$7:$AJ$52,0)),"")
B17: =IFERROR(INDEX(検算!$A$7:$A$52,MATCH(2,検算!$AI$7:$AI$52,0)),"") -> 下水道局 | F17: =IFERROR(INDEX(検算!$A$7:$A$52,MATCH(2,検算!$AJ$7:$AJ$52,0)),"") | H17: =IFERROR(INDEX(検算!$AK$7:$AK$52,MATCH(2,検算!$AJ$7:$AJ$52,0)),"")
B18: =IFERROR(INDEX(検算!$A$7:$A$52,MATCH(3,検算!$AI$7:$AI$52,0)),"") -> 消防局 | F18: =IFERROR(INDEX(検算!$A$7:$A$52,MATCH(3,検算!$AJ$7:$AJ$52,0)),"") | H18: =IFERROR(INDEX(検算!$AK$7:$AK$52,MATCH(3,検算!$AJ$7:$AJ$52,0)),"")
B19: =IFERROR(INDEX(検算!$A$7:$A$52,MATCH(4,検算!$AI$7:$AI$52,0)),"") -> 議会事務局 | F19: =IFERROR(INDEX(検算!$A$7:$A$52,MATCH(4,検算!$AJ$7:$AJ$52,0)),"") | H19: =IFERROR(INDEX(検算!$AK$7:$AK$52,MATCH(4,検算!$AJ$7:$AJ$52,0)),"")
B20: =IFERROR(INDEX(検算!$A$7:$A$52,MATCH(5,検算!$AI$7:$AI$52,0)),"") -> 教育委員会（総務課） | F20: =IFERROR(INDEX(検算!$A$7:$A$52,MATCH(5,検算!$AJ$7:$AJ$52,0)),"") | H20: =IFERROR(INDEX(検算!$AK$7:$AK$52,MATCH(5,検算!$AJ$7:$AJ$52,0)),"")
B21: =IFERROR(INDEX(検算!$A$7:$A$52,MATCH(6,検算!$AI$7:$AI$52,0)),"") -> 選挙管理委員会 | F21: =IFERROR(INDEX(検算!$A$7:$A$52,MATCH(6,検算!$AJ$7:$AJ$52,0)),"") | H21: =IFERROR(INDEX(検算!$AK$7:$AK$52,MATCH(6,検算!$AJ$7:$AJ$52,0)),"")
B22: =IFERROR(INDEX(検算!$A$7:$A$52,MATCH(7,検算!$AI$7:$AI$52,0)),"") -> 人事委員会 | F22: =IFERROR(INDEX(検算!$A$7:$A$52,MATCH(7,検算!$AJ$7:$AJ$52,0)),"") | H22: =IFERROR(INDEX(検算!$AK$7:$AK$52,MATCH(7,検算!$AJ$7:$AJ$52,0)),"")
B23: =IFERROR(INDEX(検算!$A$7:$A$52,MATCH(8,検算!$AI$7:$AI$52,0)),"") -> 監査事務局 | F23: =IFERROR(INDEX(検算!$A$7:$A$52,MATCH(8,検算!$AJ$7:$AJ$52,0)),"") | H23: =IFERROR(INDEX(検算!$AK$7:$AK$52,MATCH(8,検算!$AJ$7:$AJ$52,0)),"")
B24: =IFERROR(INDEX(検算!$A$7:$A$52,MATCH(9,検算!$AI$7:$AI$52,0)),"") -> 農業委員会 | F24: =IFERROR(INDEX(検算!$A$7:$A$52,MATCH(9,検算!$AJ$7:$AJ$52,0)),"") | H24: =IFERROR(INDEX(検算!$AK$7:$AK$52,MATCH(9,検算!$AJ$7:$AJ$52,0)),"")
B25: =IFERROR(INDEX(検算!$A$7:$A$52,MATCH(10,検算!$AI$7:$AI$52,0)),"") -> 水道局 | F25: =IFERROR(INDEX(検算!$A$7:$A$52,MATCH(10,検算!$AJ$7:$AJ$52,0)),"") | H25: =IFERROR(INDEX(検算!$AK$7:$AK$52,MATCH(10,検算!$AJ$7:$AJ$52,0)),"")
B26: =IFERROR(INDEX(検算!$A$7:$A$52,MATCH(11,検算!$AI$7:$AI$52,0)),"") -> 医療政策課(安芸市民) | F26: =IFERROR(INDEX(検算!$A$7:$A$52,MATCH(11,検算!$AJ$7:$AJ$52,0)),"") | H26: =IFERROR(INDEX(検算!$AK$7:$AK$52,MATCH(11,検算!$AJ$7:$AJ$52,0)),"")
B27: =IFERROR(INDEX(検算!$A$7:$A$52,MATCH(12,検算!$AI$7:$AI$52,0)),"") -> 教育委員会（教育給与課） | F27: =IFERROR(INDEX(検算!$A$7:$A$52,MATCH(12,検算!$AJ$7:$AJ$52,0)),"") | H27: =IFERROR(INDEX(検算!$AK$7:$AK$52,MATCH(12,検算!$AJ$7:$AJ$52,0)),"")
B28: =IFERROR(INDEX(検算!$A$7:$A$52,MATCH(13,検算!$AI$7:$AI$52,0)),"") -> 平和文化センター | F28: =IFERROR(INDEX(検算!$A$7:$A$52,MATCH(13,検算!$AJ$7:$AJ$52,0)),"") | H28: =IFERROR(INDEX(検算!$AK$7:$AK$52,MATCH(13,検算!$AJ$7:$AJ$52,0)),"")
B29: =IFERROR(INDEX(検算!$A$7:$A$52,MATCH(14,検算!$AI$7:$AI$52,0)),"") -> 社会福祉事業団 | F29: =IFERROR(INDEX(検算!$A$7:$A$52,MATCH(14,検算!$AJ$7:$AJ$52,0)),"") | H29: =IFERROR(INDEX(検算!$AK$7:$AK$52,MATCH(14,検算!$AJ$7:$AJ$52,0)),"")
B30: =IFERROR(INDEX(検算!$A$7:$A$52,MATCH(15,検算!$AI$7:$AI$52,0)),"") -> 原爆障害対策協議会 | F30: =IFERROR(INDEX(検算!$A$7:$A$52,MATCH(15,検算!$AJ$7:$AJ$52,0)),"") | H30: =IFERROR(INDEX(検算!$AK$7:$AK$52,MATCH(15,検算!$AJ$7:$AJ$52,0)),"")
B32: ※一覧は最大15件まで表示します。全件は 報告入力／検算 シートで確認してください。
B34: ■ 毎月の流れ
B35: 1 報告書を受領 | C35: 報告入力：受領日を入力し、標準報酬月額（②）と報告書の金額（③）を入力します。1回の入力で下流すべてに反映されます。
B36: 2 検算（自動） | C36: 報告入力の「検算」列／検算シートに 問題なし・要確認 が自動表示されます。乖離率がしきい値（設定）以上で要確認（赤）。
B37: 3 明細表（自動反映） | C37: ☆掛負収入の該当月ブロックに金額が自動で入ります。色も自動：赤字＝未受領（前年値）／黒字＝受領済／緑＝入金確認済。
B38: 4 入金確認 | C38: 通帳の入金額を 報告入力の「通帳入金額」へ入力。期待額と一致すれば「一致」となり自動で入金確認済（緑）になります。
B39: 5 伝票入力 | C39: 伝票入力シートに、入金確認済の団体が伝票の入力順（経理区分→団体→貸方科目）で並びます。そのまま共済システムへ転記し、終えたら報告入力の「起票済」に○。
B41: ■ 色・用語
B42: 黄色セル | C42: 入力するセル（既存の運用で黄色＝入力と同じ意味）
B43: 灰色セル／灰色の列 | C43: 自動計算（入力しない）
B44: 状態 | C44: 未受領 → 受領済 → 入金確認済 → 起票済 の順に自動で進みます（受領日・通帳入金額・○の入力に応じて）
B45: 受領日欄 | C45: 日付／「済」（過去分）／「なし」（その月は報告のない団体）
B46: 仮置き（前年値） | C46: 未受領の間は、旧ファイルで赤字だった前年数値を明細表に表示し続けます（元の数値を変えないため）
B48: ■ 既存シートについて
B49: ☆掛負収入の数値セル（B〜F,H,I,K,L,N,O列）は報告入力から自動反映される式になりました。これらのセルへの手入力は不要です（手入力すると式が消えます）。その他のシート（給与課提出用・全体集計・振替・集計 等）は従来どおり☆掛負収入を参照しており、数値は改良前と一致しています。
B51: ■ 今回の改良内容（令和8年10月）
B52: ・報告書の金額を「報告入力」へ1回入力 → ☆掛負収入（明細表）へ自動反映（過去分の数値は移行済みで改良前と一致）
B53: ・標準報酬月額から見込額を自動計算し、報告額との乖離率で「問題なし／要確認」を自動判定（検算結果は月ごとに蓄積）
B54: ・明細表の色（赤＝未受領／黒＝受領済／緑＝入金確認済）を状態から自動表示
B55: ・通帳の入金額を入力すると、振込方式（合算／掛金・負担金別／経理区分別）ごとの期待額と自動照合
B56: ・伝票入力シートに、共済システムの入力順で借方・貸方・摘要・金額を一覧表示（転記用）
B57: ・☆掛負収入 4月ブロックの総計行(I65,L65,O65)が文字セルを含んで #VALUE! になっていたため、文字を無視する式に修正

Sheet 報告入力
A1: 報告入力（報告書を1回入力するだけ）
A2: 団体から届いた報告書の内容を、該当ブロックの黄色セルへ入力します。検算・明細表（☆掛負収入）・伝票入力へ自動で反映されます。
A3: 使い方：A列「ブロック」のフィルタで対象月を選んでください（現在は対象ブロックだけ表示）。灰色の列は計算用です（列グループ［＋］で開閉）。並べ替えは可。
A4: 受領日欄：報告書を受け取ったら日付を入力（過去分は「済」）。報告のない団体は「なし」。空欄の間は「未受領」＝前年の数値（仮置き）が明細表に表示されます。
C5: 自動判定 | G5: ①報告書の受領 | I5: ②標準報酬月額の総額（円）※検算用 | L5: ③報告書の金額（円） 長期（組合員／事業主）／短期／介護／子ども・子育て支援納付金 | W5: ④入金（通帳）の照合 | AG5: ⑤確認・起票 | AJ5: （計算用）未受領の間の仮置き（前年値） | AU5: （計算用）明細表へ反映する値 | BF5: （計算用）見込額＝標準報酬×料率 | BN5: （計算用）報告額の集計 | BV5: （計算用）乖離率
A6: ブロック | B6: 団体名 | C6: 状態 | D6: 検算 | E6: 前月比 | F6: 入金 | G6: 受領日 （日付／済／なし） | H6: 提出方法 | I6: 長期 | J6: 短期 | K6: 介護 | L6: 厚生年金 保険料 （組合員） | M6: 退職等年金 掛金 | N6: 厚生年金 保険料 （事業主） | O6: 退職等年金 負担金 | P6: 経過的長期 | Q6: 短期 掛金 | R6: 短期 負担金 | S6: 介護 掛金 | T6: 介護 負担金 | U6: 子ども・子育て 支援納付金 掛金 | V6: 子ども・子育て 支援納付金 負担金 | W6: 振込方式 | X6: 通帳 入金日 | Y6: 期待額① | Z6: 通帳入金額① | AA6: 期待額② | AB6: 通帳入金額② | AC6: 期待額③ | AD6: 通帳入金額③ | AE6: 期待額④ | AF6: 通帳入金額④ | AG6: 入金確認 （手動○） | AH6: 起票済 （○） | AI6: 備考 | AJ6: 仮置き1 | AK6: 仮置き2 | AL6: 仮置き3 | AM6: 仮置き4 | AN6: 仮置き5 | AO6: 仮置き6 | AP6: 仮置き7 | AQ6: 仮置き8 | AR6: 仮置き9 | AS6: 仮置き10 | AT6: 仮置き11 | AU6: 反映1 | AV6: 反映2 | AW6: 反映3 | AX6: 反映4 | AY6: 反映5 | AZ6: 反映6 | BA6: 反映7 | BB6: 反映8 | BC6: 反映9 | BD6: 反映10 | BE6: 反映11 | BF6: 見込長期掛金 | BG6: 見込長期負担金 | BH6: 見込短期掛金 | BI6: 見込短期負担金 | BJ6: 見込介護掛金 | BK6: 見込介護負担金 | BL6: 見込子子掛金 | BM6: 見込子子負担金 | BN6: 報告長期掛金 | BO6: 報告長期負担金 | BP6: 報告短期掛金 | BQ6: 報告短期負担金 | BR6: 報告介護掛金 | BS6: 報告介護負担金 | BT6: 報告子子掛金 | BU6: 報告子子負担金 | BV6: 乖離長期掛金 | BW6: 乖離長期負担金 | BX6: 乖離短期掛金 | BY6: 乖離短期負担金 | BZ6: 乖離介護掛金 | CA6: 乖離介護負担金 | CB6: 乖離子子掛金 | CC6: 乖離子子負担金 | CD6: 最大乖離 | CE6: 前月総額 | CF6: 当月総額 | CG6: キー | CH6: 検算対象 | CI6: 前ブロックID
A7: 2026-04 月例 | B7: 市長部局 | C7: =IF(G7="","未受領",IF(G7="なし","報告なし",IF(AH7="○","起票済",IF(OR(AG7="○",F7="一致",F7="入金不要"),"入金確認済","受領済")))) -> 入金確認済 | D7: =IF(OR(G7="",G7="なし"),"―",IF(CH7="N","対象外",IF(AND(I7="",J7="",K7=""),"標報未入力",IF(CD7>=設定!$B$4,"要確認","問題なし")))) -> 対象外 | E7: =IF(OR(G7="",G7="なし",CE7="",CF7=0),"―",IF(CF7=CE7,"前月同額",IF(CE7=0,"―",IF(ABS(CF7/CE7-1)>=設定!$B$5,"変動大 "&TEXT(CF7/CE7-1,"+0%;-0%"),"〇")))) -> ― | F7: =IF(OR(G7="",G7="なし"),"―",IF(CF7=0,"入金不要",IF(COUNT(Z7,AB7,AD7,AF7)=0,IF(AG7="○","手動確認","未入金"),IF(AND(N(Z7)=Y7,IF(AA7="",TRUE(),N(AB7)=AA7),IF(AC7="",TRUE(),N(AD7)=AC7),IF(AE7="",TRUE(),N(AF7)=AE7)),"一致","不一致")))) -> 手動確認 | G7: 済 | L7: 237888288 | M7: 19545382 | N7: 340368825 | O7: 18931427 | P7: 229767 | Q7: 172293834 | R7: 170938710 | S7: 15691597 | T7: 15239233 | U7: 3806352 | V7: 3733563 | W7: =IFERROR(INDEX(設定!$E$61:$E$106,MATCH(B7,設定!$B$61:$B$106,0)),"合算") -> 合算 | Y7: =IF(OR(G7="",G7="なし"),"",IF(W7="合算",CF7,IF(W7="掛金・負担金別",(AU7+AV7+AZ7+BB7+BD7),SUM(AU7:AY7)))) -> 998666978 | AA7: =IF(OR(G7="",G7="なし"),"",IF(W7="掛金・負担金別",(AW7+AX7+AY7+BA7+BC7+BE7),IF(W7="経理区分別",AZ7+BA7,""))) | AC7: =IF(OR(G7="",G7="なし"),"",IF(W7="経理区分別",BB7+BC7,"")) | AE7: =IF(OR(G7="",G7="なし"),"",IF(W7="経理区分別",BD7+BE7,"")) | AG7: ○ | AU7: =IF($G7="",AJ7,L7) -> 237888288 | AV7: =IF($G7="",AK7,M7) -> 19545382 | AW7: =IF($G7="",AL7,N7) -> 340368825 | AX7: =IF($G7="",AM7,O7) -> 18931427 | AY7: =IF($G7="",AN7,P7) -> 229767 | AZ7: =IF($G7="",AO7,Q7) -> 172293834 | BA7: =IF($G7="",AP7,R7) -> 170938710 | BB7: =IF($G7="",AQ7,S7) -> 15691597 | ... BE7: =IF($G7="",AT7,V7) -> 3733563 | BF7: =ROUNDDOWN(I7*設定!$B$10/1000,0)+ROUNDDOWN(I7*設定!$B$11/1000,0) -> 0 | BG7: =ROUNDDOWN(I7*設定!$C$10/1000,0)+ROUNDDOWN(I7*設定!$C$11/1000,0)+ROUNDDOWN(I7*設定!$C$12/1000,0) -> 0 | BH7: =ROUNDDOWN(J7*設定!$B$13/1000,0) -> 0 | BI7: =ROUNDDOWN(J7*設定!$C$13/1000,0) -> 0 | BJ7: =ROUNDDOWN(K7*設定!$B$14/1000,0) -> 0 | BK7: =ROUNDDOWN(K7*設定!$C$14/1000,0) -> 0 | BL7: =ROUNDDOWN(J7*設定!$B$15/1000,0) -> 0 | BM7: =ROUNDDOWN(J7*設定!$C$15/1000,0) -> 0 | BN7: =L7+M7 -> 257433670 | BO7: =N7+O7+P7 -> 359530019 | BP7: =Q7 -> 172293834 | BQ7: =R7 -> 170938710 | BR7: =S7 -> 15691597 | BS7: =T7 -> 15239233 | BT7: =U7 -> 3806352 | BU7: =V7 -> 3733563 | BV7: =IF(BF7=0,IF(BN7=0,0,1),(BN7-BF7)/BF7) -> 1 | BW7: =IF(BG7=0,IF(BO7=0,0,1),(BO7-BG7)/BG7) -> 1 | BX7: =IF(BH7=0,IF(BP7=0,0,1),(BP7-BH7)/BH7) -> 1 | BY7: =IF(BI7=0,IF(BQ7=0,0,1),(BQ7-BI7)/BI7) -> 1 | BZ7: =IF(BJ7=0,IF(BR7=0,0,1),(BR7-BJ7)/BJ7) -> 1 | CA7: =IF(BK7=0,IF(BS7=0,0,1),(BS7-BK7)/BK7) -> 1 | CB7: =IF(BL7=0,IF(BT7=0,0,1),(BT7-BL7)/BL7) -> 1 | CC7: =IF(BM7=0,IF(BU7=0,0,1),(BU7-BM7)/BM7) -> 1 | CD7: =MAX(MAX(BV7:CC7),-MIN(BV7:CC7)) -> 1 | CE7: =IF(CI7="","",SUMIFS($CF$7:$CF$696,$A$7:$A$696,CI7,$B$7:$B$696,B7)) | CF7: =SUM(AU7:BE7) -> 998666978 | CG7: =A7&"|"&B7 -> 2026-04 月例|市長部局 | CH7: =IFERROR(INDEX(設定!$D$61:$D$106,MATCH(B7,設定!$B$61:$B$106,0)),"Y") -> N | CI7: =IFERROR(INDEX(設定!$D$20:$D$34,MATCH(A7,設定!$A$20:$A$34,0))&"","")
A8: 2026-04 月例 | B8: 下水道局 | C8: =IF(G8="","未受領",IF(G8="なし","報告なし",IF(AH8="○","起票済",IF(OR(AG8="○",F8="一致",F8="入金不要"),"入金確認済","受領済")))) -> 入金確認済 | D8: =IF(OR(G8="",G8="なし"),"―",IF(CH8="N","対象外",IF(AND(I8="",J8="",K8=""),"標報未入力",IF(CD8>=設定!$B$4,"要確認","問題なし")))) -> 標報未入力 | E8: =IF(OR(G8="",G8="なし",CE8="",CF8=0),"―",IF(CF8=CE8,"前月同額",IF(CE8=0,"―",IF(ABS(CF8/CE8-1)>=設定!$B$5,"変動大 "&TEXT(CF8/CE8-1,"+0%;-0%"),"〇")))) -> ― | F8: =IF(OR(G8="",G8="なし"),"―",IF(CF8=0,"入金不要",IF(COUNT(Z8,AB8,AD8,AF8)=0,IF(AG8="○","手動確認","未入金"),IF(AND(N(Z8)=Y8,IF(AA8="",TRUE(),N(AB8)=AA8),IF(AC8="",TRUE(),N(AD8)=AC8),IF(AE8="",TRUE(),N(AF8)=AE8)),"一致","不一致")))) -> 手動確認 | G8: 済 | L8: 16501383 | M8: 1352571 | N8: 23660244 | O8: 1344682 | P8: 15795 | Q8: 9654896 | R8: 9790061 | S8: 1025788 | T8: 1025788 | U8: 214057 | V8: 214129 | W8: =IFERROR(INDEX(設定!$E$61:$E$106,MATCH(B8,設定!$B$61:$B$106,0)),"合算") -> 合算 | Y8: =IF(OR(G8="",G8="なし"),"",IF(W8="合算",CF8,IF(W8="掛金・負担金別",(AU8+AV8+AZ8+BB8+BD8),SUM(AU8:AY8)))) -> 64799394 | AA8: =IF(OR(G8="",G8="なし"),"",IF(W8="掛金・負担金別",(AW8+AX8+AY8+BA8+BC8+BE8),IF(W8="経理区分別",AZ8+BA8,""))) | AC8: =IF(OR(G8="",G8="なし"),"",IF(W8="経理区分別",BB8+BC8,"")) | AE8: =IF(OR(G8="",G8="なし"),"",IF(W8="経理区分別",BD8+BE8,"")) | AG8: ○ | AU8: =IF($G8="",AJ8,L8) -> 16501383 | AV8: =IF($G8="",AK8,M8) -> 1352571 | AW8: =IF($G8="",AL8,N8) -> 23660244 | AX8: =IF($G8="",AM8,O8) -> 1344682 | AY8: =IF($G8="",AN8,P8) -> 15795 | AZ8: =IF($G8="",AO8,Q8) -> 9654896 | BA8: =IF($G8="",AP8,R8) -> 9790061 | BB8: =IF($G8="",AQ8,S8) -> 1025788 | ... BE8: =IF($G8="",AT8,V8) -> 214129 | BF8: =ROUNDDOWN(I8*設定!$B$10/1000,0)+ROUNDDOWN(I8*設定!$B$11/1000,0) -> 0 | BG8: =ROUNDDOWN(I8*設定!$C$10/1000,0)+ROUNDDOWN(I8*設定!$C$11/1000,0)+ROUNDDOWN(I8*設定!$C$12/1000,0) -> 0 | BH8: =ROUNDDOWN(J8*設定!$B$13/1000,0) -> 0 | BI8: =ROUNDDOWN(J8*設定!$C$13/1000,0) -> 0 | BJ8: =ROUNDDOWN(K8*設定!$B$14/1000,0) -> 0 | BK8: =ROUNDDOWN(K8*設定!$C$14/1000,0) -> 0 | BL8: =ROUNDDOWN(J8*設定!$B$15/1000,0) -> 0 | BM8: =ROUNDDOWN(J8*設定!$C$15/1000,0) -> 0 | BN8: =L8+M8 -> 17853954 | BO8: =N8+O8+P8 -> 25020721 | BP8: =Q8 -> 9654896 | BQ8: =R8 -> 9790061 | BR8: =S8 -> 1025788 | BS8: =T8 -> 1025788 | BT8: =U8 -> 214057 | BU8: =V8 -> 214129 | BV8: =IF(BF8=0,IF(BN8=0,0,1),(BN8-BF8)/BF8) -> 1 | BW8: =IF(BG8=0,IF(BO8=0,0,1),(BO8-BG8)/BG8) -> 1 | BX8: =IF(BH8=0,IF(BP8=0,0,1),(BP8-BH8)/BH8) -> 1 | BY8: =IF(BI8=0,IF(BQ8=0,0,1),(BQ8-BI8)/BI8) -> 1 | BZ8: =IF(BJ8=0,IF(BR8=0,0,1),(BR8-BJ8)/BJ8) -> 1 | CA8: =IF(BK8=0,IF(BS8=0,0,1),(BS8-BK8)/BK8) -> 1 | CB8: =IF(BL8=0,IF(BT8=0,0,1),(BT8-BL8)/BL8) -> 1 | CC8: =IF(BM8=0,IF(BU8=0,0,1),(BU8-BM8)/BM8) -> 1 | CD8: =MAX(MAX(BV8:CC8),-MIN(BV8:CC8)) -> 1 | CE8: =IF(CI8="","",SUMIFS($CF$7:$CF$696,$A$7:$A$696,CI8,$B$7:$B$696,B8)) | CF8: =SUM(AU8:BE8) -> 64799394 | CG8: =A8&"|"&B8 -> 2026-04 月例|下水道局 | CH8: =IFERROR(INDEX(設定!$D$61:$D$106,MATCH(B8,設定!$B$61:$B$106,0)),"Y") -> Y | CI8: =IFERROR(INDEX(設定!$D$20:$D$34,MATCH(A8,設定!$A$20:$A$34,0))&"","")
A9: 2026-04 月例 | B9: 消防局 | C9: =IF(G9="","未受領",IF(G9="なし","報告なし",IF(AH9="○","起票済",IF(OR(AG9="○",F9="一致",F9="入金不要"),"入金確認済","受領済")))) -> 入金確認済 | D9: =IF(OR(G9="",G9="なし"),"―",IF(CH9="N","対象外",IF(AND(I9="",J9="",K9=""),"標報未入力",IF(CD9>=設定!$B$4,"要確認","問題なし")))) -> 対象外 | E9: =IF(OR(G9="",G9="なし",CE9="",CF9=0),"―",IF(CF9=CE9,"前月同額",IF(CE9=0,"―",IF(ABS(CF9/CE9-1)>=設定!$B$5,"変動大 "&TEXT(CF9/CE9-1,"+0%;-0%"),"〇")))) -> ― | F9: =IF(OR(G9="",G9="なし"),"―",IF(CF9=0,"入金不要",IF(COUNT(Z9,AB9,AD9,AF9)=0,IF(AG9="○","手動確認","未入金"),IF(AND(N(Z9)=Y9,IF(AA9="",TRUE(),N(AB9)=AA9),IF(AC9="",TRUE(),N(AD9)=AC9),IF(AE9="",TRUE(),N(AF9)=AE9)),"一致","不一致")))) -> 手動確認 | G9: 済 | L9: 55191060 | M9: 4523856 | N9: 79301786 | O9: 4501510 | P9: 52817 | Q9: 31993182 | R9: 32380013 | S9: 2034923 | T9: 2021968 | U9: 709341 | V9: 707179 | W9: =IFERROR(INDEX(設定!$E$61:$E$106,MATCH(B9,設定!$B$61:$B$106,0)),"合算") -> 合算 | Y9: =IF(OR(G9="",G9="なし"),"",IF(W9="合算",CF9,IF(W9="掛金・負担金別",(AU9+AV9+AZ9+BB9+BD9),SUM(AU9:AY9)))) -> 213417635 | AA9: =IF(OR(G9="",G9="なし"),"",IF(W9="掛金・負担金別",(AW9+AX9+AY9+BA9+BC9+BE9),IF(W9="経理区分別",AZ9+BA9,""))) | AC9: =IF(OR(G9="",G9="なし"),"",IF(W9="経理区分別",BB9+BC9,"")) | AE9: =IF(OR(G9="",G9="なし"),"",IF(W9="経理区分別",BD9+BE9,"")) | AG9: ○ | AU9: =IF($G9="",AJ9,L9) -> 55191060 | AV9: =IF($G9="",AK9,M9) -> 4523856 | AW9: =IF($G9="",AL9,N9) -> 79301786 | AX9: =IF($G9="",AM9,O9) -> 4501510 | AY9: =IF($G9="",AN9,P9) -> 52817 | AZ9: =IF($G9="",AO9,Q9) -> 31993182 | BA9: =IF($G9="",AP9,R9) -> 32380013 | BB9: =IF($G9="",AQ9,S9) -> 2034923 | ... BE9: =IF($G9="",AT9,V9) -> 707179 | BF9: =ROUNDDOWN(I9*設定!$B$10/1000,0)+ROUNDDOWN(I9*設定!$B$11/1000,0) -> 0 | BG9: =ROUNDDOWN(I9*設定!$C$10/1000,0)+ROUNDDOWN(I9*設定!$C$11/1000,0)+ROUNDDOWN(I9*設定!$C$12/1000,0) -> 0 | BH9: =ROUNDDOWN(J9*設定!$B$13/1000,0) -> 0 | BI9: =ROUNDDOWN(J9*設定!$C$13/1000,0) -> 0 | BJ9: =ROUNDDOWN(K9*設定!$B$14/1000,0) -> 0 | BK9: =ROUNDDOWN(K9*設定!$C$14/1000,0) -> 0 | BL9: =ROUNDDOWN(J9*設定!$B$15/1000,0) -> 0 | BM9: =ROUNDDOWN(J9*設定!$C$15/1000,0) -> 0 | BN9: =L9+M9 -> 59714916 | BO9: =N9+O9+P9 -> 83856113 | BP9: =Q9 -> 31993182 | BQ9: =R9 -> 32380013 | BR9: =S9 -> 2034923 | BS9: =T9 -> 2021968 | BT9: =U9 -> 709341 | BU9: =V9 -> 707179 | BV9: =IF(BF9=0,IF(BN9=0,0,1),(BN9-BF9)/BF9) -> 1 | BW9: =IF(BG9=0,IF(BO9=0,0,1),(BO9-BG9)/BG9) -> 1 | BX9: =IF(BH9=0,IF(BP9=0,0,1),(BP9-BH9)/BH9) -> 1 | BY9: =IF(BI9=0,IF(BQ9=0,0,1),(BQ9-BI9)/BI9) -> 1 | BZ9: =IF(BJ9=0,IF(BR9=0,0,1),(BR9-BJ9)/BJ9) -> 1 | CA9: =IF(BK9=0,IF(BS9=0,0,1),(BS9-BK9)/BK9) -> 1 | CB9: =IF(BL9=0,IF(BT9=0,0,1),(BT9-BL9)/BL9) -> 1 | CC9: =IF(BM9=0,IF(BU9=0,0,1),(BU9-BM9)/BM9) -> 1 | CD9: =MAX(MAX(BV9:CC9),-MIN(BV9:CC9)) -> 1 | CE9: =IF(CI9="","",SUMIFS($CF$7:$CF$696,$A$7:$A$696,CI9,$B$7:$B$696,B9)) | CF9: =SUM(AU9:BE9) -> 213417635 | CG9: =A9&"|"&B9 -> 2026-04 月例|消防局 | CH9: =IFERROR(INDEX(設定!$D$61:$D$106,MATCH(B9,設定!$B$61:$B$106,0)),"Y") -> N | CI9: =IFERROR(INDEX(設定!$D$20:$D$34,MATCH(A9,設定!$A$20:$A$34,0))&"","")
A10: 2026-04 月例 | B10: 議会事務局 | C10: =IF(G10="","未受領",IF(G10="なし","報告なし",IF(AH10="○","起票済",IF(OR(AG10="○",F10="一致",F10="入金不要"),"入金確認済","受領済")))) -> 入金確認済 | D10: =IF(OR(G10="",G10="なし"),"―",IF(CH10="N","対象外",IF(AND(I10="",J10="",K10=""),"標報未入力",IF(CD10>=設定!$B$4,"要確認","問題なし")))) -> 標報未入力 | E10: =IF(OR(G10="",G10="なし",CE10="",CF10=0),"―",IF(CF10=CE10,"前月同額",IF(CE10=0,"―",IF(ABS(CF10/CE10-1)>=設定!$B$5,"変動大 "&TEXT(CF10/CE10-1,"+0%;-0%"),"〇")))) -> ― | F10: =IF(OR(G10="",G10="なし"),"―",IF(CF10=0,"入金不要",IF(COUNT(Z10,AB10,AD10,AF10)=0,IF(AG10="○","手動確認","未入金"),IF(AND(N(Z10)=Y10,IF(AA10="",TRUE(),N(AB10)=AA10),IF(AC10="",TRUE(),N(AD10)=AC10),IF(AE10="",TRUE(),N(AF10)=AE10)),"一致","不一致")))) -> 手動確認 | G10: 済 | L10: 1810785 | M10: 148425 | N10: 2609982 | O10: 148425 | P10: 1740 | Q10: 1059618 | R10: 1069678 | S10: 103520 | T10: 102399 | U10: 23316 | V10: 23324 | W10: =IFERROR(INDEX(設定!$E$61:$E$106,MATCH(B10,設定!$B$61:$B$106,0)),"合算") -> 合算 | Y10: =IF(OR(G10="",G10="なし"),"",IF(W10="合算",CF10,IF(W10="掛金・負担金別",(AU10+AV10+AZ10+BB10+BD10),SUM(AU10:AY10)))) -> 7101212 | AA10: =IF(OR(G10="",G10="なし"),"",IF(W10="掛金・負担金別",(AW10+AX10+AY10+BA10+BC10+BE10),IF(W10="経理区分別",AZ10+BA10,""))) | AC10: =IF(OR(G10="",G10="なし"),"",IF(W10="経理区分別",BB10+BC10,"")) | AE10: =IF(OR(G10="",G10="なし"),"",IF(W10="経理区分別",BD10+BE10,"")) | AG10: ○ | AU10: =IF($G10="",AJ10,L10) -> 1810785 | AV10: =IF($G10="",AK10,M10) -> 148425 | AW10: =IF($G10="",AL10,N10) -> 2609982 | AX10: =IF($G10="",AM10,O10) -> 148425 | AY10: =IF($G10="",AN10,P10) -> 1740 | AZ10: =IF($G10="",AO10,Q10) -> 1059618 | BA10: =IF($G10="",AP10,R10) -> 1069678 | BB10: =IF($G10="",AQ10,S10) -> 103520 | ... BE10: =IF($G10="",AT10,V10) -> 23324 | BF10: =ROUNDDOWN(I10*設定!$B$10/1000,0)+ROUNDDOWN(I10*設定!$B$11/1000,0) -> 0 | BG10: =ROUNDDOWN(I10*設定!$C$10/1000,0)+ROUNDDOWN(I10*設定!$C$11/1000,0)+ROUNDDOWN(I10*設定!$C$12/1000,0) -> 0 | BH10: =ROUNDDOWN(J10*設定!$B$13/1000,0) -> 0 | BI10: =ROUNDDOWN(J10*設定!$C$13/1000,0) -> 0 | BJ10: =ROUNDDOWN(K10*設定!$B$14/1000,0) -> 0 | BK10: =ROUNDDOWN(K10*設定!$C$14/1000,0) -> 0 | BL10: =ROUNDDOWN(J10*設定!$B$15/1000,0) -> 0 | BM10: =ROUNDDOWN(J10*設定!$C$15/1000,0) -> 0 | BN10: =L10+M10 -> 1959210 | BO10: =N10+O10+P10 -> 2760147 | BP10: =Q10 -> 1059618 | BQ10: =R10 -> 1069678 | BR10: =S10 -> 103520 | BS10: =T10 -> 102399 | BT10: =U10 -> 23316 | BU10: =V10 -> 23324 | BV10: =IF(BF10=0,IF(BN10=0,0,1),(BN10-BF10)/BF10) -> 1 | BW10: =IF(BG10=0,IF(BO10=0,0,1),(BO10-BG10)/BG10) -> 1 | BX10: =IF(BH10=0,IF(BP10=0,0,1),(BP10-BH10)/BH10) -> 1 | BY10: =IF(BI10=0,IF(BQ10=0,0,1),(BQ10-BI10)/BI10) -> 1 | BZ10: =IF(BJ10=0,IF(BR10=0,0,1),(BR10-BJ10)/BJ10) -> 1 | CA10: =IF(BK10=0,IF(BS10=0,0,1),(BS10-BK10)/BK10) -> 1 | CB10: =IF(BL10=0,IF(BT10=0,0,1),(BT10-BL10)/BL10) -> 1 | CC10: =IF(BM10=0,IF(BU10=0,0,1),(BU10-BM10)/BM10) -> 1 | CD10: =MAX(MAX(BV10:CC10),-MIN(BV10:CC10)) -> 1 | CE10: =IF(CI10="","",SUMIFS($CF$7:$CF$696,$A$7:$A$696,CI10,$B$7:$B$696,B10)) | CF10: =SUM(AU10:BE10) -> 7101212 | CG10: =A10&"|"&B10 -> 2026-04 月例|議会事務局 | CH10: =IFERROR(INDEX(設定!$D$61:$D$106,MATCH(B10,設定!$B$61:$B$106,0)),"Y") -> Y | CI10: =IFERROR(INDEX(設定!$D$20:$D$34,MATCH(A10,設定!$A$20:$A$34,0))&"","")
A11: 2026-04 月例 | B11: 教育委員会（総務課） | C11: =IF(G11="","未受領",IF(G11="なし","報告なし",IF(AH11="○","起票済",IF(OR(AG11="○",F11="一致",F11="入金不要"),"入金確認済","受領済")))) -> 入金確認済 | D11: =IF(OR(G11="",G11="なし"),"―",IF(CH11="N","対象外",IF(AND(I11="",J11="",K11=""),"標報未入力",IF(CD11>=設定!$B$4,"要確認","問題なし")))) -> 対象外 | E11: =IF(OR(G11="",G11="なし",CE11="",CF11=0),"―",IF(CF11=CE11,"前月同額",IF(CE11=0,"―",IF(ABS(CF11/CE11-1)>=設定!$B$5,"変動大 "&TEXT(CF11/CE11-1,"+0%;-0%"),"〇")))) -> ― | F11: =IF(OR(G11="",G11="なし"),"―",IF(CF11=0,"入金不要",IF(COUNT(Z11,AB11,AD11,AF11)=0,IF(AG11="○","手動確認","未入金"),IF(AND(N(Z11)=Y11,IF(AA11="",TRUE(),N(AB11)=AA11),IF(AC11="",TRUE(),N(AD11)=AC11),IF(AE11="",TRUE(),N(AF11)=AE11)),"一致","不一致")))) -> 手動確認 | G11: 済 | L11: 23624294 | M11: 1936418 | N11: 33978096 | O11: 1934423 | P11: 22597 | Q11: 23056933 | R11: 23380527 | S11: 2704450 | T11: 2700114 | U11: 510014 | V11: 511951 | W11: =IFERROR(INDEX(設定!$E$61:$E$106,MATCH(B11,設定!$B$61:$B$106,0)),"合算") -> 合算 | Y11: =IF(OR(G11="",G11="なし"),"",IF(W11="合算",CF11,IF(W11="掛金・負担金別",(AU11+AV11+AZ11+BB11+BD11),SUM(AU11:AY11)))) -> 114359817 | AA11: =IF(OR(G11="",G11="なし"),"",IF(W11="掛金・負担金別",(AW11+AX11+AY11+BA11+BC11+BE11),IF(W11="経理区分別",AZ11+BA11,""))) | AC11: =IF(OR(G11="",G11="なし"),"",IF(W11="経理区分別",BB11+BC11,"")) | AE11: =IF(OR(G11="",G11="なし"),"",IF(W11="経理区分別",BD11+BE11,"")) | AG11: ○ | AU11: =IF($G11="",AJ11,L11) -> 23624294 | AV11: =IF($G11="",AK11,M11) -> 1936418 | AW11: =IF($G11="",AL11,N11) -> 33978096 | AX11: =IF($G11="",AM11,O11) -> 1934423 | AY11: =IF($G11="",AN11,P11) -> 22597 | AZ11: =IF($G11="",AO11,Q11) -> 23056933 | BA11: =IF($G11="",AP11,R11) -> 23380527 | BB11: =IF($G11="",AQ11,S11) -> 2704450 | ... BE11: =IF($G11="",AT11,V11) -> 511951 | BF11: =ROUNDDOWN(I11*設定!$B$10/1000,0)+ROUNDDOWN(I11*設定!$B$11/1000,0) -> 0 | BG11: =ROUNDDOWN(I11*設定!$C$10/1000,0)+ROUNDDOWN(I11*設定!$C$11/1000,0)+ROUNDDOWN(I11*設定!$C$12/1000,0) -> 0 | BH11: =ROUNDDOWN(J11*設定!$B$13/1000,0) -> 0 | BI11: =ROUNDDOWN(J11*設定!$C$13/1000,0) -> 0 | BJ11: =ROUNDDOWN(K11*設定!$B$14/1000,0) -> 0 | BK11: =ROUNDDOWN(K11*設定!$C$14/1000,0) -> 0 | BL11: =ROUNDDOWN(J11*設定!$B$15/1000,0) -> 0 | BM11: =ROUNDDOWN(J11*設定!$C$15/1000,0) -> 0 | BN11: =L11+M11 -> 25560712 | BO11: =N11+O11+P11 -> 35935116 | BP11: =Q11 -> 23056933 | BQ11: =R11 -> 23380527 | BR11: =S11 -> 2704450 | BS11: =T11 -> 2700114 | BT11: =U11 -> 510014 | BU11: =V11 -> 511951 | BV11: =IF(BF11=0,IF(BN11=0,0,1),(BN11-BF11)/BF11) -> 1 | BW11: =IF(BG11=0,IF(BO11=0,0,1),(BO11-BG11)/BG11) -> 1 | BX11: =IF(BH11=0,IF(BP11=0,0,1),(BP11-BH11)/BH11) -> 1 | BY11: =IF(BI11=0,IF(BQ11=0,0,1),(BQ11-BI11)/BI11) -> 1 | BZ11: =IF(BJ11=0,IF(BR11=0,0,1),(BR11-BJ11)/BJ11) -> 1 | CA11: =IF(BK11=0,IF(BS11=0,0,1),(BS11-BK11)/BK11) -> 1 | CB11: =IF(BL11=0,IF(BT11=0,0,1),(BT11-BL11)/BL11) -> 1 | CC11: =IF(BM11=0,IF(BU11=0,0,1),(BU11-BM11)/BM11) -> 1 | CD11: =MAX(MAX(BV11:CC11),-MIN(BV11:CC11)) -> 1 | CE11: =IF(CI11="","",SUMIFS($CF$7:$CF$696,$A$7:$A$696,CI11,$B$7:$B$696,B11)) | CF11: =SUM(AU11:BE11) -> 114359817 | CG11: =A11&"|"&B11 -> 2026-04 月例|教育委員会（総務課） | CH11: =IFERROR(INDEX(設定!$D$61:$D$106,MATCH(B11,設定!$B$61:$B$106,0)),"Y") -> N | CI11: =IFERROR(INDEX(設定!$D$20:$D$34,MATCH(A11,設定!$A$20:$A$34,0))&"","")
A12: 2026-04 月例 | B12: 選挙管理委員会 | C12: =IF(G12="","未受領",IF(G12="なし","報告なし",IF(AH12="○","起票済",IF(OR(AG12="○",F12="一致",F12="入金不要"),"入金確認済","受領済")))) -> 入金確認済 | D12: =IF(OR(G12="",G12="なし"),"―",IF(CH12="N","対象外",IF(AND(I12="",J12="",K12=""),"標報未入力",IF(CD12>=設定!$B$4,"要確認","問題なし")))) -> 標報未入力 | E12: =IF(OR(G12="",G12="なし",CE12="",CF12=0),"―",IF(CF12=CE12,"前月同額",IF(CE12=0,"―",IF(ABS(CF12/CE12-1)>=設定!$B$5,"変動大 "&TEXT(CF12/CE12-1,"+0%;-0%"),"〇")))) -> ― | F12: =IF(OR(G12="",G12="なし"),"―",IF(CF12=0,"入金不要",IF(COUNT(Z12,AB12,AD12,AF12)=0,IF(AG12="○","手動確認","未入金"),IF(AND(N(Z12)=Y12,IF(AA12="",TRUE(),N(AB12)=AA12),IF(AC12="",TRUE(),N(AD12)=AC12),IF(AE12="",TRUE(),N(AF12)=AE12)),"一致","不一致")))) -> 手動確認 | G12: 済 | L12: 326655 | M12: 26775 | N12: 469098 | O12: 26775 | P12: 310 | Q12: 205363 | R12: 208810 | S12: 15800 | T12: 15800 | U12: 4552 | V12: 4553 | W12: =IFERROR(INDEX(設定!$E$61:$E$106,MATCH(B12,設定!$B$61:$B$106,0)),"合算") -> 合算 | Y12: =IF(OR(G12="",G12="なし"),"",IF(W12="合算",CF12,IF(W12="掛金・負担金別",(AU12+AV12+AZ12+BB12+BD12),SUM(AU12:AY12)))) -> 1304491 | AA12: =IF(OR(G12="",G12="なし"),"",IF(W12="掛金・負担金別",(AW12+AX12+AY12+BA12+BC12+BE12),IF(W12="経理区分別",AZ12+BA12,""))) | AC12: =IF(OR(G12="",G12="なし"),"",IF(W12="経理区分別",BB12+BC12,"")) | AE12: =IF(OR(G12="",G12="なし"),"",IF(W12="経理区分別",BD12+BE12,"")) | AG12: ○ | AU12: =IF($G12="",AJ12,L12) -> 326655 | AV12: =IF($G12="",AK12,M12) -> 26775 | AW12: =IF($G12="",AL12,N12) -> 469098 | AX12: =IF($G12="",AM12,O12) -> 26775 | AY12: =IF($G12="",AN12,P12) -> 310 | AZ12: =IF($G12="",AO12,Q12) -> 205363 | BA12: =IF($G12="",AP12,R12) -> 208810 | BB12: =IF($G12="",AQ12,S12) -> 15800 | ... BE12: =IF($G12="",AT12,V12) -> 4553 | BF12: =ROUNDDOWN(I12*設定!$B$10/1000,0)+ROUNDDOWN(I12*設定!$B$11/1000,0) -> 0 | BG12: =ROUNDDOWN(I12*設定!$C$10/1000,0)+ROUNDDOWN(I12*設定!$C$11/1000,0)+ROUNDDOWN(I12*設定!$C$12/1000,0) -> 0 | BH12: =ROUNDDOWN(J12*設定!$B$13/1000,0) -> 0 | BI12: =ROUNDDOWN(J12*設定!$C$13/1000,0) -> 0 | BJ12: =ROUNDDOWN(K12*設定!$B$14/1000,0) -> 0 | BK12: =ROUNDDOWN(K12*設定!$C$14/1000,0) -> 0 | BL12: =ROUNDDOWN(J12*設定!$B$15/1000,0) -> 0 | BM12: =ROUNDDOWN(J12*設定!$C$15/1000,0) -> 0 | BN12: =L12+M12 -> 353430 | BO12: =N12+O12+P12 -> 496183 | BP12: =Q12 -> 205363 | BQ12: =R12 -> 208810 | BR12: =S12 -> 15800 | BS12: =T12 -> 15800 | BT12: =U12 -> 4552 | BU12: =V12 -> 4553 | BV12: =IF(BF12=0,IF(BN12=0,0,1),(BN12-BF12)/BF12) -> 1 | BW12: =IF(BG12=0,IF(BO12=0,0,1),(BO12-BG12)/BG12) -> 1 | BX12: =IF(BH12=0,IF(BP12=0,0,1),(BP12-BH12)/BH12) -> 1 | BY12: =IF(BI12=0,IF(BQ12=0,0,1),(BQ12-BI12)/BI12) -> 1 | BZ12: =IF(BJ12=0,IF(BR12=0,0,1),(BR12-BJ12)/BJ12) -> 1 | CA12: =IF(BK12=0,IF(BS12=0,0,1),(BS12-BK12)/BK12) -> 1 | CB12: =IF(BL12=0,IF(BT12=0,0,1),(BT12-BL12)/BL12) -> 1 | CC12: =IF(BM12=0,IF(BU12=0,0,1),(BU12-BM12)/BM12) -> 1 | CD12: =MAX(MAX(BV12:CC12),-MIN(BV12:CC12)) -> 1 | CE12: =IF(CI12="","",SUMIFS($CF$7:$CF$696,$A$7:$A$696,CI12,$B$7:$B$696,B12)) | CF12: =SUM(AU12:BE12) -> 1304491 | CG12: =A12&"|"&B12 -> 2026-04 月例|選挙管理委員会 | CH12: =IFERROR(INDEX(設定!$D$61:$D$106,MATCH(B12,設定!$B$61:$B$106,0)),"Y") -> Y | CI12: =IFERROR(INDEX(設定!$D$20:$D$34,MATCH(A12,設定!$A$20:$A$34,0))&"","")
A13: 2026-04 月例 | B13: 人事委員会 | C13: =IF(G13="","未受領",IF(G13="なし","報告なし",IF(AH13="○","起票済",IF(OR(AG13="○",F13="一致",F13="入金不要"),"入金確認済","受領済")))) -> 入金確認済 | D13: =IF(OR(G13="",G13="なし"),"―",IF(CH13="N","対象外",IF(AND(I13="",J13="",K13=""),"標報未入力",IF(CD13>=設定!$B$4,"要確認","問題なし")))) -> 標報未入力 | E13: =IF(OR(G13="",G13="なし",CE13="",CF13=0),"―",IF(CF13=CE13,"前月同額",IF(CE13=0,"―",IF(ABS(CF13/CE13-1)>=設定!$B$5,"変動大 "&TEXT(CF13/CE13-1,"+0%;-0%"),"〇")))) -> ― | F13: =IF(OR(G13="",G13="なし"),"―",IF(CF13=0,"入金不要",IF(COUNT(Z13,AB13,AD13,AF13)=0,IF(AG13="○","手動確認","未入金"),IF(AND(N(Z13)=Y13,IF(AA13="",TRUE(),N(AB13)=AA13),IF(AC13="",TRUE(),N(AD13)=AC13),IF(AE13="",TRUE(),N(AF13)=AE13)),"一致","不一致")))) -> 手動確認 | G13: 済 | L13: 597495 | M13: 48975 | N13: 858042 | O13: 48975 | P13: 567 | Q13: 343825 | R13: 349599 | S13: 28282 | T13: 28282 | U13: 7621 | V13: 7624 | W13: =IFERROR(INDEX(設定!$E$61:$E$106,MATCH(B13,設定!$B$61:$B$106,0)),"合算") -> 合算 | Y13: =IF(OR(G13="",G13="なし"),"",IF(W13="合算",CF13,IF(W13="掛金・負担金別",(AU13+AV13+AZ13+BB13+BD13),SUM(AU13:AY13)))) -> 2319287 | AA13: =IF(OR(G13="",G13="なし"),"",IF(W13="掛金・負担金別",(AW13+AX13+AY13+BA13+BC13+BE13),IF(W13="経理区分別",AZ13+BA13,""))) | AC13: =IF(OR(G13="",G13="なし"),"",IF(W13="経理区分別",BB13+BC13,"")) | AE13: =IF(OR(G13="",G13="なし"),"",IF(W13="経理区分別",BD13+BE13,"")) | AG13: ○ | AU13: =IF($G13="",AJ13,L13) -> 597495 | AV13: =IF($G13="",AK13,M13) -> 48975 | AW13: =IF($G13="",AL13,N13) -> 858042 | AX13: =IF($G13="",AM13,O13) -> 48975 | AY13: =IF($G13="",AN13,P13) -> 567 | AZ13: =IF($G13="",AO13,Q13) -> 343825 | BA13: =IF($G13="",AP13,R13) -> 349599 | BB13: =IF($G13="",AQ13,S13) -> 28282 | ... BE13: =IF($G13="",AT13,V13) -> 7624 | BF13: =ROUNDDOWN(I13*設定!$B$10/1000,0)+ROUNDDOWN(I13*設定!$B$11/1000,0) -> 0 | BG13: =ROUNDDOWN(I13*設定!$C$10/1000,0)+ROUNDDOWN(I13*設定!$C$11/1000,0)+ROUNDDOWN(I13*設定!$C$12/1000,0) -> 0 | BH13: =ROUNDDOWN(J13*設定!$B$13/1000,0) -> 0 | BI13: =ROUNDDOWN(J13*設定!$C$13/1000,0) -> 0 | BJ13: =ROUNDDOWN(K13*設定!$B$14/1000,0) -> 0 | BK13: =ROUNDDOWN(K13*設定!$C$14/1000,0) -> 0 | BL13: =ROUNDDOWN(J13*設定!$B$15/1000,0) -> 0 | BM13: =ROUNDDOWN(J13*設定!$C$15/1000,0) -> 0 | BN13: =L13+M13 -> 646470 | BO13: =N13+O13+P13 -> 907584 | BP13: =Q13 -> 343825 | BQ13: =R13 -> 349599 | BR13: =S13 -> 28282 | BS13: =T13 -> 28282 | BT13: =U13 -> 7621 | BU13: =V13 -> 7624 | BV13: =IF(BF13=0,IF(BN13=0,0,1),(BN13-BF13)/BF13) -> 1 | BW13: =IF(BG13=0,IF(BO13=0,0,1),(BO13-BG13)/BG13) -> 1 | BX13: =IF(BH13=0,IF(BP13=0,0,1),(BP13-BH13)/BH13) -> 1 | BY13: =IF(BI13=0,IF(BQ13=0,0,1),(BQ13-BI13)/BI13) -> 1 | BZ13: =IF(BJ13=0,IF(BR13=0,0,1),(BR13-BJ13)/BJ13) -> 1 | CA13: =IF(BK13=0,IF(BS13=0,0,1),(BS13-BK13)/BK13) -> 1 | CB13: =IF(BL13=0,IF(BT13=0,0,1),(BT13-BL13)/BL13) -> 1 | CC13: =IF(BM13=0,IF(BU13=0,0,1),(BU13-BM13)/BM13) -> 1 | CD13: =MAX(MAX(BV13:CC13),-MIN(BV13:CC13)) -> 1 | CE13: =IF(CI13="","",SUMIFS($CF$7:$CF$696,$A$7:$A$696,CI13,$B$7:$B$696,B13)) | CF13: =SUM(AU13:BE13) -> 2319287 | CG13: =A13&"|"&B13 -> 2026-04 月例|人事委員会 | CH13: =IFERROR(INDEX(設定!$D$61:$D$106,MATCH(B13,設定!$B$61:$B$106,0)),"Y") -> Y | CI13: =IFERROR(INDEX(設定!$D$20:$D$34,MATCH(A13,設定!$A$20:$A$34,0))&"","")
A14: 2026-04 月例 | B14: 監査事務局 | C14: =IF(G14="","未受領",IF(G14="なし","報告なし",IF(AH14="○","起票済",IF(OR(AG14="○",F14="一致",F14="入金不要"),"入金確認済","受領済")))) -> 入金確認済 | D14: =IF(OR(G14="",G14="なし"),"―",IF(CH14="N","対象外",IF(AND(I14="",J14="",K14=""),"標報未入力",IF(CD14>=設定!$B$4,"要確認","問題なし")))) -> 標報未入力 | E14: =IF(OR(G14="",G14="なし",CE14="",CF14=0),"―",IF(CF14=CE14,"前月同額",IF(CE14=0,"―",IF(ABS(CF14/CE14-1)>=設定!$B$5,"変動大 "&TEXT(CF14/CE14-1,"+0%;-0%"),"〇")))) -> ― | F14: =IF(OR(G14="",G14="なし"),"―",IF(CF14=0,"入金不要",IF(COUNT(Z14,AB14,AD14,AF14)=0,IF(AG14="○","手動確認","未入金"),IF(AND(N(Z14)=Y14,IF(AA14="",TRUE(),N(AB14)=AA14),IF(AC14="",TRUE(),N(AD14)=AC14),IF(AE14="",TRUE(),N(AF14)=AE14)),"一致","不一致")))) -> 手動確認 | G14: 済 | L14: 1324920 | M14: 108600 | N14: 1913844 | O14: 108600 | P14: 1282 | Q14: 768034 | R14: 781174 | S14: 104201 | T14: 104201 | U14: 17023 | V14: 17030 | W14: =IFERROR(INDEX(設定!$E$61:$E$106,MATCH(B14,設定!$B$61:$B$106,0)),"合算") -> 合算 | Y14: =IF(OR(G14="",G14="なし"),"",IF(W14="合算",CF14,IF(W14="掛金・負担金別",(AU14+AV14+AZ14+BB14+BD14),SUM(AU14:AY14)))) -> 5248909 | AA14: =IF(OR(G14="",G14="なし"),"",IF(W14="掛金・負担金別",(AW14+AX14+AY14+BA14+BC14+BE14),IF(W14="経理区分別",AZ14+BA14,""))) | AC14: =IF(OR(G14="",G14="なし"),"",IF(W14="経理区分別",BB14+BC14,"")) | AE14: =IF(OR(G14="",G14="なし"),"",IF(W14="経理区分別",BD14+BE14,"")) | AG14: ○ | AU14: =IF($G14="",AJ14,L14) -> 1324920 | AV14: =IF($G14="",AK14,M14) -> 108600 | AW14: =IF($G14="",AL14,N14) -> 1913844 | AX14: =IF($G14="",AM14,O14) -> 108600 | AY14: =IF($G14="",AN14,P14) -> 1282 | AZ14: =IF($G14="",AO14,Q14) -> 768034 | BA14: =IF($G14="",AP14,R14) -> 781174 | BB14: =IF($G14="",AQ14,S14) -> 104201 | ... BE14: =IF($G14="",AT14,V14) -> 17030 | BF14: =ROUNDDOWN(I14*設定!$B$10/1000,0)+ROUNDDOWN(I14*設定!$B$11/1000,0) -> 0 | BG14: =ROUNDDOWN(I14*設定!$C$10/1000,0)+ROUNDDOWN(I14*設定!$C$11/1000,0)+ROUNDDOWN(I14*設定!$C$12/1000,0) -> 0 | BH14: =ROUNDDOWN(J14*設定!$B$13/1000,0) -> 0 | BI14: =ROUNDDOWN(J14*設定!$C$13/1000,0) -> 0 | BJ14: =ROUNDDOWN(K14*設定!$B$14/1000,0) -> 0 | BK14: =ROUNDDOWN(K14*設定!$C$14/1000,0) -> 0 | BL14: =ROUNDDOWN(J14*設定!$B$15/1000,0) -> 0 | BM14: =ROUNDDOWN(J14*設定!$C$15/1000,0) -> 0 | BN14: =L14+M14 -> 1433520 | BO14: =N14+O14+P14 -> 2023726 | BP14: =Q14 -> 768034 | BQ14: =R14 -> 781174 | BR14: =S14 -> 104201 | BS14: =T14 -> 104201 | BT14: =U14 -> 17023 | BU14: =V14 -> 17030 | BV14: =IF(BF14=0,IF(BN14=0,0,1),(BN14-BF14)/BF14) -> 1 | BW14: =IF(BG14=0,IF(BO14=0,0,1),(BO14-BG14)/BG14) -> 1 | BX14: =IF(BH14=0,IF(BP14=0,0,1),(BP14-BH14)/BH14) -> 1 | BY14: =IF(BI14=0,IF(BQ14=0,0,1),(BQ14-BI14)/BI14) -> 1 | BZ14: =IF(BJ14=0,IF(BR14=0,0,1),(BR14-BJ14)/BJ14) -> 1 | CA14: =IF(BK14=0,IF(BS14=0,0,1),(BS14-BK14)/BK14) -> 1 | CB14: =IF(BL14=0,IF(BT14=0,0,1),(BT14-BL14)/BL14) -> 1 | CC14: =IF(BM14=0,IF(BU14=0,0,1),(BU14-BM14)/BM14) -> 1 | CD14: =MAX(MAX(BV14:CC14),-MIN(BV14:CC14)) -> 1 | CE14: =IF(CI14="","",SUMIFS($CF$7:$CF$696,$A$7:$A$696,CI14,$B$7:$B$696,B14)) | CF14: =SUM(AU14:BE14) -> 5248909 | CG14: =A14&"|"&B14 -> 2026-04 月例|監査事務局 | CH14: =IFERROR(INDEX(設定!$D$61:$D$106,MATCH(B14,設定!$B$61:$B$106,0)),"Y") -> Y | CI14: =IFERROR(INDEX(設定!$D$20:$D$34,MATCH(A14,設定!$A$20:$A$34,0))&"","")
A15: 2026-04 月例 | B15: 農業委員会 | C15: =IF(G15="","未受領",IF(G15="なし","報告なし",IF(AH15="○","起票済",IF(OR(AG15="○",F15="一致",F15="入金不要"),"入金確認済","受領済")))) -> 入金確認済 | D15: =IF(OR(G15="",G15="なし"),"―",IF(CH15="N","対象外",IF(AND(I15="",J15="",K15=""),"標報未入力",IF(CD15>=設定!$B$4,"要確認","問題なし")))) -> 標報未入力 | E15: =IF(OR(G15="",G15="なし",CE15="",CF15=0),"―",IF(CF15=CE15,"前月同額",IF(CE15=0,"―",IF(ABS(CF15/CE15-1)>=設定!$B$5,"変動大 "&TEXT(CF15/CE15-1,"+0%;-0%"),"〇")))) -> ― | F15: =IF(OR(G15="",G15="なし"),"―",IF(CF15=0,"入金不要",IF(COUNT(Z15,AB15,AD15,AF15)=0,IF(AG15="○","手動確認","未入金"),IF(AND(N(Z15)=Y15,IF(AA15="",TRUE(),N(AB15)=AA15),IF(AC15="",TRUE(),N(AD15)=AC15),IF(AE15="",TRUE(),N(AF15)=AE15)),"一致","不一致")))) -> 手動確認 | G15: 済 | L15: 409920 | M15: 33600 | N15: 588672 | O15: 33600 | P15: 389 | Q15: 306800 | R15: 311950 | S15: 35042 | T15: 35044 | U15: 6800 | V15: 6803 | W15: =IFERROR(INDEX(設定!$E$61:$E$106,MATCH(B15,設定!$B$61:$B$106,0)),"合算") -> 合算 | Y15: =IF(OR(G15="",G15="なし"),"",IF(W15="合算",CF15,IF(W15="掛金・負担金別",(AU15+AV15+AZ15+BB15+BD15),SUM(AU15:AY15)))) -> 1768620 | AA15: =IF(OR(G15="",G15="なし"),"",IF(W15="掛金・負担金別",(AW15+AX15+AY15+BA15+BC15+BE15),IF(W15="経理区分別",AZ15+BA15,""))) | AC15: =IF(OR(G15="",G15="なし"),"",IF(W15="経理区分別",BB15+BC15,"")) | AE15: =IF(OR(G15="",G15="なし"),"",IF(W15="経理区分別",BD15+BE15,"")) | AG15: ○ | AU15: =IF($G15="",AJ15,L15) -> 409920 | AV15: =IF($G15="",AK15,M15) -> 33600 | AW15: =IF($G15="",AL15,N15) -> 588672 | AX15: =IF($G15="",AM15,O15) -> 33600 | AY15: =IF($G15="",AN15,P15) -> 389 | AZ15: =IF($G15="",AO15,Q15) -> 306800 | BA15: =IF($G15="",AP15,R15) -> 311950 | BB15: =IF($G15="",AQ15,S15) -> 35042 | ... BE15: =IF($G15="",AT15,V15) -> 6803 | BF15: =ROUNDDOWN(I15*設定!$B$10/1000,0)+ROUNDDOWN(I15*設定!$B$11/1000,0) -> 0 | BG15: =ROUNDDOWN(I15*設定!$C$10/1000,0)+ROUNDDOWN(I15*設定!$C$11/1000,0)+ROUNDDOWN(I15*設定!$C$12/1000,0) -> 0 | BH15: =ROUNDDOWN(J15*設定!$B$13/1000,0) -> 0 | BI15: =ROUNDDOWN(J15*設定!$C$13/1000,0) -> 0 | BJ15: =ROUNDDOWN(K15*設定!$B$14/1000,0) -> 0 | BK15: =ROUNDDOWN(K15*設定!$C$14/1000,0) -> 0 | BL15: =ROUNDDOWN(J15*設定!$B$15/1000,0) -> 0 | BM15: =ROUNDDOWN(J15*設定!$C$15/1000,0) -> 0 | BN15: =L15+M15 -> 443520 | BO15: =N15+O15+P15 -> 622661 | BP15: =Q15 -> 306800 | BQ15: =R15 -> 311950 | BR15: =S15 -> 35042 | BS15: =T15 -> 35044 | BT15: =U15 -> 6800 | BU15: =V15 -> 6803 | BV15: =IF(BF15=0,IF(BN15=0,0,1),(BN15-BF15)/BF15) -> 1 | BW15: =IF(BG15=0,IF(BO15=0,0,1),(BO15-BG15)/BG15) -> 1 | BX15: =IF(BH15=0,IF(BP15=0,0,1),(BP15-BH15)/BH15) -> 1 | BY15: =IF(BI15=0,IF(BQ15=0,0,1),(BQ15-BI15)/BI15) -> 1 | BZ15: =IF(BJ15=0,IF(BR15=0,0,1),(BR15-BJ15)/BJ15) -> 1 | CA15: =IF(BK15=0,IF(BS15=0,0,1),(BS15-BK15)/BK15) -> 1 | CB15: =IF(BL15=0,IF(BT15=0,0,1),(BT15-BL15)/BL15) -> 1 | CC15: =IF(BM15=0,IF(BU15=0,0,1),(BU15-BM15)/BM15) -> 1 | CD15: =MAX(MAX(BV15:CC15),-MIN(BV15:CC15)) -> 1 | CE15: =IF(CI15="","",SUMIFS($CF$7:$CF$696,$A$7:$A$696,CI15,$B$7:$B$696,B15)) | CF15: =SUM(AU15:BE15) -> 1768620 | CG15: =A15&"|"&B15 -> 2026-04 月例|農業委員会 | CH15: =IFERROR(INDEX(設定!$D$61:$D$106,MATCH(B15,設定!$B$61:$B$106,0)),"Y") -> Y | CI15: =IFERROR(INDEX(設定!$D$20:$D$34,MATCH(A15,設定!$A$20:$A$34,0))&"","")
A16: 2026-04 月例 | B16: 水道局 | C16: =IF(G16="","未受領",IF(G16="なし","報告なし",IF(AH16="○","起票済",IF(OR(AG16="○",F16="一致",F16="入金不要"),"入金確認済","受領済")))) -> 入金確認済 | D16: =IF(OR(G16="",G16="なし"),"―",IF(CH16="N","対象外",IF(AND(I16="",J16="",K16=""),"標報未入力",IF(CD16>=設定!$B$4,"要確認","問題なし")))) -> 対象外 | E16: =IF(OR(G16="",G16="なし",CE16="",CF16=0),"―",IF(CF16=CE16,"前月同額",IF(CE16=0,"―",IF(ABS(CF16/CE16-1)>=設定!$B$5,"変動大 "&TEXT(CF16/CE16-1,"+0%;-0%"),"〇")))) -> ― | F16: =IF(OR(G16="",G16="なし"),"―",IF(CF16=0,"入金不要",IF(COUNT(Z16,AB16,AD16,AF16)=0,IF(AG16="○","手動確認","未入金"),IF(AND(N(Z16)=Y16,IF(AA16="",TRUE(),N(AB16)=AA16),IF(AC16="",TRUE(),N(AD16)=AC16),IF(AE16="",TRUE(),N(AF16)=AE16)),"一致","不一致")))) -> 手動確認 | G16: 済 | L16: 22388403 | M16: 1835115 | N16: 32251750 | O16: 1835115 | P16: 21475 | Q16: 13373486 | R16: 13600282 | S16: 1322950 | T16: 1322950 | U16: 296479 | V16: 296570 | W16: =IFERROR(INDEX(設定!$E$61:$E$106,MATCH(B16,設定!$B$61:$B$106,0)),"合算") -> 合算 | Y16: =IF(OR(G16="",G16="なし"),"",IF(W16="合算",CF16,IF(W16="掛金・負担金別",(AU16+AV16+AZ16+BB16+BD16),SUM(AU16:AY16)))) -> 88544575 | AA16: =IF(OR(G16="",G16="なし"),"",IF(W16="掛金・負担金別",(AW16+AX16+AY16+BA16+BC16+BE16),IF(W16="経理区分別",AZ16+BA16,""))) | AC16: =IF(OR(G16="",G16="なし"),"",IF(W16="経理区分別",BB16+BC16,"")) | AE16: =IF(OR(G16="",G16="なし"),"",IF(W16="経理区分別",BD16+BE16,"")) | AG16: ○ | AU16: =IF($G16="",AJ16,L16) -> 22388403 | AV16: =IF($G16="",AK16,M16) -> 1835115 | AW16: =IF($G16="",AL16,N16) -> 32251750 | AX16: =IF($G16="",AM16,O16) -> 1835115 | AY16: =IF($G16="",AN16,P16) -> 21475 | AZ16: =IF($G16="",AO16,Q16) -> 13373486 | BA16: =IF($G16="",AP16,R16) -> 13600282 | BB16: =IF($G16="",AQ16,S16) -> 1322950 | ... BE16: =IF($G16="",AT16,V16) -> 296570 | BF16: =ROUNDDOWN(I16*設定!$B$10/1000,0)+ROUNDDOWN(I16*設定!$B$11/1000,0) -> 0 | BG16: =ROUNDDOWN(I16*設定!$C$10/1000,0)+ROUNDDOWN(I16*設定!$C$11/1000,0)+ROUNDDOWN(I16*設定!$C$12/1000,0) -> 0 | BH16: =ROUNDDOWN(J16*設定!$B$13/1000,0) -> 0 | BI16: =ROUNDDOWN(J16*設定!$C$13/1000,0) -> 0 | BJ16: =ROUNDDOWN(K16*設定!$B$14/1000,0) -> 0 | BK16: =ROUNDDOWN(K16*設定!$C$14/1000,0) -> 0 | BL16: =ROUNDDOWN(J16*設定!$B$15/1000,0) -> 0 | BM16: =ROUNDDOWN(J16*設定!$C$15/1000,0) -> 0 | BN16: =L16+M16 -> 24223518 | BO16: =N16+O16+P16 -> 34108340 | BP16: =Q16 -> 13373486 | BQ16: =R16 -> 13600282 | BR16: =S16 -> 1322950 | BS16: =T16 -> 1322950 | BT16: =U16 -> 296479 | BU16: =V16 -> 296570 | BV16: =IF(BF16=0,IF(BN16=0,0,1),(BN16-BF16)/BF16) -> 1 | BW16: =IF(BG16=0,IF(BO16=0,0,1),(BO16-BG16)/BG16) -> 1 | BX16: =IF(BH16=0,IF(BP16=0,0,1),(BP16-BH16)/BH16) -> 1 | BY16: =IF(BI16=0,IF(BQ16=0,0,1),(BQ16-BI16)/BI16) -> 1 | BZ16: =IF(BJ16=0,IF(BR16=0,0,1),(BR16-BJ16)/BJ16) -> 1 | CA16: =IF(BK16=0,IF(BS16=0,0,1),(BS16-BK16)/BK16) -> 1 | CB16: =IF(BL16=0,IF(BT16=0,0,1),(BT16-BL16)/BL16) -> 1 | CC16: =IF(BM16=0,IF(BU16=0,0,1),(BU16-BM16)/BM16) -> 1 | CD16: =MAX(MAX(BV16:CC16),-MIN(BV16:CC16)) -> 1 | CE16: =IF(CI16="","",SUMIFS($CF$7:$CF$696,$A$7:$A$696,CI16,$B$7:$B$696,B16)) | CF16: =SUM(AU16:BE16) -> 88544575 | CG16: =A16&"|"&B16 -> 2026-04 月例|水道局 | CH16: =IFERROR(INDEX(設定!$D$61:$D$106,MATCH(B16,設定!$B$61:$B$106,0)),"Y") -> N | CI16: =IFERROR(INDEX(設定!$D$20:$D$34,MATCH(A16,設定!$A$20:$A$34,0))&"","")
A17: 2026-04 月例 | B17: 医療政策課(安芸市民) | C17: =IF(G17="","未受領",IF(G17="なし","報告なし",IF(AH17="○","起票済",IF(OR(AG17="○",F17="一致",F17="入金不要"),"入金確認済","受領済")))) -> 入金確認済 | D17: =IF(OR(G17="",G17="なし"),"―",IF(CH17="N","対象外",IF(AND(I17="",J17="",K17=""),"標報未入力",IF(CD17>=設定!$B$4,"要確認","問題なし")))) -> 標報未入力 | E17: =IF(OR(G17="",G17="なし",CE17="",CF17=0),"―",IF(CF17=CE17,"前月同額",IF(CE17=0,"―",IF(ABS(CF17/CE17-1)>=設定!$B$5,"変動大 "&TEXT(CF17/CE17-1,"+0%;-0%"),"〇")))) -> ― | F17: =IF(OR(G17="",G17="なし"),"―",IF(CF17=0,"入金不要",IF(COUNT(Z17,AB17,AD17,AF17)=0,IF(AG17="○","手動確認","未入金"),IF(AND(N(Z17)=Y17,IF(AA17="",TRUE(),N(AB17)=AA17),IF(AC17="",TRUE(),N(AD17)=AC17),IF(AE17="",TRUE(),N(AF17)=AE17)),"一致","不一致")))) -> 手動確認 | G17: 済 | L17: 48495 | M17: 3975 | N17: 69642 | O17: 3975 | P17: 46 | Q17: 27485 | R17: 27946 | S17: 4187 | T17: 4187 | U17: 609 | V17: 609 | W17: =IFERROR(INDEX(設定!$E$61:$E$106,MATCH(B17,設定!$B$61:$B$106,0)),"合算") -> 合算 | Y17: =IF(OR(G17="",G17="なし"),"",IF(W17="合算",CF17,IF(W17="掛金・負担金別",(AU17+AV17+AZ17+BB17+BD17),SUM(AU17:AY17)))) -> 191156 | AA17: =IF(OR(G17="",G17="なし"),"",IF(W17="掛金・負担金別",(AW17+AX17+AY17+BA17+BC17+BE17),IF(W17="経理区分別",AZ17+BA17,""))) | AC17: =IF(OR(G17="",G17="なし"),"",IF(W17="経理区分別",BB17+BC17,"")) | AE17: =IF(OR(G17="",G17="なし"),"",IF(W17="経理区分別",BD17+BE17,"")) | AG17: ○ | AU17: =IF($G17="",AJ17,L17) -> 48495 | AV17: =IF($G17="",AK17,M17) -> 3975 | AW17: =IF($G17="",AL17,N17) -> 69642 | AX17: =IF($G17="",AM17,O17) -> 3975 | AY17: =IF($G17="",AN17,P17) -> 46 | AZ17: =IF($G17="",AO17,Q17) -> 27485 | BA17: =IF($G17="",AP17,R17) -> 27946 | BB17: =IF($G17="",AQ17,S17) -> 4187 | ... BE17: =IF($G17="",AT17,V17) -> 609 | BF17: =ROUNDDOWN(I17*設定!$B$10/1000,0)+ROUNDDOWN(I17*設定!$B$11/1000,0) -> 0 | BG17: =ROUNDDOWN(I17*設定!$C$10/1000,0)+ROUNDDOWN(I17*設定!$C$11/1000,0)+ROUNDDOWN(I17*設定!$C$12/1000,0) -> 0 | BH17: =ROUNDDOWN(J17*設定!$B$13/1000,0) -> 0 | BI17: =ROUNDDOWN(J17*設定!$C$13/1000,0) -> 0 | BJ17: =ROUNDDOWN(K17*設定!$B$14/1000,0) -> 0 | BK17: =ROUNDDOWN(K17*設定!$C$14/1000,0) -> 0 | BL17: =ROUNDDOWN(J17*設定!$B$15/1000,0) -> 0 | BM17: =ROUNDDOWN(J17*設定!$C$15/1000,0) -> 0 | BN17: =L17+M17 -> 52470 | BO17: =N17+O17+P17 -> 73663 | BP17: =Q17 -> 27485 | BQ17: =R17 -> 27946 | BR17: =S17 -> 4187 | BS17: =T17 -> 4187 | BT17: =U17 -> 609 | BU17: =V17 -> 609 | BV17: =IF(BF17=0,IF(BN17=0,0,1),(BN17-BF17)/BF17) -> 1 | BW17: =IF(BG17=0,IF(BO17=0,0,1),(BO17-BG17)/BG17) -> 1 | BX17: =IF(BH17=0,IF(BP17=0,0,1),(BP17-BH17)/BH17) -> 1 | BY17: =IF(BI17=0,IF(BQ17=0,0,1),(BQ17-BI17)/BI17) -> 1 | BZ17: =IF(BJ17=0,IF(BR17=0,0,1),(BR17-BJ17)/BJ17) -> 1 | CA17: =IF(BK17=0,IF(BS17=0,0,1),(BS17-BK17)/BK17) -> 1 | CB17: =IF(BL17=0,IF(BT17=0,0,1),(BT17-BL17)/BL17) -> 1 | CC17: =IF(BM17=0,IF(BU17=0,0,1),(BU17-BM17)/BM17) -> 1 | CD17: =MAX(MAX(BV17:CC17),-MIN(BV17:CC17)) -> 1 | CE17: =IF(CI17="","",SUMIFS($CF$7:$CF$696,$A$7:$A$696,CI17,$B$7:$B$696,B17)) | CF17: =SUM(AU17:BE17) -> 191156 | CG17: =A17&"|"&B17 -> 2026-04 月例|医療政策課(安芸市民) | CH17: =IFERROR(INDEX(設定!$D$61:$D$106,MATCH(B17,設定!$B$61:$B$106,0)),"Y") -> Y | CI17: =IFERROR(INDEX(設定!$D$20:$D$34,MATCH(A17,設定!$A$20:$A$34,0))&"","")
A18: 2026-04 月例 | B18: 教育委員会（教育給与課） | C18: =IF(G18="","未受領",IF(G18="なし","報告なし",IF(AH18="○","起票済",IF(OR(AG18="○",F18="一致",F18="入金不要"),"入金確認済","受領済")))) -> 入金確認済 | D18: =IF(OR(G18="",G18="なし"),"―",IF(CH18="N","対象外",IF(AND(I18="",J18="",K18=""),"標報未入力",IF(CD18>=設定!$B$4,"要確認","問題なし")))) -> 標報未入力 | E18: =IF(OR(G18="",G18="なし",CE18="",CF18=0),"―",IF(CF18=CE18,"前月同額",IF(CE18=0,"―",IF(ABS(CF18/CE18-1)>=設定!$B$5,"変動大 "&TEXT(CF18/CE18-1,"+0%;-0%"),"〇")))) -> ― | F18: =IF(OR(G18="",G18="なし"),"―",IF(CF18=0,"入金不要",IF(COUNT(Z18,AB18,AD18,AF18)=0,IF(AG18="○","手動確認","未入金"),IF(AND(N(Z18)=Y18,IF(AA18="",TRUE(),N(AB18)=AA18),IF(AC18="",TRUE(),N(AD18)=AC18),IF(AE18="",TRUE(),N(AF18)=AE18)),"一致","不一致")))) -> 入金不要 | G18: 済 | L18: 0 | M18: 0 | P18: 0 | Q18: 0 | R18: 0 | S18: 0 | T18: 0 | U18: 0 | V18: 0 | W18: =IFERROR(INDEX(設定!$E$61:$E$106,MATCH(B18,設定!$B$61:$B$106,0)),"合算") -> 合算 | Y18: =IF(OR(G18="",G18="なし"),"",IF(W18="合算",CF18,IF(W18="掛金・負担金別",(AU18+AV18+AZ18+BB18+BD18),SUM(AU18:AY18)))) -> 0 | AA18: =IF(OR(G18="",G18="なし"),"",IF(W18="掛金・負担金別",(AW18+AX18+AY18+BA18+BC18+BE18),IF(W18="経理区分別",AZ18+BA18,""))) | AC18: =IF(OR(G18="",G18="なし"),"",IF(W18="経理区分別",BB18+BC18,"")) | AE18: =IF(OR(G18="",G18="なし"),"",IF(W18="経理区分別",BD18+BE18,"")) | AU18: =IF($G18="",AJ18,L18) -> 0 | AV18: =IF($G18="",AK18,M18) -> 0 | AW18: =IF($G18="",AL18,N18) -> 0 | AX18: =IF($G18="",AM18,O18) -> 0 | AY18: =IF($G18="",AN18,P18) -> 0 | AZ18: =IF($G18="",AO18,Q18) -> 0 | BA18: =IF($G18="",AP18,R18) -> 0 | BB18: =IF($G18="",AQ18,S18) -> 0 | ... BE18: =IF($G18="",AT18,V18) -> 0 | BF18: =ROUNDDOWN(I18*設定!$B$10/1000,0)+ROUNDDOWN(I18*設定!$B$11/1000,0) -> 0 | BG18: =ROUNDDOWN(I18*設定!$C$10/1000,0)+ROUNDDOWN(I18*設定!$C$11/1000,0)+ROUNDDOWN(I18*設定!$C$12/1000,0) -> 0 | BH18: =ROUNDDOWN(J18*設定!$B$13/1000,0) -> 0 | BI18: =ROUNDDOWN(J18*設定!$C$13/1000,0) -> 0 | BJ18: =ROUNDDOWN(K18*設定!$B$14/1000,0) -> 0 | BK18: =ROUNDDOWN(K18*設定!$C$14/1000,0) -> 0 | BL18: =ROUNDDOWN(J18*設定!$B$15/1000,0) -> 0 | BM18: =ROUNDDOWN(J18*設定!$C$15/1000,0) -> 0 | BN18: =L18+M18 -> 0 | BO18: =N18+O18+P18 -> 0 | BP18: =Q18 -> 0 | BQ18: =R18 -> 0 | BR18: =S18 -> 0 | BS18: =T18 -> 0 | BT18: =U18 -> 0 | BU18: =V18 -> 0 | BV18: =IF(BF18=0,IF(BN18=0,0,1),(BN18-BF18)/BF18) -> 0 | BW18: =IF(BG18=0,IF(BO18=0,0,1),(BO18-BG18)/BG18) -> 0 | BX18: =IF(BH18=0,IF(BP18=0,0,1),(BP18-BH18)/BH18) -> 0 | BY18: =IF(BI18=0,IF(BQ18=0,0,1),(BQ18-BI18)/BI18) -> 0 | BZ18: =IF(BJ18=0,IF(BR18=0,0,1),(BR18-BJ18)/BJ18) -> 0 | CA18: =IF(BK18=0,IF(BS18=0,0,1),(BS18-BK18)/BK18) -> 0 | CB18: =IF(BL18=0,IF(BT18=0,0,1),(BT18-BL18)/BL18) -> 0 | CC18: =IF(BM18=0,IF(BU18=0,0,1),(BU18-BM18)/BM18) -> 0 | CD18: =MAX(MAX(BV18:CC18),-MIN(BV18:CC18)) -> 0 | CE18: =IF(CI18="","",SUMIFS($CF$7:$CF$696,$A$7:$A$696,CI18,$B$7:$B$696,B18)) | CF18: =SUM(AU18:BE18) -> 0 | CG18: =A18&"|"&B18 -> 2026-04 月例|教育委員会（教育給与課） | CH18: =IFERROR(INDEX(設定!$D$61:$D$106,MATCH(B18,設定!$B$61:$B$106,0)),"Y") -> Y | CI18: =IFERROR(INDEX(設定!$D$20:$D$34,MATCH(A18,設定!$A$20:$A$34,0))&"","")
A19: 2026-04 月例 | B19: 地方税共同機構 | C19: =IF(G19="","未受領",IF(G19="なし","報告なし",IF(AH19="○","起票済",IF(OR(AG19="○",F19="一致",F19="入金不要"),"入金確認済","受領済")))) -> 報告なし | D19: =IF(OR(G19="",G19="なし"),"―",IF(CH19="N","対象外",IF(AND(I19="",J19="",K19=""),"標報未入力",IF(CD19>=設定!$B$4,"要確認","問題なし")))) -> ― | E19: =IF(OR(G19="",G19="なし",CE19="",CF19=0),"―",IF(CF19=CE19,"前月同額",IF(CE19=0,"―",IF(ABS(CF19/CE19-1)>=設定!$B$5,"変動大 "&TEXT(CF19/CE19-1,"+0%;-0%"),"〇")))) -> ― | F19: =IF(OR(G19="",G19="なし"),"―",IF(CF19=0,"入金不要",IF(COUNT(Z19,AB19,AD19,AF19)=0,IF(AG19="○","手動確認","未入金"),IF(AND(N(Z19)=Y19,IF(AA19="",TRUE(),N(AB19)=AA19),IF(AC19="",TRUE(),N(AD19)=AC19),IF(AE19="",TRUE(),N(AF19)=AE19)),"一致","不一致")))) -> ― | G19: なし | W19: =IFERROR(INDEX(設定!$E$61:$E$106,MATCH(B19,設定!$B$61:$B$106,0)),"合算") -> 合算 | Y19: =IF(OR(G19="",G19="なし"),"",IF(W19="合算",CF19,IF(W19="掛金・負担金別",(AU19+AV19+AZ19+BB19+BD19),SUM(AU19:AY19)))) | AA19: =IF(OR(G19="",G19="なし"),"",IF(W19="掛金・負担金別",(AW19+AX19+AY19+BA19+BC19+BE19),IF(W19="経理区分別",AZ19+BA19,""))) | AC19: =IF(OR(G19="",G19="なし"),"",IF(W19="経理区分別",BB19+BC19,"")) | AE19: =IF(OR(G19="",G19="なし"),"",IF(W19="経理区分別",BD19+BE19,"")) | AU19: =IF($G19="",AJ19,L19) -> 0 | AV19: =IF($G19="",AK19,M19) -> 0 | AW19: =IF($G19="",AL19,N19) -> 0 | AX19: =IF($G19="",AM19,O19) -> 0 | AY19: =IF($G19="",AN19,P19) -> 0 | AZ19: =IF($G19="",AO19,Q19) -> 0 | BA19: =IF($G19="",AP19,R19) -> 0 | BB19: =IF($G19="",AQ19,S19) -> 0 | ... BE19: =IF($G19="",AT19,V19) -> 0 | BF19: =ROUNDDOWN(I19*設定!$B$10/1000,0)+ROUNDDOWN(I19*設定!$B$11/1000,0) -> 0 | BG19: =ROUNDDOWN(I19*設定!$C$10/1000,0)+ROUNDDOWN(I19*設定!$C$11/1000,0)+ROUNDDOWN(I19*設定!$C$12/1000,0) -> 0 | BH19: =ROUNDDOWN(J19*設定!$B$13/1000,0) -> 0 | BI19: =ROUNDDOWN(J19*設定!$C$13/1000,0) -> 0 | BJ19: =ROUNDDOWN(K19*設定!$B$14/1000,0) -> 0 | BK19: =ROUNDDOWN(K19*設定!$C$14/1000,0) -> 0 | BL19: =ROUNDDOWN(J19*設定!$B$15/1000,0) -> 0 | BM19: =ROUNDDOWN(J19*設定!$C$15/1000,0) -> 0 | BN19: =L19+M19 -> 0 | BO19: =N19+O19+P19 -> 0 | BP19: =Q19 -> 0 | BQ19: =R19 -> 0 | BR19: =S19 -> 0 | BS19: =T19 -> 0 | BT19: =U19 -> 0 | BU19: =V19 -> 0 | BV19: =IF(BF19=0,IF(BN19=0,0,1),(BN19-BF19)/BF19) -> 0 | BW19: =IF(BG19=0,IF(BO19=0,0,1),(BO19-BG19)/BG19) -> 0 | BX19: =IF(BH19=0,IF(BP19=0,0,1),(BP19-BH19)/BH19) -> 0 | BY19: =IF(BI19=0,IF(BQ19=0,0,1),(BQ19-BI19)/BI19) -> 0 | BZ19: =IF(BJ19=0,IF(BR19=0,0,1),(BR19-BJ19)/BJ19) -> 0 | CA19: =IF(BK19=0,IF(BS19=0,0,1),(BS19-BK19)/BK19) -> 0 | CB19: =IF(BL19=0,IF(BT19=0,0,1),(BT19-BL19)/BL19) -> 0 | CC19: =IF(BM19=0,IF(BU19=0,0,1),(BU19-BM19)/BM19) -> 0 | CD19: =MAX(MAX(BV19:CC19),-MIN(BV19:CC19)) -> 0 | CE19: =IF(CI19="","",SUMIFS($CF$7:$CF$696,$A$7:$A$696,CI19,$B$7:$B$696,B19)) | CF19: =SUM(AU19:BE19) -> 0 | CG19: =A19&"|"&B19 -> 2026-04 月例|地方税共同機構 | CH19: =IFERROR(INDEX(設定!$D$61:$D$106,MATCH(B19,設定!$B$61:$B$106,0)),"Y") -> Y | CI19: =IFERROR(INDEX(設定!$D$20:$D$34,MATCH(A19,設定!$A$20:$A$34,0))&"","")
A20: 2026-04 月例 | B20: 平和文化センター | C20: =IF(G20="","未受領",IF(G20="なし","報告なし",IF(AH20="○","起票済",IF(OR(AG20="○",F20="一致",F20="入金不要"),"入金確認済","受領済")))) -> 入金確認済 | D20: =IF(OR(G20="",G20="なし"),"―",IF(CH20="N","対象外",IF(AND(I20="",J20="",K20=""),"標報未入力",IF(CD20>=設定!$B$4,"要確認","問題なし")))) -> 標報未入力 | E20: =IF(OR(G20="",G20="なし",CE20="",CF20=0),"―",IF(CF20=CE20,"前月同額",IF(CE20=0,"―",IF(ABS(CF20/CE20-1)>=設定!$B$5,"変動大 "&TEXT(CF20/CE20-1,"+0%;-0%"),"〇")))) -> ― | F20: =IF(OR(G20="",G20="なし"),"―",IF(CF20=0,"入金不要",IF(COUNT(Z20,AB20,AD20,AF20)=0,IF(AG20="○","手動確認","未入金"),IF(AND(N(Z20)=Y20,IF(AA20="",TRUE(),N(AB20)=AA20),IF(AC20="",TRUE(),N(AD20)=AC20),IF(AE20="",TRUE(),N(AF20)=AE20)),"一致","不一致")))) -> 手動確認 | G20: 済 | L20: 0 | M20: 0 | N20: 765855 | O20: 62775 | P20: 789 | Q20: 0 | R20: 441236 | S20: 0 | T20: 54826 | U20: 0 | V20: 9775 | W20: =IFERROR(INDEX(設定!$E$61:$E$106,MATCH(B20,設定!$B$61:$B$106,0)),"合算") -> 合算 | Y20: =IF(OR(G20="",G20="なし"),"",IF(W20="合算",CF20,IF(W20="掛金・負担金別",(AU20+AV20+AZ20+BB20+BD20),SUM(AU20:AY20)))) -> 1335256 | AA20: =IF(OR(G20="",G20="なし"),"",IF(W20="掛金・負担金別",(AW20+AX20+AY20+BA20+BC20+BE20),IF(W20="経理区分別",AZ20+BA20,""))) | AC20: =IF(OR(G20="",G20="なし"),"",IF(W20="経理区分別",BB20+BC20,"")) | AE20: =IF(OR(G20="",G20="なし"),"",IF(W20="経理区分別",BD20+BE20,"")) | AG20: ○ | AU20: =IF($G20="",AJ20,L20) -> 0 | AV20: =IF($G20="",AK20,M20) -> 0 | AW20: =IF($G20="",AL20,N20) -> 765855 | AX20: =IF($G20="",AM20,O20) -> 62775 | AY20: =IF($G20="",AN20,P20) -> 789 | AZ20: =IF($G20="",AO20,Q20) -> 0 | BA20: =IF($G20="",AP20,R20) -> 441236 | BB20: =IF($G20="",AQ20,S20) -> 0 | ... BE20: =IF($G20="",AT20,V20) -> 9775 | BF20: =ROUNDDOWN(I20*設定!$B$10/1000,0)+ROUNDDOWN(I20*設定!$B$11/1000,0) -> 0 | BG20: =ROUNDDOWN(I20*設定!$C$10/1000,0)+ROUNDDOWN(I20*設定!$C$11/1000,0)+ROUNDDOWN(I20*設定!$C$12/1000,0) -> 0 | BH20: =ROUNDDOWN(J20*設定!$B$13/1000,0) -> 0 | BI20: =ROUNDDOWN(J20*設定!$C$13/1000,0) -> 0 | BJ20: =ROUNDDOWN(K20*設定!$B$14/1000,0) -> 0 | BK20: =ROUNDDOWN(K20*設定!$C$14/1000,0) -> 0 | BL20: =ROUNDDOWN(J20*設定!$B$15/1000,0) -> 0 | BM20: =ROUNDDOWN(J20*設定!$C$15/1000,0) -> 0 | BN20: =L20+M20 -> 0 | BO20: =N20+O20+P20 -> 829419 | BP20: =Q20 -> 0 | BQ20: =R20 -> 441236 | BR20: =S20 -> 0 | BS20: =T20 -> 54826 | BT20: =U20 -> 0 | BU20: =V20 -> 9775 | BV20: =IF(BF20=0,IF(BN20=0,0,1),(BN20-BF20)/BF20) -> 0 | BW20: =IF(BG20=0,IF(BO20=0,0,1),(BO20-BG20)/BG20) -> 1 | BX20: =IF(BH20=0,IF(BP20=0,0,1),(BP20-BH20)/BH20) -> 0 | BY20: =IF(BI20=0,IF(BQ20=0,0,1),(BQ20-BI20)/BI20) -> 1 | BZ20: =IF(BJ20=0,IF(BR20=0,0,1),(BR20-BJ20)/BJ20) -> 0 | CA20: =IF(BK20=0,IF(BS20=0,0,1),(BS20-BK20)/BK20) -> 1 | CB20: =IF(BL20=0,IF(BT20=0,0,1),(BT20-BL20)/BL20) -> 0 | CC20: =IF(BM20=0,IF(BU20=0,0,1),(BU20-BM20)/BM20) -> 1 | CD20: =MAX(MAX(BV20:CC20),-MIN(BV20:CC20)) -> 1 | CE20: =IF(CI20="","",SUMIFS($CF$7:$CF$696,$A$7:$A$696,CI20,$B$7:$B$696,B20)) | CF20: =SUM(AU20:BE20) -> 1335256 | CG20: =A20&"|"&B20 -> 2026-04 月例|平和文化センター | CH20: =IFERROR(INDEX(設定!$D$61:$D$106,MATCH(B20,設定!$B$61:$B$106,0)),"Y") -> Y | CI20: =IFERROR(INDEX(設定!$D$20:$D$34,MATCH(A20,設定!$A$20:$A$34,0))&"","")
A21: 2026-04 月例 | B21: 社会福祉事業団 | C21: =IF(G21="","未受領",IF(G21="なし","報告なし",IF(AH21="○","起票済",IF(OR(AG21="○",F21="一致",F21="入金不要"),"入金確認済","受領済")))) -> 入金確認済 | D21: =IF(OR(G21="",G21="なし"),"―",IF(CH21="N","対象外",IF(AND(I21="",J21="",K21=""),"標報未入力",IF(CD21>=設定!$B$4,"要確認","問題なし")))) -> 標報未入力 | E21: =IF(OR(G21="",G21="なし",CE21="",CF21=0),"―",IF(CF21=CE21,"前月同額",IF(CE21=0,"―",IF(ABS(CF21/CE21-1)>=設定!$B$5,"変動大 "&TEXT(CF21/CE21-1,"+0%;-0%"),"〇")))) -> ― | F21: =IF(OR(G21="",G21="なし"),"―",IF(CF21=0,"入金不要",IF(COUNT(Z21,AB21,AD21,AF21)=0,IF(AG21="○","手動確認","未入金"),IF(AND(N(Z21)=Y21,IF(AA21="",TRUE(),N(AB21)=AA21),IF(AC21="",TRUE(),N(AD21)=AC21),IF(AE21="",TRUE(),N(AF21)=AE21)),"一致","不一致")))) -> 手動確認 | G21: 済 | N21: 2045940 | O21: 167700 | P21: 1993 | R21: 1308159 | T21: 141726 | V21: 28976 | W21: =IFERROR(INDEX(設定!$E$61:$E$106,MATCH(B21,設定!$B$61:$B$106,0)),"合算") -> 合算 | Y21: =IF(OR(G21="",G21="なし"),"",IF(W21="合算",CF21,IF(W21="掛金・負担金別",(AU21+AV21+AZ21+BB21+BD21),SUM(AU21:AY21)))) -> 3694494 | AA21: =IF(OR(G21="",G21="なし"),"",IF(W21="掛金・負担金別",(AW21+AX21+AY21+BA21+BC21+BE21),IF(W21="経理区分別",AZ21+BA21,""))) | AC21: =IF(OR(G21="",G21="なし"),"",IF(W21="経理区分別",BB21+BC21,"")) | AE21: =IF(OR(G21="",G21="なし"),"",IF(W21="経理区分別",BD21+BE21,"")) | AG21: ○ | AU21: =IF($G21="",AJ21,L21) -> 0 | AV21: =IF($G21="",AK21,M21) -> 0 | AW21: =IF($G21="",AL21,N21) -> 2045940 | AX21: =IF($G21="",AM21,O21) -> 167700 | AY21: =IF($G21="",AN21,P21) -> 1993 | AZ21: =IF($G21="",AO21,Q21) -> 0 | BA21: =IF($G21="",AP21,R21) -> 1308159 | BB21: =IF($G21="",AQ21,S21) -> 0 | ... BE21: =IF($G21="",AT21,V21) -> 28976 | BF21: =ROUNDDOWN(I21*設定!$B$10/1000,0)+ROUNDDOWN(I21*設定!$B$11/1000,0) -> 0 | BG21: =ROUNDDOWN(I21*設定!$C$10/1000,0)+ROUNDDOWN(I21*設定!$C$11/1000,0)+ROUNDDOWN(I21*設定!$C$12/1000,0) -> 0 | BH21: =ROUNDDOWN(J21*設定!$B$13/1000,0) -> 0 | BI21: =ROUNDDOWN(J21*設定!$C$13/1000,0) -> 0 | BJ21: =ROUNDDOWN(K21*設定!$B$14/1000,0) -> 0 | BK21: =ROUNDDOWN(K21*設定!$C$14/1000,0) -> 0 | BL21: =ROUNDDOWN(J21*設定!$B$15/1000,0) -> 0 | BM21: =ROUNDDOWN(J21*設定!$C$15/1000,0) -> 0 | BN21: =L21+M21 -> 0 | BO21: =N21+O21+P21 -> 2215633 | BP21: =Q21 -> 0 | BQ21: =R21 -> 1308159 | BR21: =S21 -> 0 | BS21: =T21 -> 141726 | BT21: =U21 -> 0 | BU21: =V21 -> 28976 | BV21: =IF(BF21=0,IF(BN21=0,0,1),(BN21-BF21)/BF21) -> 0 | BW21: =IF(BG21=0,IF(BO21=0,0,1),(BO21-BG21)/BG21) -> 1 | BX21: =IF(BH21=0,IF(BP21=0,0,1),(BP21-BH21)/BH21) -> 0 | BY21: =IF(BI21=0,IF(BQ21=0,0,1),(BQ21-BI21)/BI21) -> 1 | BZ21: =IF(BJ21=0,IF(BR21=0,0,1),(BR21-BJ21)/BJ21) -> 0 | CA21: =IF(BK21=0,IF(BS21=0,0,1),(BS21-BK21)/BK21) -> 1 | CB21: =IF(BL21=0,IF(BT21=0,0,1),(BT21-BL21)/BL21) -> 0 | CC21: =IF(BM21=0,IF(BU21=0,0,1),(BU21-BM21)/BM21) -> 1 | CD21: =MAX(MAX(BV21:CC21),-MIN(BV21:CC21)) -> 1 | CE21: =IF(CI21="","",SUMIFS($CF$7:$CF$696,$A$7:$A$696,CI21,$B$7:$B$696,B21)) | CF21: =SUM(AU21:BE21) -> 3694494 | CG21: =A21&"|"&B21 -> 2026-04 月例|社会福祉事業団 | CH21: =IFERROR(INDEX(設定!$D$61:$D$106,MATCH(B21,設定!$B$61:$B$106,0)),"Y") -> Y | CI21: =IFERROR(INDEX(設定!$D$20:$D$34,MATCH(A21,設定!$A$20:$A$34,0))&"","")
A22: 2026-04 月例 | B22: 原爆障害対策協議会 | C22: =IF(G22="","未受領",IF(G22="なし","報告なし",IF(AH22="○","起票済",IF(OR(AG22="○",F22="一致",F22="入金不要"),"入金確認済","受領済")))) -> 入金確認済 | D22: =IF(OR(G22="",G22="なし"),"―",IF(CH22="N","対象外",IF(AND(I22="",J22="",K22=""),"標報未入力",IF(CD22>=設定!$B$4,"要確認","問題なし")))) -> 標報未入力 | E22: =IF(OR(G22="",G22="なし",CE22="",CF22=0),"―",IF(CF22=CE22,"前月同額",IF(CE22=0,"―",IF(ABS(CF22/CE22-1)>=設定!$B$5,"変動大 "&TEXT(CF22/CE22-1,"+0%;-0%"),"〇")))) -> ― | F22: =IF(OR(G22="",G22="なし"),"―",IF(CF22=0,"入金不要",IF(COUNT(Z22,AB22,AD22,AF22)=0,IF(AG22="○","手動確認","未入金"),IF(AND(N(Z22)=Y22,IF(AA22="",TRUE(),N(AB22)=AA22),IF(AC22="",TRUE(),N(AD22)=AC22),IF(AE22="",TRUE(),N(AF22)=AE22)),"一致","不一致")))) -> 手動確認 | G22: 済 | N22: 59475 | O22: 4875 | P22: 56 | R22: 36856 | T22: 5609 | V22: 816 | W22: =IFERROR(INDEX(設定!$E$61:$E$106,MATCH(B22,設定!$B$61:$B$106,0)),"合算") -> 合算 | Y22: =IF(OR(G22="",G22="なし"),"",IF(W22="合算",CF22,IF(W22="掛金・負担金別",(AU22+AV22+AZ22+BB22+BD22),SUM(AU22:AY22)))) -> 107687 | AA22: =IF(OR(G22="",G22="なし"),"",IF(W22="掛金・負担金別",(AW22+AX22+AY22+BA22+BC22+BE22),IF(W22="経理区分別",AZ22+BA22,""))) | AC22: =IF(OR(G22="",G22="なし"),"",IF(W22="経理区分別",BB22+BC22,"")) | AE22: =IF(OR(G22="",G22="なし"),"",IF(W22="経理区分別",BD22+BE22,"")) | AG22: ○ | AU22: =IF($G22="",AJ22,L22) -> 0 | AV22: =IF($G22="",AK22,M22) -> 0 | AW22: =IF($G22="",AL22,N22) -> 59475 | AX22: =IF($G22="",AM22,O22) -> 4875 | AY22: =IF($G22="",AN22,P22) -> 56 | AZ22: =IF($G22="",AO22,Q22) -> 0 | BA22: =IF($G22="",AP22,R22) -> 36856 | BB22: =IF($G22="",AQ22,S22) -> 0 | ... BE22: =IF($G22="",AT22,V22) -> 816 | BF22: =ROUNDDOWN(I22*設定!$B$10/1000,0)+ROUNDDOWN(I22*設定!$B$11/1000,0) -> 0 | BG22: =ROUNDDOWN(I22*設定!$C$10/1000,0)+ROUNDDOWN(I22*設定!$C$11/1000,0)+ROUNDDOWN(I22*設定!$C$12/1000,0) -> 0 | BH22: =ROUNDDOWN(J22*設定!$B$13/1000,0) -> 0 | BI22: =ROUNDDOWN(J22*設定!$C$13/1000,0) -> 0 | BJ22: =ROUNDDOWN(K22*設定!$B$14/1000,0) -> 0 | BK22: =ROUNDDOWN(K22*設定!$C$14/1000,0) -> 0 | BL22: =ROUNDDOWN(J22*設定!$B$15/1000,0) -> 0 | BM22: =ROUNDDOWN(J22*設定!$C$15/1000,0) -> 0 | BN22: =L22+M22 -> 0 | BO22: =N22+O22+P22 -> 64406 | BP22: =Q22 -> 0 | BQ22: =R22 -> 36856 | BR22: =S22 -> 0 | BS22: =T22 -> 5609 | BT22: =U22 -> 0 | BU22: =V22 -> 816 | BV22: =IF(BF22=0,IF(BN22=0,0,1),(BN22-BF22)/BF22) -> 0 | BW22: =IF(BG22=0,IF(BO22=0,0,1),(BO22-BG22)/BG22) -> 1 | BX22: =IF(BH22=0,IF(BP22=0,0,1),(BP22-BH22)/BH22) -> 0 | BY22: =IF(BI22=0,IF(BQ22=0,0,1),(BQ22-BI22)/BI22) -> 1 | BZ22: =IF(BJ22=0,IF(BR22=0,0,1),(BR22-BJ22)/BJ22) -> 0 | CA22: =IF(BK22=0,IF(BS22=0,0,1),(BS22-BK22)/BK22) -> 1 | CB22: =IF(BL22=0,IF(BT22=0,0,1),(BT22-BL22)/BL22) -> 0 | CC22: =IF(BM22=0,IF(BU22=0,0,1),(BU22-BM22)/BM22) -> 1 | CD22: =MAX(MAX(BV22:CC22),-MIN(BV22:CC22)) -> 1 | CE22: =IF(CI22="","",SUMIFS($CF$7:$CF$696,$A$7:$A$696,CI22,$B$7:$B$696,B22)) | CF22: =SUM(AU22:BE22) -> 107687 | CG22: =A22&"|"&B22 -> 2026-04 月例|原爆障害対策協議会 | CH22: =IFERROR(INDEX(設定!$D$61:$D$106,MATCH(B22,設定!$B$61:$B$106,0)),"Y") -> Y | CI22: =IFERROR(INDEX(設定!$D$20:$D$34,MATCH(A22,設定!$A$20:$A$34,0))&"","")
A23: 2026-04 月例 | B23: 産業振興センター | C23: =IF(G23="","未受領",IF(G23="なし","報告なし",IF(AH23="○","起票済",IF(OR(AG23="○",F23="一致",F23="入金不要"),"入金確認済","受領済")))) -> 入金確認済 | D23: =IF(OR(G23="",G23="なし"),"―",IF(CH23="N","対象外",IF(AND(I23="",J23="",K23=""),"標報未入力",IF(CD23>=設定!$B$4,"要確認","問題なし")))) -> 標報未入力 | E23: =IF(OR(G23="",G23="なし",CE23="",CF23=0),"―",IF(CF23=CE23,"前月同額",IF(CE23=0,"―",IF(ABS(CF23/CE23-1)>=設定!$B$5,"変動大 "&TEXT(CF23/CE23-1,"+0%;-0%"),"〇")))) -> ― | F23: =IF(OR(G23="",G23="なし"),"―",IF(CF23=0,"入金不要",IF(COUNT(Z23,AB23,AD23,AF23)=0,IF(AG23="○","手動確認","未入金"),IF(AND(N(Z23)=Y23,IF(AA23="",TRUE(),N(AB23)=AA23),IF(AC23="",TRUE(),N(AD23)=AC23),IF(AE23="",TRUE(),N(AF23)=AE23)),"一致","不一致")))) -> 手動確認 | G23: 済 | N23: 417240 | O23: 34200 | P23: 395 | R23: 236708 | T23: 30968 | V23: 5243 | W23: =IFERROR(INDEX(設定!$E$61:$E$106,MATCH(B23,設定!$B$61:$B$106,0)),"合算") -> 合算 | Y23: =IF(OR(G23="",G23="なし"),"",IF(W23="合算",CF23,IF(W23="掛金・負担金別",(AU23+AV23+AZ23+BB23+BD23),SUM(AU23:AY23)))) -> 724754 | AA23: =IF(OR(G23="",G23="なし"),"",IF(W23="掛金・負担金別",(AW23+AX23+AY23+BA23+BC23+BE23),IF(W23="経理区分別",AZ23+BA23,""))) | AC23: =IF(OR(G23="",G23="なし"),"",IF(W23="経理区分別",BB23+BC23,"")) | AE23: =IF(OR(G23="",G23="なし"),"",IF(W23="経理区分別",BD23+BE23,"")) | AG23: ○ | AU23: =IF($G23="",AJ23,L23) -> 0 | AV23: =IF($G23="",AK23,M23) -> 0 | AW23: =IF($G23="",AL23,N23) -> 417240 | AX23: =IF($G23="",AM23,O23) -> 34200 | AY23: =IF($G23="",AN23,P23) -> 395 | AZ23: =IF($G23="",AO23,Q23) -> 0 | BA23: =IF($G23="",AP23,R23) -> 236708 | BB23: =IF($G23="",AQ23,S23) -> 0 | ... BE23: =IF($G23="",AT23,V23) -> 5243 | BF23: =ROUNDDOWN(I23*設定!$B$10/1000,0)+ROUNDDOWN(I23*設定!$B$11/1000,0) -> 0 | BG23: =ROUNDDOWN(I23*設定!$C$10/1000,0)+ROUNDDOWN(I23*設定!$C$11/1000,0)+ROUNDDOWN(I23*設定!$C$12/1000,0) -> 0 | BH23: =ROUNDDOWN(J23*設定!$B$13/1000,0) -> 0 | BI23: =ROUNDDOWN(J23*設定!$C$13/1000,0) -> 0 | BJ23: =ROUNDDOWN(K23*設定!$B$14/1000,0) -> 0 | BK23: =ROUNDDOWN(K23*設定!$C$14/1000,0) -> 0 | BL23: =ROUNDDOWN(J23*設定!$B$15/1000,0) -> 0 | BM23: =ROUNDDOWN(J23*設定!$C$15/1000,0) -> 0 | BN23: =L23+M23 -> 0 | BO23: =N23+O23+P23 -> 451835 | BP23: =Q23 -> 0 | BQ23: =R23 -> 236708 | BR23: =S23 -> 0 | BS23: =T23 -> 30968 | BT23: =U23 -> 0 | BU23: =V23 -> 5243 | BV23: =IF(BF23=0,IF(BN23=0,0,1),(BN23-BF23)/BF23) -> 0 | BW23: =IF(BG23=0,IF(BO23=0,0,1),(BO23-BG23)/BG23) -> 1 | BX23: =IF(BH23=0,IF(BP23=0,0,1),(BP23-BH23)/BH23) -> 0 | BY23: =IF(BI23=0,IF(BQ23=0,0,1),(BQ23-BI23)/BI23) -> 1 | BZ23: =IF(BJ23=0,IF(BR23=0,0,1),(BR23-BJ23)/BJ23) -> 0 | CA23: =IF(BK23=0,IF(BS23=0,0,1),(BS23-BK23)/BK23) -> 1 | CB23: =IF(BL23=0,IF(BT23=0,0,1),(BT23-BL23)/BL23) -> 0 | CC23: =IF(BM23=0,IF(BU23=0,0,1),(BU23-BM23)/BM23) -> 1 | CD23: =MAX(MAX(BV23:CC23),-MIN(BV23:CC23)) -> 1 | CE23: =IF(CI23="","",SUMIFS($CF$7:$CF$696,$A$7:$A$696,CI23,$B$7:$B$696,B23)) | CF23: =SUM(AU23:BE23) -> 724754 | CG23: =A23&"|"&B23 -> 2026-04 月例|産業振興センター | CH23: =IFERROR(INDEX(設定!$D$61:$D$106,MATCH(B23,設定!$B$61:$B$106,0)),"Y") -> Y | CI23: =IFERROR(INDEX(設定!$D$20:$D$34,MATCH(A23,設定!$A$20:$A$34,0))&"","")
A24: 2026-04 月例 | B24: ひろしま産業振興 | C24: =IF(G24="","未受領",IF(G24="なし","報告なし",IF(AH24="○","起票済",IF(OR(AG24="○",F24="一致",F24="入金不要"),"入金確認済","受領済")))) -> 入金確認済 | D24: =IF(OR(G24="",G24="なし"),"―",IF(CH24="N","対象外",IF(AND(I24="",J24="",K24=""),"標報未入力",IF(CD24>=設定!$B$4,"要確認","問題なし")))) -> 標報未入力 | E24: =IF(OR(G24="",G24="なし",CE24="",CF24=0),"―",IF(CF24=CE24,"前月同額",IF(CE24=0,"―",IF(ABS(CF24/CE24-1)>=設定!$B$5,"変動大 "&TEXT(CF24/CE24-1,"+0%;-0%"),"〇")))) -> ― | F24: =IF(OR(G24="",G24="なし"),"―",IF(CF24=0,"入金不要",IF(COUNT(Z24,AB24,AD24,AF24)=0,IF(AG24="○","手動確認","未入金"),IF(AND(N(Z24)=Y24,IF(AA24="",TRUE(),N(AB24)=AA24),IF(AC24="",TRUE(),N(AD24)=AC24),IF(AE24="",TRUE(),N(AF24)=AE24)),"一致","不一致")))) -> 手動確認 | G24: 済 | N24: 40260 | O24: 3300 | P24: 38 | R24: 22840 | T24: 3476 | V24: 506 | W24: =IFERROR(INDEX(設定!$E$61:$E$106,MATCH(B24,設定!$B$61:$B$106,0)),"合算") -> 合算 | Y24: =IF(OR(G24="",G24="なし"),"",IF(W24="合算",CF24,IF(W24="掛金・負担金別",(AU24+AV24+AZ24+BB24+BD24),SUM(AU24:AY24)))) -> 70420 | AA24: =IF(OR(G24="",G24="なし"),"",IF(W24="掛金・負担金別",(AW24+AX24+AY24+BA24+BC24+BE24),IF(W24="経理区分別",AZ24+BA24,""))) | AC24: =IF(OR(G24="",G24="なし"),"",IF(W24="経理区分別",BB24+BC24,"")) | AE24: =IF(OR(G24="",G24="なし"),"",IF(W24="経理区分別",BD24+BE24,"")) | AG24: ○ | AU24: =IF($G24="",AJ24,L24) -> 0 | AV24: =IF($G24="",AK24,M24) -> 0 | AW24: =IF($G24="",AL24,N24) -> 40260 | AX24: =IF($G24="",AM24,O24) -> 3300 | AY24: =IF($G24="",AN24,P24) -> 38 | AZ24: =IF($G24="",AO24,Q24) -> 0 | BA24: =IF($G24="",AP24,R24) -> 22840 | BB24: =IF($G24="",AQ24,S24) -> 0 | ... BE24: =IF($G24="",AT24,V24) -> 506 | BF24: =ROUNDDOWN(I24*設定!$B$10/1000,0)+ROUNDDOWN(I24*設定!$B$11/1000,0) -> 0 | BG24: =ROUNDDOWN(I24*設定!$C$10/1000,0)+ROUNDDOWN(I24*設定!$C$11/1000,0)+ROUNDDOWN(I24*設定!$C$12/1000,0) -> 0 | BH24: =ROUNDDOWN(J24*設定!$B$13/1000,0) -> 0 | BI24: =ROUNDDOWN(J24*設定!$C$13/1000,0) -> 0 | BJ24: =ROUNDDOWN(K24*設定!$B$14/1000,0) -> 0 | BK24: =ROUNDDOWN(K24*設定!$C$14/1000,0) -> 0 | BL24: =ROUNDDOWN(J24*設定!$B$15/1000,0) -> 0 | BM24: =ROUNDDOWN(J24*設定!$C$15/1000,0) -> 0 | BN24: =L24+M24 -> 0 | BO24: =N24+O24+P24 -> 43598 | BP24: =Q24 -> 0 | BQ24: =R24 -> 22840 | BR24: =S24 -> 0 | BS24: =T24 -> 3476 | BT24: =U24 -> 0 | BU24: =V24 -> 506 | BV24: =IF(BF24=0,IF(BN24=0,0,1),(BN24-BF24)/BF24) -> 0 | BW24: =IF(BG24=0,IF(BO24=0,0,1),(BO24-BG24)/BG24) -> 1 | BX24: =IF(BH24=0,IF(BP24=0,0,1),(BP24-BH24)/BH24) -> 0 | BY24: =IF(BI24=0,IF(BQ24=0,0,1),(BQ24-BI24)/BI24) -> 1 | BZ24: =IF(BJ24=0,IF(BR24=0,0,1),(BR24-BJ24)/BJ24) -> 0 | CA24: =IF(BK24=0,IF(BS24=0,0,1),(BS24-BK24)/BK24) -> 1 | CB24: =IF(BL24=0,IF(BT24=0,0,1),(BT24-BL24)/BL24) -> 0 | CC24: =IF(BM24=0,IF(BU24=0,0,1),(BU24-BM24)/BM24) -> 1 | CD24: =MAX(MAX(BV24:CC24),-MIN(BV24:CC24)) -> 1 | CE24: =IF(CI24="","",SUMIFS($CF$7:$CF$696,$A$7:$A$696,CI24,$B$7:$B$696,B24)) | CF24: =SUM(AU24:BE24) -> 70420 | CG24: =A24&"|"&B24 -> 2026-04 月例|ひろしま産業振興 | CH24: =IFERROR(INDEX(設定!$D$61:$D$106,MATCH(B24,設定!$B$61:$B$106,0)),"Y") -> Y | CI24: =IFERROR(INDEX(設定!$D$20:$D$34,MATCH(A24,設定!$A$20:$A$34,0))&"","")
A25: 2026-04 月例 | B25: 都市整備公社 市 | C25: =IF(G25="","未受領",IF(G25="なし","報告なし",IF(AH25="○","起票済",IF(OR(AG25="○",F25="一致",F25="入金不要"),"入金確認済","受領済")))) -> 入金確認済 | D25: =IF(OR(G25="",G25="なし"),"―",IF(CH25="N","対象外",IF(AND(I25="",J25="",K25=""),"標報未入力",IF(CD25>=設定!$B$4,"要確認","問題なし")))) -> 標報未入力 | E25: =IF(OR(G25="",G25="なし",CE25="",CF25=0),"―",IF(CF25=CE25,"前月同額",IF(CE25=0,"―",IF(ABS(CF25/CE25-1)>=設定!$B$5,"変動大 "&TEXT(CF25/CE25-1,"+0%;-0%"),"〇")))) -> ― | F25: =IF(OR(G25="",G25="なし"),"―",IF(CF25=0,"入金不要",IF(COUNT(Z25,AB25,AD25,AF25)=0,IF(AG25="○","手動確認","未入金"),IF(AND(N(Z25)=Y25,IF(AA25="",TRUE(),N(AB25)=AA25),IF(AC25="",TRUE(),N(AD25)=AC25),IF(AE25="",TRUE(),N(AF25)=AE25)),"一致","不一致")))) -> 入金不要 | G25: 済 | N25: 0 | O25: 0 | P25: 0 | R25: 0 | T25: 0 | V25: 0 | W25: =IFERROR(INDEX(設定!$E$61:$E$106,MATCH(B25,設定!$B$61:$B$106,0)),"合算") -> 合算 | Y25: =IF(OR(G25="",G25="なし"),"",IF(W25="合算",CF25,IF(W25="掛金・負担金別",(AU25+AV25+AZ25+BB25+BD25),SUM(AU25:AY25)))) -> 0 | AA25: =IF(OR(G25="",G25="なし"),"",IF(W25="掛金・負担金別",(AW25+AX25+AY25+BA25+BC25+BE25),IF(W25="経理区分別",AZ25+BA25,""))) | AC25: =IF(OR(G25="",G25="なし"),"",IF(W25="経理区分別",BB25+BC25,"")) | AE25: =IF(OR(G25="",G25="なし"),"",IF(W25="経理区分別",BD25+BE25,"")) | AG25: ○ | AU25: =IF($G25="",AJ25,L25) -> 0 | AV25: =IF($G25="",AK25,M25) -> 0 | AW25: =IF($G25="",AL25,N25) -> 0 | AX25: =IF($G25="",AM25,O25) -> 0 | AY25: =IF($G25="",AN25,P25) -> 0 | AZ25: =IF($G25="",AO25,Q25) -> 0 | BA25: =IF($G25="",AP25,R25) -> 0 | BB25: =IF($G25="",AQ25,S25) -> 0 | ... BE25: =IF($G25="",AT25,V25) -> 0 | BF25: =ROUNDDOWN(I25*設定!$B$10/1000,0)+ROUNDDOWN(I25*設定!$B$11/1000,0) -> 0 | BG25: =ROUNDDOWN(I25*設定!$C$10/1000,0)+ROUNDDOWN(I25*設定!$C$11/1000,0)+ROUNDDOWN(I25*設定!$C$12/1000,0) -> 0 | BH25: =ROUNDDOWN(J25*設定!$B$13/1000,0) -> 0 | BI25: =ROUNDDOWN(J25*設定!$C$13/1000,0) -> 0 | BJ25: =ROUNDDOWN(K25*設定!$B$14/1000,0) -> 0 | BK25: =ROUNDDOWN(K25*設定!$C$14/1000,0) -> 0 | BL25: =ROUNDDOWN(J25*設定!$B$15/1000,0) -> 0 | BM25: =ROUNDDOWN(J25*設定!$C$15/1000,0) -> 0 | BN25: =L25+M25 -> 0 | BO25: =N25+O25+P25 -> 0 | BP25: =Q25 -> 0 | BQ25: =R25 -> 0 | BR25: =S25 -> 0 | BS25: =T25 -> 0 | BT25: =U25 -> 0 | BU25: =V25 -> 0 | BV25: =IF(BF25=0,IF(BN25=0,0,1),(BN25-BF25)/BF25) -> 0 | BW25: =IF(BG25=0,IF(BO25=0,0,1),(BO25-BG25)/BG25) -> 0 | BX25: =IF(BH25=0,IF(BP25=0,0,1),(BP25-BH25)/BH25) -> 0 | BY25: =IF(BI25=0,IF(BQ25=0,0,1),(BQ25-BI25)/BI25) -> 0 | BZ25: =IF(BJ25=0,IF(BR25=0,0,1),(BR25-BJ25)/BJ25) -> 0 | CA25: =IF(BK25=0,IF(BS25=0,0,1),(BS25-BK25)/BK25) -> 0 | CB25: =IF(BL25=0,IF(BT25=0,0,1),(BT25-BL25)/BL25) -> 0 | CC25: =IF(BM25=0,IF(BU25=0,0,1),(BU25-BM25)/BM25) -> 0 | CD25: =MAX(MAX(BV25:CC25),-MIN(BV25:CC25)) -> 0 | CE25: =IF(CI25="","",SUMIFS($CF$7:$CF$696,$A$7:$A$696,CI25,$B$7:$B$696,B25)) | CF25: =SUM(AU25:BE25) -> 0 | CG25: =A25&"|"&B25 -> 2026-04 月例|都市整備公社 市 | CH25: =IFERROR(INDEX(設定!$D$61:$D$106,MATCH(B25,設定!$B$61:$B$106,0)),"Y") -> Y | CI25: =IFERROR(INDEX(設定!$D$20:$D$34,MATCH(A25,設定!$A$20:$A$34,0))&"","")
A26: 2026-04 月例 | B26: 都市整備公社 消防 | C26: =IF(G26="","未受領",IF(G26="なし","報告なし",IF(AH26="○","起票済",IF(OR(AG26="○",F26="一致",F26="入金不要"),"入金確認済","受領済")))) -> 入金確認済 | D26: =IF(OR(G26="",G26="なし"),"―",IF(CH26="N","対象外",IF(AND(I26="",J26="",K26=""),"標報未入力",IF(CD26>=設定!$B$4,"要確認","問題なし")))) -> 標報未入力 | E26: =IF(OR(G26="",G26="なし",CE26="",CF26=0),"―",IF(CF26=CE26,"前月同額",IF(CE26=0,"―",IF(ABS(CF26/CE26-1)>=設定!$B$5,"変動大 "&TEXT(CF26/CE26-1,"+0%;-0%"),"〇")))) -> ― | F26: =IF(OR(G26="",G26="なし"),"―",IF(CF26=0,"入金不要",IF(COUNT(Z26,AB26,AD26,AF26)=0,IF(AG26="○","手動確認","未入金"),IF(AND(N(Z26)=Y26,IF(AA26="",TRUE(),N(AB26)=AA26),IF(AC26="",TRUE(),N(AD26)=AC26),IF(AE26="",TRUE(),N(AF26)=AE26)),"一致","不一致")))) -> 手動確認 | G26: 済 | N26: 193065 | O26: 15825 | P26: 183 | R26: 109530 | T26: 12956 | V26: 2426 | W26: =IFERROR(INDEX(設定!$E$61:$E$106,MATCH(B26,設定!$B$61:$B$106,0)),"合算") -> 合算 | Y26: =IF(OR(G26="",G26="なし"),"",IF(W26="合算",CF26,IF(W26="掛金・負担金別",(AU26+AV26+AZ26+BB26+BD26),SUM(AU26:AY26)))) -> 333985 | AA26: =IF(OR(G26="",G26="なし"),"",IF(W26="掛金・負担金別",(AW26+AX26+AY26+BA26+BC26+BE26),IF(W26="経理区分別",AZ26+BA26,""))) | AC26: =IF(OR(G26="",G26="なし"),"",IF(W26="経理区分別",BB26+BC26,"")) | AE26: =IF(OR(G26="",G26="なし"),"",IF(W26="経理区分別",BD26+BE26,"")) | AG26: ○ | AU26: =IF($G26="",AJ26,L26) -> 0 | AV26: =IF($G26="",AK26,M26) -> 0 | AW26: =IF($G26="",AL26,N26) -> 193065 | AX26: =IF($G26="",AM26,O26) -> 15825 | AY26: =IF($G26="",AN26,P26) -> 183 | AZ26: =IF($G26="",AO26,Q26) -> 0 | BA26: =IF($G26="",AP26,R26) -> 109530 | BB26: =IF($G26="",AQ26,S26) -> 0 | ... BE26: =IF($G26="",AT26,V26) -> 2426 | BF26: =ROUNDDOWN(I26*設定!$B$10/1000,0)+ROUNDDOWN(I26*設定!$B$11/1000,0) -> 0 | BG26: =ROUNDDOWN(I26*設定!$C$10/1000,0)+ROUNDDOWN(I26*設定!$C$11/1000,0)+ROUNDDOWN(I26*設定!$C$12/1000,0) -> 0 | BH26: =ROUNDDOWN(J26*設定!$B$13/1000,0) -> 0 | BI26: =ROUNDDOWN(J26*設定!$C$13/1000,0) -> 0 | BJ26: =ROUNDDOWN(K26*設定!$B$14/1000,0) -> 0 | BK26: =ROUNDDOWN(K26*設定!$C$14/1000,0) -> 0 | BL26: =ROUNDDOWN(J26*設定!$B$15/1000,0) -> 0 | BM26: =ROUNDDOWN(J26*設定!$C$15/1000,0) -> 0 | BN26: =L26+M26 -> 0 | BO26: =N26+O26+P26 -> 209073 | BP26: =Q26 -> 0 | BQ26: =R26 -> 109530 | BR26: =S26 -> 0 | BS26: =T26 -> 12956 | BT26: =U26 -> 0 | BU26: =V26 -> 2426 | BV26: =IF(BF26=0,IF(BN26=0,0,1),(BN26-BF26)/BF26) -> 0 | BW26: =IF(BG26=0,IF(BO26=0,0,1),(BO26-BG26)/BG26) -> 1 | BX26: =IF(BH26=0,IF(BP26=0,0,1),(BP26-BH26)/BH26) -> 0 | BY26: =IF(BI26=0,IF(BQ26=0,0,1),(BQ26-BI26)/BI26) -> 1 | BZ26: =IF(BJ26=0,IF(BR26=0,0,1),(BR26-BJ26)/BJ26) -> 0 | CA26: =IF(BK26=0,IF(BS26=0,0,1),(BS26-BK26)/BK26) -> 1 | CB26: =IF(BL26=0,IF(BT26=0,0,1),(BT26-BL26)/BL26) -> 0 | CC26: =IF(BM26=0,IF(BU26=0,0,1),(BU26-BM26)/BM26) -> 1 | CD26: =MAX(MAX(BV26:CC26),-MIN(BV26:CC26)) -> 1 | CE26: =IF(CI26="","",SUMIFS($CF$7:$CF$696,$A$7:$A$696,CI26,$B$7:$B$696,B26)) | CF26: =SUM(AU26:BE26) -> 333985 | CG26: =A26&"|"&B26 -> 2026-04 月例|都市整備公社 消防 | CH26: =IFERROR(INDEX(設定!$D$61:$D$106,MATCH(B26,設定!$B$61:$B$106,0)),"Y") -> Y | CI26: =IFERROR(INDEX(設定!$D$20:$D$34,MATCH(A26,設定!$A$20:$A$34,0))&"","")
A27: 2026-04 月例 | B27: 日本下水道事業団 | C27: =IF(G27="","未受領",IF(G27="なし","報告なし",IF(AH27="○","起票済",IF(OR(AG27="○",F27="一致",F27="入金不要"),"入金確認済","受領済")))) -> 入金確認済 | D27: =IF(OR(G27="",G27="なし"),"―",IF(CH27="N","対象外",IF(AND(I27="",J27="",K27=""),"標報未入力",IF(CD27>=設定!$B$4,"要確認","問題なし")))) -> 標報未入力 | E27: =IF(OR(G27="",G27="なし",CE27="",CF27=0),"―",IF(CF27=CE27,"前月同額",IF(CE27=0,"―",IF(ABS(CF27/CE27-1)>=設定!$B$5,"変動大 "&TEXT(CF27/CE27-1,"+0%;-0%"),"〇")))) -> ― | F27: =IF(OR(G27="",G27="なし"),"―",IF(CF27=0,"入金不要",IF(COUNT(Z27,AB27,AD27,AF27)=0,IF(AG27="○","手動確認","未入金"),IF(AND(N(Z27)=Y27,IF(AA27="",TRUE(),N(AB27)=AA27),IF(AC27="",TRUE(),N(AD27)=AC27),IF(AE27="",TRUE(),N(AF27)=AE27)),"一致","不一致")))) -> 手動確認 | G27: 済 | L27: 235155 | M27: 19275 | N27: 235155 | O27: 19275 | P27: 223 | Q27: 134834 | R27: 134966 | S27: 10270 | T27: 10270 | U27: 2989 | V27: 2990 | W27: =IFERROR(INDEX(設定!$E$61:$E$106,MATCH(B27,設定!$B$61:$B$106,0)),"合算") -> 合算 | Y27: =IF(OR(G27="",G27="なし"),"",IF(W27="合算",CF27,IF(W27="掛金・負担金別",(AU27+AV27+AZ27+BB27+BD27),SUM(AU27:AY27)))) -> 805402 | AA27: =IF(OR(G27="",G27="なし"),"",IF(W27="掛金・負担金別",(AW27+AX27+AY27+BA27+BC27+BE27),IF(W27="経理区分別",AZ27+BA27,""))) | AC27: =IF(OR(G27="",G27="なし"),"",IF(W27="経理区分別",BB27+BC27,"")) | AE27: =IF(OR(G27="",G27="なし"),"",IF(W27="経理区分別",BD27+BE27,"")) | AG27: ○ | AU27: =IF($G27="",AJ27,L27) -> 235155 | AV27: =IF($G27="",AK27,M27) -> 19275 | AW27: =IF($G27="",AL27,N27) -> 235155 | AX27: =IF($G27="",AM27,O27) -> 19275 | AY27: =IF($G27="",AN27,P27) -> 223 | AZ27: =IF($G27="",AO27,Q27) -> 134834 | BA27: =IF($G27="",AP27,R27) -> 134966 | BB27: =IF($G27="",AQ27,S27) -> 10270 | ... BE27: =IF($G27="",AT27,V27) -> 2990 | BF27: =ROUNDDOWN(I27*設定!$B$10/1000,0)+ROUNDDOWN(I27*設定!$B$11/1000,0) -> 0 | BG27: =ROUNDDOWN(I27*設定!$C$10/1000,0)+ROUNDDOWN(I27*設定!$C$11/1000,0)+ROUNDDOWN(I27*設定!$C$12/1000,0) -> 0 | BH27: =ROUNDDOWN(J27*設定!$B$13/1000,0) -> 0 | BI27: =ROUNDDOWN(J27*設定!$C$13/1000,0) -> 0 | BJ27: =ROUNDDOWN(K27*設定!$B$14/1000,0) -> 0 | BK27: =ROUNDDOWN(K27*設定!$C$14/1000,0) -> 0 | BL27: =ROUNDDOWN(J27*設定!$B$15/1000,0) -> 0 | BM27: =ROUNDDOWN(J27*設定!$C$15/1000,0) -> 0 | BN27: =L27+M27 -> 254430 | BO27: =N27+O27+P27 -> 254653 | BP27: =Q27 -> 134834 | BQ27: =R27 -> 134966 | BR27: =S27 -> 10270 | BS27: =T27 -> 10270 | BT27: =U27 -> 2989 | BU27: =V27 -> 2990 | BV27: =IF(BF27=0,IF(BN27=0,0,1),(BN27-BF27)/BF27) -> 1 | BW27: =IF(BG27=0,IF(BO27=0,0,1),(BO27-BG27)/BG27) -> 1 | BX27: =IF(BH27=0,IF(BP27=0,0,1),(BP27-BH27)/BH27) -> 1 | BY27: =IF(BI27=0,IF(BQ27=0,0,1),(BQ27-BI27)/BI27) -> 1 | BZ27: =IF(BJ27=0,IF(BR27=0,0,1),(BR27-BJ27)/BJ27) -> 1 | CA27: =IF(BK27=0,IF(BS27=0,0,1),(BS27-BK27)/BK27) -> 1 | CB27: =IF(BL27=0,IF(BT27=0,0,1),(BT27-BL27)/BL27) -> 1 | CC27: =IF(BM27=0,IF(BU27=0,0,1),(BU27-BM27)/BM27) -> 1 | CD27: =MAX(MAX(BV27:CC27),-MIN(BV27:CC27)) -> 1 | CE27: =IF(CI27="","",SUMIFS($CF$7:$CF$696,$A$7:$A$696,CI27,$B$7:$B$696,B27)) | CF27: =SUM(AU27:BE27) -> 805402 | CG27: =A27&"|"&B27 -> 2026-04 月例|日本下水道事業団 | CH27: =IFERROR(INDEX(設定!$D$61:$D$106,MATCH(B27,設定!$B$61:$B$106,0)),"Y") -> Y | CI27: =IFERROR(INDEX(設定!$D$20:$D$34,MATCH(A27,設定!$A$20:$A$34,0))&"","")
A28: 2026-04 月例 | B28: 地方公務員災害補償基金本部 | C28: =IF(G28="","未受領",IF(G28="なし","報告なし",IF(AH28="○","起票済",IF(OR(AG28="○",F28="一致",F28="入金不要"),"入金確認済","受領済")))) -> 入金確認済 | D28: =IF(OR(G28="",G28="なし"),"―",IF(CH28="N","対象外",IF(AND(I28="",J28="",K28=""),"標報未入力",IF(CD28>=設定!$B$4,"要確認","問題なし")))) -> 標報未入力 | E28: =IF(OR(G28="",G28="なし",CE28="",CF28=0),"―",IF(CF28=CE28,"前月同額",IF(CE28=0,"―",IF(ABS(CF28/CE28-1)>=設定!$B$5,"変動大 "&TEXT(CF28/CE28-1,"+0%;-0%"),"〇")))) -> ― | F28: =IF(OR(G28="",G28="なし"),"―",IF(CF28=0,"入金不要",IF(COUNT(Z28,AB28,AD28,AF28)=0,IF(AG28="○","手動確認","未入金"),IF(AND(N(Z28)=Y28,IF(AA28="",TRUE(),N(AB28)=AA28),IF(AC28="",TRUE(),N(AD28)=AC28),IF(AE28="",TRUE(),N(AF28)=AE28)),"一致","不一致")))) -> 手動確認 | G28: 済 | L28: 40260 | M28: 3300 | N28: 40260 | O28: 3300 | P28: 38 | Q28: 22818 | R28: 22840 | S28: 0 | T28: 0 | U28: 506 | V28: 506 | W28: =IFERROR(INDEX(設定!$E$61:$E$106,MATCH(B28,設定!$B$61:$B$106,0)),"合算") -> 合算 | Y28: =IF(OR(G28="",G28="なし"),"",IF(W28="合算",CF28,IF(W28="掛金・負担金別",(AU28+AV28+AZ28+BB28+BD28),SUM(AU28:AY28)))) -> 133828 | AA28: =IF(OR(G28="",G28="なし"),"",IF(W28="掛金・負担金別",(AW28+AX28+AY28+BA28+BC28+BE28),IF(W28="経理区分別",AZ28+BA28,""))) | AC28: =IF(OR(G28="",G28="なし"),"",IF(W28="経理区分別",BB28+BC28,"")) | AE28: =IF(OR(G28="",G28="なし"),"",IF(W28="経理区分別",BD28+BE28,"")) | AG28: ○ | AU28: =IF($G28="",AJ28,L28) -> 40260 | AV28: =IF($G28="",AK28,M28) -> 3300 | AW28: =IF($G28="",AL28,N28) -> 40260 | AX28: =IF($G28="",AM28,O28) -> 3300 | AY28: =IF($G28="",AN28,P28) -> 38 | AZ28: =IF($G28="",AO28,Q28) -> 22818 | BA28: =IF($G28="",AP28,R28) -> 22840 | BB28: =IF($G28="",AQ28,S28) -> 0 | ... BE28: =IF($G28="",AT28,V28) -> 506 | BF28: =ROUNDDOWN(I28*設定!$B$10/1000,0)+ROUNDDOWN(I28*設定!$B$11/1000,0) -> 0 | BG28: =ROUNDDOWN(I28*設定!$C$10/1000,0)+ROUNDDOWN(I28*設定!$C$11/1000,0)+ROUNDDOWN(I28*設定!$C$12/1000,0) -> 0 | BH28: =ROUNDDOWN(J28*設定!$B$13/1000,0) -> 0 | BI28: =ROUNDDOWN(J28*設定!$C$13/1000,0) -> 0 | BJ28: =ROUNDDOWN(K28*設定!$B$14/1000,0) -> 0 | BK28: =ROUNDDOWN(K28*設定!$C$14/1000,0) -> 0 | BL28: =ROUNDDOWN(J28*設定!$B$15/1000,0) -> 0 | BM28: =ROUNDDOWN(J28*設定!$C$15/1000,0) -> 0 | BN28: =L28+M28 -> 43560 | BO28: =N28+O28+P28 -> 43598 | BP28: =Q28 -> 22818 | BQ28: =R28 -> 22840 | BR28: =S28 -> 0 | BS28: =T28 -> 0 | BT28: =U28 -> 506 | BU28: =V28 -> 506 | BV28: =IF(BF28=0,IF(BN28=0,0,1),(BN28-BF28)/BF28) -> 1 | BW28: =IF(BG28=0,IF(BO28=0,0,1),(BO28-BG28)/BG28) -> 1 | BX28: =IF(BH28=0,IF(BP28=0,0,1),(BP28-BH28)/BH28) -> 1 | BY28: =IF(BI28=0,IF(BQ28=0,0,1),(BQ28-BI28)/BI28) -> 1 | BZ28: =IF(BJ28=0,IF(BR28=0,0,1),(BR28-BJ28)/BJ28) -> 0 | CA28: =IF(BK28=0,IF(BS28=0,0,1),(BS28-BK28)/BK28) -> 0 | CB28: =IF(BL28=0,IF(BT28=0,0,1),(BT28-BL28)/BL28) -> 1 | CC28: =IF(BM28=0,IF(BU28=0,0,1),(BU28-BM28)/BM28) -> 1 | CD28: =MAX(MAX(BV28:CC28),-MIN(BV28:CC28)) -> 1 | CE28: =IF(CI28="","",SUMIFS($CF$7:$CF$696,$A$7:$A$696,CI28,$B$7:$B$696,B28)) | CF28: =SUM(AU28:BE28) -> 133828 | CG28: =A28&"|"&B28 -> 2026-04 月例|地方公務員災害補償基金本部 | CH28: =IFERROR(INDEX(設定!$D$61:$D$106,MATCH(B28,設定!$B$61:$B$106,0)),"Y") -> Y | CI28: =IFERROR(INDEX(設定!$D$20:$D$34,MATCH(A28,設定!$A$20:$A$34,0))&"","")
A29: 2026-04 月例 | B29: 救急振興財団 | C29: =IF(G29="","未受領",IF(G29="なし","報告なし",IF(AH29="○","起票済",IF(OR(AG29="○",F29="一致",F29="入金不要"),"入金確認済","受領済")))) -> 入金確認済 | D29: =IF(OR(G29="",G29="なし"),"―",IF(CH29="N","対象外",IF(AND(I29="",J29="",K29=""),"標報未入力",IF(CD29>=設定!$B$4,"要確認","問題なし")))) -> 標報未入力 | E29: =IF(OR(G29="",G29="なし",CE29="",CF29=0),"―",IF(CF29=CE29,"前月同額",IF(CE29=0,"―",IF(ABS(CF29/CE29-1)>=設定!$B$5,"変動大 "&TEXT(CF29/CE29-1,"+0%;-0%"),"〇")))) -> ― | F29: =IF(OR(G29="",G29="なし"),"―",IF(CF29=0,"入金不要",IF(COUNT(Z29,AB29,AD29,AF29)=0,IF(AG29="○","手動確認","未入金"),IF(AND(N(Z29)=Y29,IF(AA29="",TRUE(),N(AB29)=AA29),IF(AC29="",TRUE(),N(AD29)=AC29),IF(AE29="",TRUE(),N(AF29)=AE29)),"一致","不一致")))) -> 手動確認 | G29: 済 | L29: 107970 | M29: 8850 | N29: 107970 | O29: 8850 | P29: 102 | Q29: 61194 | R29: 61253 | S29: 9322 | T29: 9322 | U29: 1356 | V29: 1357 | W29: =IFERROR(INDEX(設定!$E$61:$E$106,MATCH(B29,設定!$B$61:$B$106,0)),"合算") -> 合算 | Y29: =IF(OR(G29="",G29="なし"),"",IF(W29="合算",CF29,IF(W29="掛金・負担金別",(AU29+AV29+AZ29+BB29+BD29),SUM(AU29:AY29)))) -> 377546 | AA29: =IF(OR(G29="",G29="なし"),"",IF(W29="掛金・負担金別",(AW29+AX29+AY29+BA29+BC29+BE29),IF(W29="経理区分別",AZ29+BA29,""))) | AC29: =IF(OR(G29="",G29="なし"),"",IF(W29="経理区分別",BB29+BC29,"")) | AE29: =IF(OR(G29="",G29="なし"),"",IF(W29="経理区分別",BD29+BE29,"")) | AG29: ○ | AU29: =IF($G29="",AJ29,L29) -> 107970 | AV29: =IF($G29="",AK29,M29) -> 8850 | AW29: =IF($G29="",AL29,N29) -> 107970 | AX29: =IF($G29="",AM29,O29) -> 8850 | AY29: =IF($G29="",AN29,P29) -> 102 | AZ29: =IF($G29="",AO29,Q29) -> 61194 | BA29: =IF($G29="",AP29,R29) -> 61253 | BB29: =IF($G29="",AQ29,S29) -> 9322 | ... BE29: =IF($G29="",AT29,V29) -> 1357 | BF29: =ROUNDDOWN(I29*設定!$B$10/1000,0)+ROUNDDOWN(I29*設定!$B$11/1000,0) -> 0 | BG29: =ROUNDDOWN(I29*設定!$C$10/1000,0)+ROUNDDOWN(I29*設定!$C$11/1000,0)+ROUNDDOWN(I29*設定!$C$12/1000,0) -> 0 | BH29: =ROUNDDOWN(J29*設定!$B$13/1000,0) -> 0 | BI29: =ROUNDDOWN(J29*設定!$C$13/1000,0) -> 0 | BJ29: =ROUNDDOWN(K29*設定!$B$14/1000,0) -> 0 | BK29: =ROUNDDOWN(K29*設定!$C$14/1000,0) -> 0 | BL29: =ROUNDDOWN(J29*設定!$B$15/1000,0) -> 0 | BM29: =ROUNDDOWN(J29*設定!$C$15/1000,0) -> 0 | BN29: =L29+M29 -> 116820 | BO29: =N29+O29+P29 -> 116922 | BP29: =Q29 -> 61194 | BQ29: =R29 -> 61253 | BR29: =S29 -> 9322 | BS29: =T29 -> 9322 | BT29: =U29 -> 1356 | BU29: =V29 -> 1357 | BV29: =IF(BF29=0,IF(BN29=0,0,1),(BN29-BF29)/BF29) -> 1 | BW29: =IF(BG29=0,IF(BO29=0,0,1),(BO29-BG29)/BG29) -> 1 | BX29: =IF(BH29=0,IF(BP29=0,0,1),(BP29-BH29)/BH29) -> 1 | BY29: =IF(BI29=0,IF(BQ29=0,0,1),(BQ29-BI29)/BI29) -> 1 | BZ29: =IF(BJ29=0,IF(BR29=0,0,1),(BR29-BJ29)/BJ29) -> 1 | CA29: =IF(BK29=0,IF(BS29=0,0,1),(BS29-BK29)/BK29) -> 1 | CB29: =IF(BL29=0,IF(BT29=0,0,1),(BT29-BL29)/BL29) -> 1 | CC29: =IF(BM29=0,IF(BU29=0,0,1),(BU29-BM29)/BM29) -> 1 | CD29: =MAX(MAX(BV29:CC29),-MIN(BV29:CC29)) -> 1 | CE29: =IF(CI29="","",SUMIFS($CF$7:$CF$696,$A$7:$A$696,CI29,$B$7:$B$696,B29)) | CF29: =SUM(AU29:BE29) -> 377546 | CG29: =A29&"|"&B29 -> 2026-04 月例|救急振興財団 | CH29: =IFERROR(INDEX(設定!$D$61:$D$106,MATCH(B29,設定!$B$61:$B$106,0)),"Y") -> Y | CI29: =IFERROR(INDEX(設定!$D$20:$D$34,MATCH(A29,設定!$A$20:$A$34,0))&"","")
A30: 2026-04 月例 | B30: 高速道路公社 | C30: =IF(G30="","未受領",IF(G30="なし","報告なし",IF(AH30="○","起票済",IF(OR(AG30="○",F30="一致",F30="入金不要"),"入金確認済","受領済")))) -> 入金確認済 | D30: =IF(OR(G30="",G30="なし"),"―",IF(CH30="N","対象外",IF(AND(I30="",J30="",K30=""),"標報未入力",IF(CD30>=設定!$B$4,"要確認","問題なし")))) -> 標報未入力 | E30: =IF(OR(G30="",G30="なし",CE30="",CF30=0),"―",IF(CF30=CE30,"前月同額",IF(CE30=0,"―",IF(ABS(CF30/CE30-1)>=設定!$B$5,"変動大 "&TEXT(CF30/CE30-1,"+0%;-0%"),"〇")))) -> ― | F30: =IF(OR(G30="",G30="なし"),"―",IF(CF30=0,"入金不要",IF(COUNT(Z30,AB30,AD30,AF30)=0,IF(AG30="○","手動確認","未入金"),IF(AND(N(Z30)=Y30,IF(AA30="",TRUE(),N(AB30)=AA30),IF(AC30="",TRUE(),N(AD30)=AC30),IF(AE30="",TRUE(),N(AF30)=AE30)),"一致","不一致")))) -> 手動確認 | G30: 済 | L30: 784155 | M30: 64275 | N30: 784155 | O30: 64275 | P30: 804 | Q30: 444434 | R30: 444868 | S30: 39342 | T30: 39342 | U30: 9851 | V30: 9855 | W30: =IFERROR(INDEX(設定!$E$61:$E$106,MATCH(B30,設定!$B$61:$B$106,0)),"合算") -> 合算 | Y30: =IF(OR(G30="",G30="なし"),"",IF(W30="合算",CF30,IF(W30="掛金・負担金別",(AU30+AV30+AZ30+BB30+BD30),SUM(AU30:AY30)))) -> 2685356 | AA30: =IF(OR(G30="",G30="なし"),"",IF(W30="掛金・負担金別",(AW30+AX30+AY30+BA30+BC30+BE30),IF(W30="経理区分別",AZ30+BA30,""))) | AC30: =IF(OR(G30="",G30="なし"),"",IF(W30="経理区分別",BB30+BC30,"")) | AE30: =IF(OR(G30="",G30="なし"),"",IF(W30="経理区分別",BD30+BE30,"")) | AG30: ○ | AU30: =IF($G30="",AJ30,L30) -> 784155 | AV30: =IF($G30="",AK30,M30) -> 64275 | AW30: =IF($G30="",AL30,N30) -> 784155 | AX30: =IF($G30="",AM30,O30) -> 64275 | AY30: =IF($G30="",AN30,P30) -> 804 | AZ30: =IF($G30="",AO30,Q30) -> 444434 | BA30: =IF($G30="",AP30,R30) -> 444868 | BB30: =IF($G30="",AQ30,S30) -> 39342 | ... BE30: =IF($G30="",AT30,V30) -> 9855 | BF30: =ROUNDDOWN(I30*設定!$B$10/1000,0)+ROUNDDOWN(I30*設定!$B$11/1000,0) -> 0 | BG30: =ROUNDDOWN(I30*設定!$C$10/1000,0)+ROUNDDOWN(I30*設定!$C$11/1000,0)+ROUNDDOWN(I30*設定!$C$12/1000,0) -> 0 | BH30: =ROUNDDOWN(J30*設定!$B$13/1000,0) -> 0 | BI30: =ROUNDDOWN(J30*設定!$C$13/1000,0) -> 0 | BJ30: =ROUNDDOWN(K30*設定!$B$14/1000,0) -> 0 | BK30: =ROUNDDOWN(K30*設定!$C$14/1000,0) -> 0 | BL30: =ROUNDDOWN(J30*設定!$B$15/1000,0) -> 0 | BM30: =ROUNDDOWN(J30*設定!$C$15/1000,0) -> 0 | BN30: =L30+M30 -> 848430 | BO30: =N30+O30+P30 -> 849234 | BP30: =Q30 -> 444434 | BQ30: =R30 -> 444868 | BR30: =S30 -> 39342 | BS30: =T30 -> 39342 | BT30: =U30 -> 9851 | BU30: =V30 -> 9855 | BV30: =IF(BF30=0,IF(BN30=0,0,1),(BN30-BF30)/BF30) -> 1 | BW30: =IF(BG30=0,IF(BO30=0,0,1),(BO30-BG30)/BG30) -> 1 | BX30: =IF(BH30=0,IF(BP30=0,0,1),(BP30-BH30)/BH30) -> 1 | BY30: =IF(BI30=0,IF(BQ30=0,0,1),(BQ30-BI30)/BI30) -> 1 | BZ30: =IF(BJ30=0,IF(BR30=0,0,1),(BR30-BJ30)/BJ30) -> 1 | CA30: =IF(BK30=0,IF(BS30=0,0,1),(BS30-BK30)/BK30) -> 1 | CB30: =IF(BL30=0,IF(BT30=0,0,1),(BT30-BL30)/BL30) -> 1 | CC30: =IF(BM30=0,IF(BU30=0,0,1),(BU30-BM30)/BM30) -> 1 | CD30: =MAX(MAX(BV30:CC30),-MIN(BV30:CC30)) -> 1 | CE30: =IF(CI30="","",SUMIFS($CF$7:$CF$696,$A$7:$A$696,CI30,$B$7:$B$696,B30)) | CF30: =SUM(AU30:BE30) -> 2685356 | CG30: =A30&"|"&B30 -> 2026-04 月例|高速道路公社 | CH30: =IFERROR(INDEX(設定!$D$61:$D$106,MATCH(B30,設定!$B$61:$B$106,0)),"Y") -> Y | CI30: =IFERROR(INDEX(設定!$D$20:$D$34,MATCH(A30,設定!$A$20:$A$34,0))&"","")
A31: 2026-04 月例 | B31: 農林水産振興センタ | C31: =IF(G31="","未受領",IF(G31="なし","報告なし",IF(AH31="○","起票済",IF(OR(AG31="○",F31="一致",F31="入金不要"),"入金確認済","受領済")))) -> 入金確認済 | D31: =IF(OR(G31="",G31="なし"),"―",IF(CH31="N","対象外",IF(AND(I31="",J31="",K31=""),"標報未入力",IF(CD31>=設定!$B$4,"要確認","問題なし")))) -> 標報未入力 | E31: =IF(OR(G31="",G31="なし",CE31="",CF31=0),"―",IF(CF31=CE31,"前月同額",IF(CE31=0,"―",IF(ABS(CF31/CE31-1)>=設定!$B$5,"変動大 "&TEXT(CF31/CE31-1,"+0%;-0%"),"〇")))) -> ― | F31: =IF(OR(G31="",G31="なし"),"―",IF(CF31=0,"入金不要",IF(COUNT(Z31,AB31,AD31,AF31)=0,IF(AG31="○","手動確認","未入金"),IF(AND(N(Z31)=Y31,IF(AA31="",TRUE(),N(AB31)=AA31),IF(AC31="",TRUE(),N(AD31)=AC31),IF(AE31="",TRUE(),N(AF31)=AE31)),"一致","不一致")))) -> 手動確認 | G31: 済 | N31: 602070 | O31: 49350 | P31: 598 | R31: 341582 | T31: 28203 | V31: 7565 | W31: =IFERROR(INDEX(設定!$E$61:$E$106,MATCH(B31,設定!$B$61:$B$106,0)),"合算") -> 合算 | Y31: =IF(OR(G31="",G31="なし"),"",IF(W31="合算",CF31,IF(W31="掛金・負担金別",(AU31+AV31+AZ31+BB31+BD31),SUM(AU31:AY31)))) -> 1029368 | AA31: =IF(OR(G31="",G31="なし"),"",IF(W31="掛金・負担金別",(AW31+AX31+AY31+BA31+BC31+BE31),IF(W31="経理区分別",AZ31+BA31,""))) | AC31: =IF(OR(G31="",G31="なし"),"",IF(W31="経理区分別",BB31+BC31,"")) | AE31: =IF(OR(G31="",G31="なし"),"",IF(W31="経理区分別",BD31+BE31,"")) | AG31: ○ | AU31: =IF($G31="",AJ31,L31) -> 0 | AV31: =IF($G31="",AK31,M31) -> 0 | AW31: =IF($G31="",AL31,N31) -> 602070 | AX31: =IF($G31="",AM31,O31) -> 49350 | AY31: =IF($G31="",AN31,P31) -> 598 | AZ31: =IF($G31="",AO31,Q31) -> 0 | BA31: =IF($G31="",AP31,R31) -> 341582 | BB31: =IF($G31="",AQ31,S31) -> 0 | ... BE31: =IF($G31="",AT31,V31) -> 7565 | BF31: =ROUNDDOWN(I31*設定!$B$10/1000,0)+ROUNDDOWN(I31*設定!$B$11/1000,0) -> 0 | BG31: =ROUNDDOWN(I31*設定!$C$10/1000,0)+ROUNDDOWN(I31*設定!$C$11/1000,0)+ROUNDDOWN(I31*設定!$C$12/1000,0) -> 0 | BH31: =ROUNDDOWN(J31*設定!$B$13/1000,0) -> 0 | BI31: =ROUNDDOWN(J31*設定!$C$13/1000,0) -> 0 | BJ31: =ROUNDDOWN(K31*設定!$B$14/1000,0) -> 0 | BK31: =ROUNDDOWN(K31*設定!$C$14/1000,0) -> 0 | BL31: =ROUNDDOWN(J31*設定!$B$15/1000,0) -> 0 | BM31: =ROUNDDOWN(J31*設定!$C$15/1000,0) -> 0 | BN31: =L31+M31 -> 0 | BO31: =N31+O31+P31 -> 652018 | BP31: =Q31 -> 0 | BQ31: =R31 -> 341582 | BR31: =S31 -> 0 | BS31: =T31 -> 28203 | BT31: =U31 -> 0 | BU31: =V31 -> 7565 | BV31: =IF(BF31=0,IF(BN31=0,0,1),(BN31-BF31)/BF31) -> 0 | BW31: =IF(BG31=0,IF(BO31=0,0,1),(BO31-BG31)/BG31) -> 1 | BX31: =IF(BH31=0,IF(BP31=0,0,1),(BP31-BH31)/BH31) -> 0 | BY31: =IF(BI31=0,IF(BQ31=0,0,1),(BQ31-BI31)/BI31) -> 1 | BZ31: =IF(BJ31=0,IF(BR31=0,0,1),(BR31-BJ31)/BJ31) -> 0 | CA31: =IF(BK31=0,IF(BS31=0,0,1),(BS31-BK31)/BK31) -> 1 | CB31: =IF(BL31=0,IF(BT31=0,0,1),(BT31-BL31)/BL31) -> 0 | CC31: =IF(BM31=0,IF(BU31=0,0,1),(BU31-BM31)/BM31) -> 1 | CD31: =MAX(MAX(BV31:CC31),-MIN(BV31:CC31)) -> 1 | CE31: =IF(CI31="","",SUMIFS($CF$7:$CF$696,$A$7:$A$696,CI31,$B$7:$B$696,B31)) | CF31: =SUM(AU31:BE31) -> 1029368 | CG31: =A31&"|"&B31 -> 2026-04 月例|農林水産振興センタ | CH31: =IFERROR(INDEX(設定!$D$61:$D$106,MATCH(B31,設定!$B$61:$B$106,0)),"Y") -> Y | CI31: =IFERROR(INDEX(設定!$D$20:$D$34,MATCH(A31,設定!$A$20:$A$34,0))&"","")
A32: 2026-04 月例 | B32: 文化財団 市長部局 | C32: =IF(G32="","未受領",IF(G32="なし","報告なし",IF(AH32="○","起票済",IF(OR(AG32="○",F32="一致",F32="入金不要"),"入金確認済","受領済")))) -> 入金確認済 | D32: =IF(OR(G32="",G32="なし"),"―",IF(CH32="N","対象外",IF(AND(I32="",J32="",K32=""),"標報未入力",IF(CD32>=設定!$B$4,"要確認","問題なし")))) -> 標報未入力 | E32: =IF(OR(G32="",G32="なし",CE32="",CF32=0),"―",IF(CF32=CE32,"前月同額",IF(CE32=0,"―",IF(ABS(CF32/CE32-1)>=設定!$B$5,"変動大 "&TEXT(CF32/CE32-1,"+0%;-0%"),"〇")))) -> ― | F32: =IF(OR(G32="",G32="なし"),"―",IF(CF32=0,"入金不要",IF(COUNT(Z32,AB32,AD32,AF32)=0,IF(AG32="○","手動確認","未入金"),IF(AND(N(Z32)=Y32,IF(AA32="",TRUE(),N(AB32)=AA32),IF(AC32="",TRUE(),N(AD32)=AC32),IF(AE32="",TRUE(),N(AF32)=AE32)),"一致","不一致")))) -> 手動確認 | G32: 済 | N32: 1056825 | O32: 86625 | P32: 1000 | R32: 602672 | T32: 86347 | V32: 13350 | W32: =IFERROR(INDEX(設定!$E$61:$E$106,MATCH(B32,設定!$B$61:$B$106,0)),"合算") -> 合算 | Y32: =IF(OR(G32="",G32="なし"),"",IF(W32="合算",CF32,IF(W32="掛金・負担金別",(AU32+AV32+AZ32+BB32+BD32),SUM(AU32:AY32)))) -> 1846819 | AA32: =IF(OR(G32="",G32="なし"),"",IF(W32="掛金・負担金別",(AW32+AX32+AY32+BA32+BC32+BE32),IF(W32="経理区分別",AZ32+BA32,""))) | AC32: =IF(OR(G32="",G32="なし"),"",IF(W32="経理区分別",BB32+BC32,"")) | AE32: =IF(OR(G32="",G32="なし"),"",IF(W32="経理区分別",BD32+BE32,"")) | AG32: ○ | AU32: =IF($G32="",AJ32,L32) -> 0 | AV32: =IF($G32="",AK32,M32) -> 0 | AW32: =IF($G32="",AL32,N32) -> 1056825 | AX32: =IF($G32="",AM32,O32) -> 86625 | AY32: =IF($G32="",AN32,P32) -> 1000 | AZ32: =IF($G32="",AO32,Q32) -> 0 | BA32: =IF($G32="",AP32,R32) -> 602672 | BB32: =IF($G32="",AQ32,S32) -> 0 | ... BE32: =IF($G32="",AT32,V32) -> 13350 | BF32: =ROUNDDOWN(I32*設定!$B$10/1000,0)+ROUNDDOWN(I32*設定!$B$11/1000,0) -> 0 | BG32: =ROUNDDOWN(I32*設定!$C$10/1000,0)+ROUNDDOWN(I32*設定!$C$11/1000,0)+ROUNDDOWN(I32*設定!$C$12/1000,0) -> 0 | BH32: =ROUNDDOWN(J32*設定!$B$13/1000,0) -> 0 | BI32: =ROUNDDOWN(J32*設定!$C$13/1000,0) -> 0 | BJ32: =ROUNDDOWN(K32*設定!$B$14/1000,0) -> 0 | BK32: =ROUNDDOWN(K32*設定!$C$14/1000,0) -> 0 | BL32: =ROUNDDOWN(J32*設定!$B$15/1000,0) -> 0 | BM32: =ROUNDDOWN(J32*設定!$C$15/1000,0) -> 0 | BN32: =L32+M32 -> 0 | BO32: =N32+O32+P32 -> 1144450 | BP32: =Q32 -> 0 | BQ32: =R32 -> 602672 | BR32: =S32 -> 0 | BS32: =T32 -> 86347 | BT32: =U32 -> 0 | BU32: =V32 -> 13350 | BV32: =IF(BF32=0,IF(BN32=0,0,1),(BN32-BF32)/BF32) -> 0 | BW32: =IF(BG32=0,IF(BO32=0,0,1),(BO32-BG32)/BG32) -> 1 | BX32: =IF(BH32=0,IF(BP32=0,0,1),(BP32-BH32)/BH32) -> 0 | BY32: =IF(BI32=0,IF(BQ32=0,0,1),(BQ32-BI32)/BI32) -> 1 | BZ32: =IF(BJ32=0,IF(BR32=0,0,1),(BR32-BJ32)/BJ32) -> 0 | CA32: =IF(BK32=0,IF(BS32=0,0,1),(BS32-BK32)/BK32) -> 1 | CB32: =IF(BL32=0,IF(BT32=0,0,1),(BT32-BL32)/BL32) -> 0 | CC32: =IF(BM32=0,IF(BU32=0,0,1),(BU32-BM32)/BM32) -> 1 | CD32: =MAX(MAX(BV32:CC32),-MIN(BV32:CC32)) -> 1 | CE32: =IF(CI32="","",SUMIFS($CF$7:$CF$696,$A$7:$A$696,CI32,$B$7:$B$696,B32)) | CF32: =SUM(AU32:BE32) -> 1846819 | CG32: =A32&"|"&B32 -> 2026-04 月例|文化財団 市長部局 | CH32: =IFERROR(INDEX(設定!$D$61:$D$106,MATCH(B32,設定!$B$61:$B$106,0)),"Y") -> Y | CI32: =IFERROR(INDEX(設定!$D$20:$D$34,MATCH(A32,設定!$A$20:$A$34,0))&"","")
A33: 2026-04 月例 | B33: 文化財団 教育委員会 | C33: =IF(G33="","未受領",IF(G33="なし","報告なし",IF(AH33="○","起票済",IF(OR(AG33="○",F33="一致",F33="入金不要"),"入金確認済","受領済")))) -> 入金確認済 | D33: =IF(OR(G33="",G33="なし"),"―",IF(CH33="N","対象外",IF(AND(I33="",J33="",K33=""),"標報未入力",IF(CD33>=設定!$B$4,"要確認","問題なし")))) -> 標報未入力 | E33: =IF(OR(G33="",G33="なし",CE33="",CF33=0),"―",IF(CF33=CE33,"前月同額",IF(CE33=0,"―",IF(ABS(CF33/CE33-1)>=設定!$B$5,"変動大 "&TEXT(CF33/CE33-1,"+0%;-0%"),"〇")))) -> ― | F33: =IF(OR(G33="",G33="なし"),"―",IF(CF33=0,"入金不要",IF(COUNT(Z33,AB33,AD33,AF33)=0,IF(AG33="○","手動確認","未入金"),IF(AND(N(Z33)=Y33,IF(AA33="",TRUE(),N(AB33)=AA33),IF(AC33="",TRUE(),N(AD33)=AC33),IF(AE33="",TRUE(),N(AF33)=AE33)),"一致","不一致")))) -> 入金不要 | G33: 済 | N33: 0 | O33: 0 | P33: 0 | R33: 0 | T33: 0 | V33: 0 | W33: =IFERROR(INDEX(設定!$E$61:$E$106,MATCH(B33,設定!$B$61:$B$106,0)),"合算") -> 合算 | Y33: =IF(OR(G33="",G33="なし"),"",IF(W33="合算",CF33,IF(W33="掛金・負担金別",(AU33+AV33+AZ33+BB33+BD33),SUM(AU33:AY33)))) -> 0 | AA33: =IF(OR(G33="",G33="なし"),"",IF(W33="掛金・負担金別",(AW33+AX33+AY33+BA33+BC33+BE33),IF(W33="経理区分別",AZ33+BA33,""))) | AC33: =IF(OR(G33="",G33="なし"),"",IF(W33="経理区分別",BB33+BC33,"")) | AE33: =IF(OR(G33="",G33="なし"),"",IF(W33="経理区分別",BD33+BE33,"")) | AG33: ○ | AU33: =IF($G33="",AJ33,L33) -> 0 | AV33: =IF($G33="",AK33,M33) -> 0 | AW33: =IF($G33="",AL33,N33) -> 0 | AX33: =IF($G33="",AM33,O33) -> 0 | AY33: =IF($G33="",AN33,P33) -> 0 | AZ33: =IF($G33="",AO33,Q33) -> 0 | BA33: =IF($G33="",AP33,R33) -> 0 | BB33: =IF($G33="",AQ33,S33) -> 0 | ... BE33: =IF($G33="",AT33,V33) -> 0 | BF33: =ROUNDDOWN(I33*設定!$B$10/1000,0)+ROUNDDOWN(I33*設定!$B$11/1000,0) -> 0 | BG33: =ROUNDDOWN(I33*設定!$C$10/1000,0)+ROUNDDOWN(I33*設定!$C$11/1000,0)+ROUNDDOWN(I33*設定!$C$12/1000,0) -> 0 | BH33: =ROUNDDOWN(J33*設定!$B$13/1000,0) -> 0 | BI33: =ROUNDDOWN(J33*設定!$C$13/1000,0) -> 0 | BJ33: =ROUNDDOWN(K33*設定!$B$14/1000,0) -> 0 | BK33: =ROUNDDOWN(K33*設定!$C$14/1000,0) -> 0 | BL33: =ROUNDDOWN(J33*設定!$B$15/1000,0) -> 0 | BM33: =ROUNDDOWN(J33*設定!$C$15/1000,0) -> 0 | BN33: =L33+M33 -> 0 | BO33: =N33+O33+P33 -> 0 | BP33: =Q33 -> 0 | BQ33: =R33 -> 0 | BR33: =S33 -> 0 | BS33: =T33 -> 0 | BT33: =U33 -> 0 | BU33: =V33 -> 0 | BV33: =IF(BF33=0,IF(BN33=0,0,1),(BN33-BF33)/BF33) -> 0 | BW33: =IF(BG33=0,IF(BO33=0,0,1),(BO33-BG33)/BG33) -> 0 | BX33: =IF(BH33=0,IF(BP33=0,0,1),(BP33-BH33)/BH33) -> 0 | BY33: =IF(BI33=0,IF(BQ33=0,0,1),(BQ33-BI33)/BI33) -> 0 | BZ33: =IF(BJ33=0,IF(BR33=0,0,1),(BR33-BJ33)/BJ33) -> 0 | CA33: =IF(BK33=0,IF(BS33=0,0,1),(BS33-BK33)/BK33) -> 0 | CB33: =IF(BL33=0,IF(BT33=0,0,1),(BT33-BL33)/BL33) -> 0 | CC33: =IF(BM33=0,IF(BU33=0,0,1),(BU33-BM33)/BM33) -> 0 | CD33: =MAX(MAX(BV33:CC33),-MIN(BV33:CC33)) -> 0 | CE33: =IF(CI33="","",SUMIFS($CF$7:$CF$696,$A$7:$A$696,CI33,$B$7:$B$696,B33)) | CF33: =SUM(AU33:BE33) -> 0 | CG33: =A33&"|"&B33 -> 2026-04 月例|文化財団 教育委員会 | CH33: =IFERROR(INDEX(設定!$D$61:$D$106,MATCH(B33,設定!$B$61:$B$106,0)),"Y") -> Y | CI33: =IFERROR(INDEX(設定!$D$20:$D$34,MATCH(A33,設定!$A$20:$A$34,0))&"","")
A34: 2026-04 月例 | B34: みどり生きもの協会 | C34: =IF(G34="","未受領",IF(G34="なし","報告なし",IF(AH34="○","起票済",IF(OR(AG34="○",F34="一致",F34="入金不要"),"入金確認済","受領済")))) -> 入金確認済 | D34: =IF(OR(G34="",G34="なし"),"―",IF(CH34="N","対象外",IF(AND(I34="",J34="",K34=""),"標報未入力",IF(CD34>=設定!$B$4,"要確認","問題なし")))) -> 標報未入力 | E34: =IF(OR(G34="",G34="なし",CE34="",CF34=0),"―",IF(CF34=CE34,"前月同額",IF(CE34=0,"―",IF(ABS(CF34/CE34-1)>=設定!$B$5,"変動大 "&TEXT(CF34/CE34-1,"+0%;-0%"),"〇")))) -> ― | F34: =IF(OR(G34="",G34="なし"),"―",IF(CF34=0,"入金不要",IF(COUNT(Z34,AB34,AD34,AF34)=0,IF(AG34="○","手動確認","未入金"),IF(AND(N(Z34)=Y34,IF(AA34="",TRUE(),N(AB34)=AA34),IF(AC34="",TRUE(),N(AD34)=AC34),IF(AE34="",TRUE(),N(AF34)=AE34)),"一致","不一致")))) -> 手動確認 | G34: 済 | N34: 405345 | O34: 33225 | P34: 383 | R34: 229959 | T34: 34997 | V34: 5093 | W34: =IFERROR(INDEX(設定!$E$61:$E$106,MATCH(B34,設定!$B$61:$B$106,0)),"合算") -> 合算 | Y34: =IF(OR(G34="",G34="なし"),"",IF(W34="合算",CF34,IF(W34="掛金・負担金別",(AU34+AV34+AZ34+BB34+BD34),SUM(AU34:AY34)))) -> 709002 | AA34: =IF(OR(G34="",G34="なし"),"",IF(W34="掛金・負担金別",(AW34+AX34+AY34+BA34+BC34+BE34),IF(W34="経理区分別",AZ34+BA34,""))) | AC34: =IF(OR(G34="",G34="なし"),"",IF(W34="経理区分別",BB34+BC34,"")) | AE34: =IF(OR(G34="",G34="なし"),"",IF(W34="経理区分別",BD34+BE34,"")) | AG34: ○ | AU34: =IF($G34="",AJ34,L34) -> 0 | AV34: =IF($G34="",AK34,M34) -> 0 | AW34: =IF($G34="",AL34,N34) -> 405345 | AX34: =IF($G34="",AM34,O34) -> 33225 | AY34: =IF($G34="",AN34,P34) -> 383 | AZ34: =IF($G34="",AO34,Q34) -> 0 | BA34: =IF($G34="",AP34,R34) -> 229959 | BB34: =IF($G34="",AQ34,S34) -> 0 | ... BE34: =IF($G34="",AT34,V34) -> 5093 | BF34: =ROUNDDOWN(I34*設定!$B$10/1000,0)+ROUNDDOWN(I34*設定!$B$11/1000,0) -> 0 | BG34: =ROUNDDOWN(I34*設定!$C$10/1000,0)+ROUNDDOWN(I34*設定!$C$11/1000,0)+ROUNDDOWN(I34*設定!$C$12/1000,0) -> 0 | BH34: =ROUNDDOWN(J34*設定!$B$13/1000,0) -> 0 | BI34: =ROUNDDOWN(J34*設定!$C$13/1000,0) -> 0 | BJ34: =ROUNDDOWN(K34*設定!$B$14/1000,0) -> 0 | BK34: =ROUNDDOWN(K34*設定!$C$14/1000,0) -> 0 | BL34: =ROUNDDOWN(J34*設定!$B$15/1000,0) -> 0 | BM34: =ROUNDDOWN(J34*設定!$C$15/1000,0) -> 0 | BN34: =L34+M34 -> 0 | BO34: =N34+O34+P34 -> 438953 | BP34: =Q34 -> 0 | BQ34: =R34 -> 229959 | BR34: =S34 -> 0 | BS34: =T34 -> 34997 | BT34: =U34 -> 0 | BU34: =V34 -> 5093 | BV34: =IF(BF34=0,IF(BN34=0,0,1),(BN34-BF34)/BF34) -> 0 | BW34: =IF(BG34=0,IF(BO34=0,0,1),(BO34-BG34)/BG34) -> 1 | BX34: =IF(BH34=0,IF(BP34=0,0,1),(BP34-BH34)/BH34) -> 0 | BY34: =IF(BI34=0,IF(BQ34=0,0,1),(BQ34-BI34)/BI34) -> 1 | BZ34: =IF(BJ34=0,IF(BR34=0,0,1),(BR34-BJ34)/BJ34) -> 0 | CA34: =IF(BK34=0,IF(BS34=0,0,1),(BS34-BK34)/BK34) -> 1 | CB34: =IF(BL34=0,IF(BT34=0,0,1),(BT34-BL34)/BL34) -> 0 | CC34: =IF(BM34=0,IF(BU34=0,0,1),(BU34-BM34)/BM34) -> 1 | CD34: =MAX(MAX(BV34:CC34),-MIN(BV34:CC34)) -> 1 | CE34: =IF(CI34="","",SUMIFS($CF$7:$CF$696,$A$7:$A$696,CI34,$B$7:$B$696,B34)) | CF34: =SUM(AU34:BE34) -> 709002 | CG34: =A34&"|"&B34 -> 2026-04 月例|みどり生きもの協会 | CH34: =IFERROR(INDEX(設定!$D$61:$D$106,MATCH(B34,設定!$B$61:$B$106,0)),"Y") -> Y | CI34: =IFERROR(INDEX(設定!$D$20:$D$34,MATCH(A34,設定!$A$20:$A$34,0))&"","")
A35: 2026-04 月例 | B35: 県下水道公社 | C35: =IF(G35="","未受領",IF(G35="なし","報告なし",IF(AH35="○","起票済",IF(OR(AG35="○",F35="一致",F35="入金不要"),"入金確認済","受領済")))) -> 入金確認済 | D35: =IF(OR(G35="",G35="なし"),"―",IF(CH35="N","対象外",IF(AND(I35="",J35="",K35=""),"標報未入力",IF(CD35>=設定!$B$4,"要確認","問題なし")))) -> 標報未入力 | E35: =IF(OR(G35="",G35="なし",CE35="",CF35=0),"―",IF(CF35=CE35,"前月同額",IF(CE35=0,"―",IF(ABS(CF35/CE35-1)>=設定!$B$5,"変動大 "&TEXT(CF35/CE35-1,"+0%;-0%"),"〇")))) -> ― | F35: =IF(OR(G35="",G35="なし"),"―",IF(CF35=0,"入金不要",IF(COUNT(Z35,AB35,AD35,AF35)=0,IF(AG35="○","手動確認","未入金"),IF(AND(N(Z35)=Y35,IF(AA35="",TRUE(),N(AB35)=AA35),IF(AC35="",TRUE(),N(AD35)=AC35),IF(AE35="",TRUE(),N(AF35)=AE35)),"一致","不一致")))) -> 手動確認 | G35: 済 | L35: 148230 | M35: 12150 | N35: 148230 | O35: 12150 | P35: 140 | Q35: 87123 | R35: 87208 | S35: 10033 | T35: 10033 | U35: 1931 | V35: 1932 | W35: =IFERROR(INDEX(設定!$E$61:$E$106,MATCH(B35,設定!$B$61:$B$106,0)),"合算") -> 合算 | Y35: =IF(OR(G35="",G35="なし"),"",IF(W35="合算",CF35,IF(W35="掛金・負担金別",(AU35+AV35+AZ35+BB35+BD35),SUM(AU35:AY35)))) -> 519160 | AA35: =IF(OR(G35="",G35="なし"),"",IF(W35="掛金・負担金別",(AW35+AX35+AY35+BA35+BC35+BE35),IF(W35="経理区分別",AZ35+BA35,""))) | AC35: =IF(OR(G35="",G35="なし"),"",IF(W35="経理区分別",BB35+BC35,"")) | AE35: =IF(OR(G35="",G35="なし"),"",IF(W35="経理区分別",BD35+BE35,"")) | AG35: ○ | AU35: =IF($G35="",AJ35,L35) -> 148230 | AV35: =IF($G35="",AK35,M35) -> 12150 | AW35: =IF($G35="",AL35,N35) -> 148230 | AX35: =IF($G35="",AM35,O35) -> 12150 | AY35: =IF($G35="",AN35,P35) -> 140 | AZ35: =IF($G35="",AO35,Q35) -> 87123 | BA35: =IF($G35="",AP35,R35) -> 87208 | BB35: =IF($G35="",AQ35,S35) -> 10033 | ... BE35: =IF($G35="",AT35,V35) -> 1932 | BF35: =ROUNDDOWN(I35*設定!$B$10/1000,0)+ROUNDDOWN(I35*設定!$B$11/1000,0) -> 0 | BG35: =ROUNDDOWN(I35*設定!$C$10/1000,0)+ROUNDDOWN(I35*設定!$C$11/1000,0)+ROUNDDOWN(I35*設定!$C$12/1000,0) -> 0 | BH35: =ROUNDDOWN(J35*設定!$B$13/1000,0) -> 0 | BI35: =ROUNDDOWN(J35*設定!$C$13/1000,0) -> 0 | BJ35: =ROUNDDOWN(K35*設定!$B$14/1000,0) -> 0 | BK35: =ROUNDDOWN(K35*設定!$C$14/1000,0) -> 0 | BL35: =ROUNDDOWN(J35*設定!$B$15/1000,0) -> 0 | BM35: =ROUNDDOWN(J35*設定!$C$15/1000,0) -> 0 | BN35: =L35+M35 -> 160380 | BO35: =N35+O35+P35 -> 160520 | BP35: =Q35 -> 87123 | BQ35: =R35 -> 87208 | BR35: =S35 -> 10033 | BS35: =T35 -> 10033 | BT35: =U35 -> 1931 | BU35: =V35 -> 1932 | BV35: =IF(BF35=0,IF(BN35=0,0,1),(BN35-BF35)/BF35) -> 1 | BW35: =IF(BG35=0,IF(BO35=0,0,1),(BO35-BG35)/BG35) -> 1 | BX35: =IF(BH35=0,IF(BP35=0,0,1),(BP35-BH35)/BH35) -> 1 | BY35: =IF(BI35=0,IF(BQ35=0,0,1),(BQ35-BI35)/BI35) -> 1 | BZ35: =IF(BJ35=0,IF(BR35=0,0,1),(BR35-BJ35)/BJ35) -> 1 | CA35: =IF(BK35=0,IF(BS35=0,0,1),(BS35-BK35)/BK35) -> 1 | CB35: =IF(BL35=0,IF(BT35=0,0,1),(BT35-BL35)/BL35) -> 1 | CC35: =IF(BM35=0,IF(BU35=0,0,1),(BU35-BM35)/BM35) -> 1 | CD35: =MAX(MAX(BV35:CC35),-MIN(BV35:CC35)) -> 1 | CE35: =IF(CI35="","",SUMIFS($CF$7:$CF$696,$A$7:$A$696,CI35,$B$7:$B$696,B35)) | CF35: =SUM(AU35:BE35) -> 519160 | CG35: =A35&"|"&B35 -> 2026-04 月例|県下水道公社 | CH35: =IFERROR(INDEX(設定!$D$61:$D$106,MATCH(B35,設定!$B$61:$B$106,0)),"Y") -> Y | CI35: =IFERROR(INDEX(設定!$D$20:$D$34,MATCH(A35,設定!$A$20:$A$34,0))&"","")
A36: 2026-04 月例 | B36: バス協調・共創 プラットフォーム | C36: =IF(G36="","未受領",IF(G36="なし","報告なし",IF(AH36="○","起票済",IF(OR(AG36="○",F36="一致",F36="入金不要"),"入金確認済","受領済")))) -> 入金確認済 | D36: =IF(OR(G36="",G36="なし"),"―",IF(CH36="N","対象外",IF(AND(I36="",J36="",K36=""),"標報未入力",IF(CD36>=設定!$B$4,"要確認","問題なし")))) -> 標報未入力 | E36: =IF(OR(G36="",G36="なし",CE36="",CF36=0),"―",IF(CF36=CE36,"前月同額",IF(CE36=0,"―",IF(ABS(CF36/CE36-1)>=設定!$B$5,"変動大 "&TEXT(CF36/CE36-1,"+0%;-0%"),"〇")))) -> ― | F36: =IF(OR(G36="",G36="なし"),"―",IF(CF36=0,"入金不要",IF(COUNT(Z36,AB36,AD36,AF36)=0,IF(AG36="○","手動確認","未入金"),IF(AND(N(Z36)=Y36,IF(AA36="",TRUE(),N(AB36)=AA36),IF(AC36="",TRUE(),N(AD36)=AC36),IF(AE36="",TRUE(),N(AF36)=AE36)),"一致","不一致")))) -> 手動確認 | G36: 済 | N36: 455670 | O36: 37350 | P36: 432 | R36: 263702 | T36: 21093 | V36: 5842 | W36: =IFERROR(INDEX(設定!$E$61:$E$106,MATCH(B36,設定!$B$61:$B$106,0)),"合算") -> 合算 | Y36: =IF(OR(G36="",G36="なし"),"",IF(W36="合算",CF36,IF(W36="掛金・負担金別",(AU36+AV36+AZ36+BB36+BD36),SUM(AU36:AY36)))) -> 784089 | AA36: =IF(OR(G36="",G36="なし"),"",IF(W36="掛金・負担金別",(AW36+AX36+AY36+BA36+BC36+BE36),IF(W36="経理区分別",AZ36+BA36,""))) | AC36: =IF(OR(G36="",G36="なし"),"",IF(W36="経理区分別",BB36+BC36,"")) | AE36: =IF(OR(G36="",G36="なし"),"",IF(W36="経理区分別",BD36+BE36,"")) | AG36: ○ | AU36: =IF($G36="",AJ36,L36) -> 0 | AV36: =IF($G36="",AK36,M36) -> 0 | AW36: =IF($G36="",AL36,N36) -> 455670 | AX36: =IF($G36="",AM36,O36) -> 37350 | AY36: =IF($G36="",AN36,P36) -> 432 | AZ36: =IF($G36="",AO36,Q36) -> 0 | BA36: =IF($G36="",AP36,R36) -> 263702 | BB36: =IF($G36="",AQ36,S36) -> 0 | ... BE36: =IF($G36="",AT36,V36) -> 5842 | BF36: =ROUNDDOWN(I36*設定!$B$10/1000,0)+ROUNDDOWN(I36*設定!$B$11/1000,0) -> 0 | BG36: =ROUNDDOWN(I36*設定!$C$10/1000,0)+ROUNDDOWN(I36*設定!$C$11/1000,0)+ROUNDDOWN(I36*設定!$C$12/1000,0) -> 0 | BH36: =ROUNDDOWN(J36*設定!$B$13/1000,0) -> 0 | BI36: =ROUNDDOWN(J36*設定!$C$13/1000,0) -> 0 | BJ36: =ROUNDDOWN(K36*設定!$B$14/1000,0) -> 0 | BK36: =ROUNDDOWN(K36*設定!$C$14/1000,0) -> 0 | BL36: =ROUNDDOWN(J36*設定!$B$15/1000,0) -> 0 | BM36: =ROUNDDOWN(J36*設定!$C$15/1000,0) -> 0 | BN36: =L36+M36 -> 0 | BO36: =N36+O36+P36 -> 493452 | BP36: =Q36 -> 0 | BQ36: =R36 -> 263702 | BR36: =S36 -> 0 | BS36: =T36 -> 21093 | BT36: =U36 -> 0 | BU36: =V36 -> 5842 | BV36: =IF(BF36=0,IF(BN36=0,0,1),(BN36-BF36)/BF36) -> 0 | BW36: =IF(BG36=0,IF(BO36=0,0,1),(BO36-BG36)/BG36) -> 1 | BX36: =IF(BH36=0,IF(BP36=0,0,1),(BP36-BH36)/BH36) -> 0 | BY36: =IF(BI36=0,IF(BQ36=0,0,1),(BQ36-BI36)/BI36) -> 1 | BZ36: =IF(BJ36=0,IF(BR36=0,0,1),(BR36-BJ36)/BJ36) -> 0 | CA36: =IF(BK36=0,IF(BS36=0,0,1),(BS36-BK36)/BK36) -> 1 | CB36: =IF(BL36=0,IF(BT36=0,0,1),(BT36-BL36)/BL36) -> 0 | CC36: =IF(BM36=0,IF(BU36=0,0,1),(BU36-BM36)/BM36) -> 1 | CD36: =MAX(MAX(BV36:CC36),-MIN(BV36:CC36)) -> 1 | CE36: =IF(CI36="","",SUMIFS($CF$7:$CF$696,$A$7:$A$696,CI36,$B$7:$B$696,B36)) | CF36: =SUM(AU36:BE36) -> 784089 | CG36: =A36&"|"&B36 -> 2026-04 月例|バス協調・共創 プラットフォーム | CH36: =IFERROR(INDEX(設定!$D$61:$D$106,MATCH(B36,設定!$B$61:$B$106,0)),"Y") -> Y | CI36: =IFERROR(INDEX(設定!$D$20:$D$34,MATCH(A36,設定!$A$20:$A$34,0))&"","")
A37: 2026-04 月例 | B37: 広島県市長会 | C37: =IF(G37="","未受領",IF(G37="なし","報告なし",IF(AH37="○","起票済",IF(OR(AG37="○",F37="一致",F37="入金不要"),"入金確認済","受領済")))) -> 入金確認済 | D37: =IF(OR(G37="",G37="なし"),"―",IF(CH37="N","対象外",IF(AND(I37="",J37="",K37=""),"標報未入力",IF(CD37>=設定!$B$4,"要確認","問題なし")))) -> 標報未入力 | E37: =IF(OR(G37="",G37="なし",CE37="",CF37=0),"―",IF(CF37=CE37,"前月同額",IF(CE37=0,"―",IF(ABS(CF37/CE37-1)>=設定!$B$5,"変動大 "&TEXT(CF37/CE37-1,"+0%;-0%"),"〇")))) -> ― | F37: =IF(OR(G37="",G37="なし"),"―",IF(CF37=0,"入金不要",IF(COUNT(Z37,AB37,AD37,AF37)=0,IF(AG37="○","手動確認","未入金"),IF(AND(N(Z37)=Y37,IF(AA37="",TRUE(),N(AB37)=AA37),IF(AC37="",TRUE(),N(AD37)=AC37),IF(AE37="",TRUE(),N(AF37)=AE37)),"一致","不一致")))) -> 手動確認 | G37: 済 | L37: 56730 | M37: 4650 | N37: 56730 | O37: 4650 | P37: 53 | Q37: 32153 | R37: 32184 | S37: 4898 | T37: 4898 | U37: 713 | V37: 713 | W37: =IFERROR(INDEX(設定!$E$61:$E$106,MATCH(B37,設定!$B$61:$B$106,0)),"合算") -> 合算 | Y37: =IF(OR(G37="",G37="なし"),"",IF(W37="合算",CF37,IF(W37="掛金・負担金別",(AU37+AV37+AZ37+BB37+BD37),SUM(AU37:AY37)))) -> 198372 | AA37: =IF(OR(G37="",G37="なし"),"",IF(W37="掛金・負担金別",(AW37+AX37+AY37+BA37+BC37+BE37),IF(W37="経理区分別",AZ37+BA37,""))) | AC37: =IF(OR(G37="",G37="なし"),"",IF(W37="経理区分別",BB37+BC37,"")) | AE37: =IF(OR(G37="",G37="なし"),"",IF(W37="経理区分別",BD37+BE37,"")) | AG37: ○ | AU37: =IF($G37="",AJ37,L37) -> 56730 | AV37: =IF($G37="",AK37,M37) -> 4650 | AW37: =IF($G37="",AL37,N37) -> 56730 | AX37: =IF($G37="",AM37,O37) -> 4650 | AY37: =IF($G37="",AN37,P37) -> 53 | AZ37: =IF($G37="",AO37,Q37) -> 32153 | BA37: =IF($G37="",AP37,R37) -> 32184 | BB37: =IF($G37="",AQ37,S37) -> 4898 | ... BE37: =IF($G37="",AT37,V37) -> 713 | BF37: =ROUNDDOWN(I37*設定!$B$10/1000,0)+ROUNDDOWN(I37*設定!$B$11/1000,0) -> 0 | BG37: =ROUNDDOWN(I37*設定!$C$10/1000,0)+ROUNDDOWN(I37*設定!$C$11/1000,0)+ROUNDDOWN(I37*設定!$C$12/1000,0) -> 0 | BH37: =ROUNDDOWN(J37*設定!$B$13/1000,0) -> 0 | BI37: =ROUNDDOWN(J37*設定!$C$13/1000,0) -> 0 | BJ37: =ROUNDDOWN(K37*設定!$B$14/1000,0) -> 0 | BK37: =ROUNDDOWN(K37*設定!$C$14/1000,0) -> 0 | BL37: =ROUNDDOWN(J37*設定!$B$15/1000,0) -> 0 | BM37: =ROUNDDOWN(J37*設定!$C$15/1000,0) -> 0 | BN37: =L37+M37 -> 61380 | BO37: =N37+O37+P37 -> 61433 | BP37: =Q37 -> 32153 | BQ37: =R37 -> 32184 | BR37: =S37 -> 4898 | BS37: =T37 -> 4898 | BT37: =U37 -> 713 | BU37: =V37 -> 713 | BV37: =IF(BF37=0,IF(BN37=0,0,1),(BN37-BF37)/BF37) -> 1 | BW37: =IF(BG37=0,IF(BO37=0,0,1),(BO37-BG37)/BG37) -> 1 | BX37: =IF(BH37=0,IF(BP37=0,0,1),(BP37-BH37)/BH37) -> 1 | BY37: =IF(BI37=0,IF(BQ37=0,0,1),(BQ37-BI37)/BI37) -> 1 | BZ37: =IF(BJ37=0,IF(BR37=0,0,1),(BR37-BJ37)/BJ37) -> 1 | CA37: =IF(BK37=0,IF(BS37=0,0,1),(BS37-BK37)/BK37) -> 1 | CB37: =IF(BL37=0,IF(BT37=0,0,1),(BT37-BL37)/BL37) -> 1 | CC37: =IF(BM37=0,IF(BU37=0,0,1),(BU37-BM37)/BM37) -> 1 | CD37: =MAX(MAX(BV37:CC37),-MIN(BV37:CC37)) -> 1 | CE37: =IF(CI37="","",SUMIFS($CF$7:$CF$696,$A$7:$A$696,CI37,$B$7:$B$696,B37)) | CF37: =SUM(AU37:BE37) -> 198372 | CG37: =A37&"|"&B37 -> 2026-04 月例|広島県市長会 | CH37: =IFERROR(INDEX(設定!$D$61:$D$106,MATCH(B37,設定!$B$61:$B$106,0)),"Y") -> Y | CI37: =IFERROR(INDEX(設定!$D$20:$D$34,MATCH(A37,設定!$A$20:$A$34,0))&"","")
A38: 2026-04 月例 | B38: 全国市町村研修財団 | C38: =IF(G38="","未受領",IF(G38="なし","報告なし",IF(AH38="○","起票済",IF(OR(AG38="○",F38="一致",F38="入金不要"),"入金確認済","受領済")))) -> 入金確認済 | D38: =IF(OR(G38="",G38="なし"),"―",IF(CH38="N","対象外",IF(AND(I38="",J38="",K38=""),"標報未入力",IF(CD38>=設定!$B$4,"要確認","問題なし")))) -> 標報未入力 | E38: =IF(OR(G38="",G38="なし",CE38="",CF38=0),"―",IF(CF38=CE38,"前月同額",IF(CE38=0,"―",IF(ABS(CF38/CE38-1)>=設定!$B$5,"変動大 "&TEXT(CF38/CE38-1,"+0%;-0%"),"〇")))) -> ― | F38: =IF(OR(G38="",G38="なし"),"―",IF(CF38=0,"入金不要",IF(COUNT(Z38,AB38,AD38,AF38)=0,IF(AG38="○","手動確認","未入金"),IF(AND(N(Z38)=Y38,IF(AA38="",TRUE(),N(AB38)=AA38),IF(AC38="",TRUE(),N(AD38)=AC38),IF(AE38="",TRUE(),N(AF38)=AE38)),"一致","不一致")))) -> 手動確認 | G38: 済 | L38: 59475 | M38: 4875 | N38: 59475 | O38: 4875 | P38: 56 | Q38: 38895 | R38: 38932 | S38: 5925 | T38: 5925 | U38: 862 | V38: 862 | W38: =IFERROR(INDEX(設定!$E$61:$E$106,MATCH(B38,設定!$B$61:$B$106,0)),"合算") -> 合算 | Y38: =IF(OR(G38="",G38="なし"),"",IF(W38="合算",CF38,IF(W38="掛金・負担金別",(AU38+AV38+AZ38+BB38+BD38),SUM(AU38:AY38)))) -> 220157 | AA38: =IF(OR(G38="",G38="なし"),"",IF(W38="掛金・負担金別",(AW38+AX38+AY38+BA38+BC38+BE38),IF(W38="経理区分別",AZ38+BA38,""))) | AC38: =IF(OR(G38="",G38="なし"),"",IF(W38="経理区分別",BB38+BC38,"")) | AE38: =IF(OR(G38="",G38="なし"),"",IF(W38="経理区分別",BD38+BE38,"")) | AG38: ○ | AU38: =IF($G38="",AJ38,L38) -> 59475 | AV38: =IF($G38="",AK38,M38) -> 4875 | AW38: =IF($G38="",AL38,N38) -> 59475 | AX38: =IF($G38="",AM38,O38) -> 4875 | AY38: =IF($G38="",AN38,P38) -> 56 | AZ38: =IF($G38="",AO38,Q38) -> 38895 | BA38: =IF($G38="",AP38,R38) -> 38932 | BB38: =IF($G38="",AQ38,S38) -> 5925 | ... BE38: =IF($G38="",AT38,V38) -> 862 | BF38: =ROUNDDOWN(I38*設定!$B$10/1000,0)+ROUNDDOWN(I38*設定!$B$11/1000,0) -> 0 | BG38: =ROUNDDOWN(I38*設定!$C$10/1000,0)+ROUNDDOWN(I38*設定!$C$11/1000,0)+ROUNDDOWN(I38*設定!$C$12/1000,0) -> 0 | BH38: =ROUNDDOWN(J38*設定!$B$13/1000,0) -> 0 | BI38: =ROUNDDOWN(J38*設定!$C$13/1000,0) -> 0 | BJ38: =ROUNDDOWN(K38*設定!$B$14/1000,0) -> 0 | BK38: =ROUNDDOWN(K38*設定!$C$14/1000,0) -> 0 | BL38: =ROUNDDOWN(J38*設定!$B$15/1000,0) -> 0 | BM38: =ROUNDDOWN(J38*設定!$C$15/1000,0) -> 0 | BN38: =L38+M38 -> 64350 | BO38: =N38+O38+P38 -> 64406 | BP38: =Q38 -> 38895 | BQ38: =R38 -> 38932 | BR38: =S38 -> 5925 | BS38: =T38 -> 5925 | BT38: =U38 -> 862 | BU38: =V38 -> 862 | BV38: =IF(BF38=0,IF(BN38=0,0,1),(BN38-BF38)/BF38) -> 1 | BW38: =IF(BG38=0,IF(BO38=0,0,1),(BO38-BG38)/BG38) -> 1 | BX38: =IF(BH38=0,IF(BP38=0,0,1),(BP38-BH38)/BH38) -> 1 | BY38: =IF(BI38=0,IF(BQ38=0,0,1),(BQ38-BI38)/BI38) -> 1 | BZ38: =IF(BJ38=0,IF(BR38=0,0,1),(BR38-BJ38)/BJ38) -> 1 | CA38: =IF(BK38=0,IF(BS38=0,0,1),(BS38-BK38)/BK38) -> 1 | CB38: =IF(BL38=0,IF(BT38=0,0,1),(BT38-BL38)/BL38) -> 1 | CC38: =IF(BM38=0,IF(BU38=0,0,1),(BU38-BM38)/BM38) -> 1 | CD38: =MAX(MAX(BV38:CC38),-MIN(BV38:CC38)) -> 1 | CE38: =IF(CI38="","",SUMIFS($CF$7:$CF$696,$A$7:$A$696,CI38,$B$7:$B$696,B38)) | CF38: =SUM(AU38:BE38) -> 220157 | CG38: =A38&"|"&B38 -> 2026-04 月例|全国市町村研修財団 | CH38: =IFERROR(INDEX(設定!$D$61:$D$106,MATCH(B38,設定!$B$61:$B$106,0)),"Y") -> Y | CI38: =IFERROR(INDEX(設定!$D$20:$D$34,MATCH(A38,設定!$A$20:$A$34,0))&"","")
A39: 2026-04 月例 | B39: 都市再生機構 | C39: =IF(G39="","未受領",IF(G39="なし","報告なし",IF(AH39="○","起票済",IF(OR(AG39="○",F39="一致",F39="入金不要"),"入金確認済","受領済")))) -> 入金確認済 | D39: =IF(OR(G39="",G39="なし"),"―",IF(CH39="N","対象外",IF(AND(I39="",J39="",K39=""),"標報未入力",IF(CD39>=設定!$B$4,"要確認","問題なし")))) -> 標報未入力 | E39: =IF(OR(G39="",G39="なし",CE39="",CF39=0),"―",IF(CF39=CE39,"前月同額",IF(CE39=0,"―",IF(ABS(CF39/CE39-1)>=設定!$B$5,"変動大 "&TEXT(CF39/CE39-1,"+0%;-0%"),"〇")))) -> ― | F39: =IF(OR(G39="",G39="なし"),"―",IF(CF39=0,"入金不要",IF(COUNT(Z39,AB39,AD39,AF39)=0,IF(AG39="○","手動確認","未入金"),IF(AND(N(Z39)=Y39,IF(AA39="",TRUE(),N(AB39)=AA39),IF(AC39="",TRUE(),N(AD39)=AC39),IF(AE39="",TRUE(),N(AF39)=AE39)),"一致","不一致")))) -> 手動確認 | G39: 済 | L39: 37515 | M39: 3075 | N39: 37515 | O39: 3075 | P39: 35 | Q39: 21262 | R39: 21283 | S39: 0 | T39: 0 | U39: 471 | V39: 471 | W39: =IFERROR(INDEX(設定!$E$61:$E$106,MATCH(B39,設定!$B$61:$B$106,0)),"合算") -> 合算 | Y39: =IF(OR(G39="",G39="なし"),"",IF(W39="合算",CF39,IF(W39="掛金・負担金別",(AU39+AV39+AZ39+BB39+BD39),SUM(AU39:AY39)))) -> 124702 | AA39: =IF(OR(G39="",G39="なし"),"",IF(W39="掛金・負担金別",(AW39+AX39+AY39+BA39+BC39+BE39),IF(W39="経理区分別",AZ39+BA39,""))) | AC39: =IF(OR(G39="",G39="なし"),"",IF(W39="経理区分別",BB39+BC39,"")) | AE39: =IF(OR(G39="",G39="なし"),"",IF(W39="経理区分別",BD39+BE39,"")) | AG39: ○ | AU39: =IF($G39="",AJ39,L39) -> 37515 | AV39: =IF($G39="",AK39,M39) -> 3075 | AW39: =IF($G39="",AL39,N39) -> 37515 | AX39: =IF($G39="",AM39,O39) -> 3075 | AY39: =IF($G39="",AN39,P39) -> 35 | AZ39: =IF($G39="",AO39,Q39) -> 21262 | BA39: =IF($G39="",AP39,R39) -> 21283 | BB39: =IF($G39="",AQ39,S39) -> 0 | ... BE39: =IF($G39="",AT39,V39) -> 471 | BF39: =ROUNDDOWN(I39*設定!$B$10/1000,0)+ROUNDDOWN(I39*設定!$B$11/1000,0) -> 0 | BG39: =ROUNDDOWN(I39*設定!$C$10/1000,0)+ROUNDDOWN(I39*設定!$C$11/1000,0)+ROUNDDOWN(I39*設定!$C$12/1000,0) -> 0 | BH39: =ROUNDDOWN(J39*設定!$B$13/1000,0) -> 0 | BI39: =ROUNDDOWN(J39*設定!$C$13/1000,0) -> 0 | BJ39: =ROUNDDOWN(K39*設定!$B$14/1000,0) -> 0 | BK39: =ROUNDDOWN(K39*設定!$C$14/1000,0) -> 0 | BL39: =ROUNDDOWN(J39*設定!$B$15/1000,0) -> 0 | BM39: =ROUNDDOWN(J39*設定!$C$15/1000,0) -> 0 | BN39: =L39+M39 -> 40590 | BO39: =N39+O39+P39 -> 40625 | BP39: =Q39 -> 21262 | BQ39: =R39 -> 21283 | BR39: =S39 -> 0 | BS39: =T39 -> 0 | BT39: =U39 -> 471 | BU39: =V39 -> 471 | BV39: =IF(BF39=0,IF(BN39=0,0,1),(BN39-BF39)/BF39) -> 1 | BW39: =IF(BG39=0,IF(BO39=0,0,1),(BO39-BG39)/BG39) -> 1 | BX39: =IF(BH39=0,IF(BP39=0,0,1),(BP39-BH39)/BH39) -> 1 | BY39: =IF(BI39=0,IF(BQ39=0,0,1),(BQ39-BI39)/BI39) -> 1 | BZ39: =IF(BJ39=0,IF(BR39=0,0,1),(BR39-BJ39)/BJ39) -> 0 | CA39: =IF(BK39=0,IF(BS39=0,0,1),(BS39-BK39)/BK39) -> 0 | CB39: =IF(BL39=0,IF(BT39=0,0,1),(BT39-BL39)/BL39) -> 1 | CC39: =IF(BM39=0,IF(BU39=0,0,1),(BU39-BM39)/BM39) -> 1 | CD39: =MAX(MAX(BV39:CC39),-MIN(BV39:CC39)) -> 1 | CE39: =IF(CI39="","",SUMIFS($CF$7:$CF$696,$A$7:$A$696,CI39,$B$7:$B$696,B39)) | CF39: =SUM(AU39:BE39) -> 124702 | CG39: =A39&"|"&B39 -> 2026-04 月例|都市再生機構 | CH39: =IFERROR(INDEX(設定!$D$61:$D$106,MATCH(B39,設定!$B$61:$B$106,0)),"Y") -> Y | CI39: =IFERROR(INDEX(設定!$D$20:$D$34,MATCH(A39,設定!$A$20:$A$34,0))&"","")
A40: 2026-04 月例 | B40: 広島市立大学 | C40: =IF(G40="","未受領",IF(G40="なし","報告なし",IF(AH40="○","起票済",IF(OR(AG40="○",F40="一致",F40="入金不要"),"入金確認済","受領済")))) -> 入金確認済 | D40: =IF(OR(G40="",G40="なし"),"―",IF(CH40="N","対象外",IF(AND(I40="",J40="",K40=""),"標報未入力",IF(CD40>=設定!$B$4,"要確認","問題なし")))) -> 標報未入力 | E40: =IF(OR(G40="",G40="なし",CE40="",CF40=0),"―",IF(CF40=CE40,"前月同額",IF(CE40=0,"―",IF(ABS(CF40/CE40-1)>=設定!$B$5,"変動大 "&TEXT(CF40/CE40-1,"+0%;-0%"),"〇")))) -> ― | F40: =IF(OR(G40="",G40="なし"),"―",IF(CF40=0,"入金不要",IF(COUNT(Z40,AB40,AD40,AF40)=0,IF(AG40="○","手動確認","未入金"),IF(AND(N(Z40)=Y40,IF(AA40="",TRUE(),N(AB40)=AA40),IF(AC40="",TRUE(),N(AD40)=AC40),IF(AE40="",TRUE(),N(AF40)=AE40)),"一致","不一致")))) -> 手動確認 | G40: 済 | L40: 1201395 | M40: 98475 | N40: 1201395 | O40: 98475 | P40: 1208 | Q40: 690245 | R40: 690961 | S40: 79632 | T40: 79632 | U40: 15300 | V40: 15306 | W40: =IFERROR(INDEX(設定!$E$61:$E$106,MATCH(B40,設定!$B$61:$B$106,0)),"合算") -> 合算 | Y40: =IF(OR(G40="",G40="なし"),"",IF(W40="合算",CF40,IF(W40="掛金・負担金別",(AU40+AV40+AZ40+BB40+BD40),SUM(AU40:AY40)))) -> 4172024 | AA40: =IF(OR(G40="",G40="なし"),"",IF(W40="掛金・負担金別",(AW40+AX40+AY40+BA40+BC40+BE40),IF(W40="経理区分別",AZ40+BA40,""))) | AC40: =IF(OR(G40="",G40="なし"),"",IF(W40="経理区分別",BB40+BC40,"")) | AE40: =IF(OR(G40="",G40="なし"),"",IF(W40="経理区分別",BD40+BE40,"")) | AG40: ○ | AU40: =IF($G40="",AJ40,L40) -> 1201395 | AV40: =IF($G40="",AK40,M40) -> 98475 | AW40: =IF($G40="",AL40,N40) -> 1201395 | AX40: =IF($G40="",AM40,O40) -> 98475 | AY40: =IF($G40="",AN40,P40) -> 1208 | AZ40: =IF($G40="",AO40,Q40) -> 690245 | BA40: =IF($G40="",AP40,R40) -> 690961 | BB40: =IF($G40="",AQ40,S40) -> 79632 | ... BE40: =IF($G40="",AT40,V40) -> 15306 | BF40: =ROUNDDOWN(I40*設定!$B$10/1000,0)+ROUNDDOWN(I40*設定!$B$11/1000,0) -> 0 | BG40: =ROUNDDOWN(I40*設定!$C$10/1000,0)+ROUNDDOWN(I40*設定!$C$11/1000,0)+ROUNDDOWN(I40*設定!$C$12/1000,0) -> 0 | BH40: =ROUNDDOWN(J40*設定!$B$13/1000,0) -> 0 | BI40: =ROUNDDOWN(J40*設定!$C$13/1000,0) -> 0 | BJ40: =ROUNDDOWN(K40*設定!$B$14/1000,0) -> 0 | BK40: =ROUNDDOWN(K40*設定!$C$14/1000,0) -> 0 | BL40: =ROUNDDOWN(J40*設定!$B$15/1000,0) -> 0 | BM40: =ROUNDDOWN(J40*設定!$C$15/1000,0) -> 0 | BN40: =L40+M40 -> 1299870 | BO40: =N40+O40+P40 -> 1301078 | BP40: =Q40 -> 690245 | BQ40: =R40 -> 690961 | BR40: =S40 -> 79632 | BS40: =T40 -> 79632 | BT40: =U40 -> 15300 | BU40: =V40 -> 15306 | BV40: =IF(BF40=0,IF(BN40=0,0,1),(BN40-BF40)/BF40) -> 1 | BW40: =IF(BG40=0,IF(BO40=0,0,1),(BO40-BG40)/BG40) -> 1 | BX40: =IF(BH40=0,IF(BP40=0,0,1),(BP40-BH40)/BH40) -> 1 | BY40: =IF(BI40=0,IF(BQ40=0,0,1),(BQ40-BI40)/BI40) -> 1 | BZ40: =IF(BJ40=0,IF(BR40=0,0,1),(BR40-BJ40)/BJ40) -> 1 | CA40: =IF(BK40=0,IF(BS40=0,0,1),(BS40-BK40)/BK40) -> 1 | CB40: =IF(BL40=0,IF(BT40=0,0,1),(BT40-BL40)/BL40) -> 1 | CC40: =IF(BM40=0,IF(BU40=0,0,1),(BU40-BM40)/BM40) -> 1 | CD40: =MAX(MAX(BV40:CC40),-MIN(BV40:CC40)) -> 1 | CE40: =IF(CI40="","",SUMIFS($CF$7:$CF$696,$A$7:$A$696,CI40,$B$7:$B$696,B40)) | CF40: =SUM(AU40:BE40) -> 4172024 | CG40: =A40&"|"&B40 -> 2026-04 月例|広島市立大学 | CH40: =IFERROR(INDEX(設定!$D$61:$D$106,MATCH(B40,設定!$B$61:$B$106,0)),"Y") -> Y | CI40: =IFERROR(INDEX(設定!$D$20:$D$34,MATCH(A40,設定!$A$20:$A$34,0))&"","")
A41: 2026-04 月例 | B41: 社会福祉協議会 | C41: =IF(G41="","未受領",IF(G41="なし","報告なし",IF(AH41="○","起票済",IF(OR(AG41="○",F41="一致",F41="入金不要"),"入金確認済","受領済")))) -> 入金確認済 | D41: =IF(OR(G41="",G41="なし"),"―",IF(CH41="N","対象外",IF(AND(I41="",J41="",K41=""),"標報未入力",IF(CD41>=設定!$B$4,"要確認","問題なし")))) -> 標報未入力 | E41: =IF(OR(G41="",G41="なし",CE41="",CF41=0),"―",IF(CF41=CE41,"前月同額",IF(CE41=0,"―",IF(ABS(CF41/CE41-1)>=設定!$B$5,"変動大 "&TEXT(CF41/CE41-1,"+0%;-0%"),"〇")))) -> ― | F41: =IF(OR(G41="",G41="なし"),"―",IF(CF41=0,"入金不要",IF(COUNT(Z41,AB41,AD41,AF41)=0,IF(AG41="○","手動確認","未入金"),IF(AND(N(Z41)=Y41,IF(AA41="",TRUE(),N(AB41)=AA41),IF(AC41="",TRUE(),N(AD41)=AC41),IF(AE41="",TRUE(),N(AF41)=AE41)),"一致","不一致")))) -> 手動確認 | G41: 済 | N41: 242475 | O41: 19875 | P41: 230 | R41: 140676 | T41: 10507 | V41: 3116 | W41: =IFERROR(INDEX(設定!$E$61:$E$106,MATCH(B41,設定!$B$61:$B$106,0)),"合算") -> 合算 | Y41: =IF(OR(G41="",G41="なし"),"",IF(W41="合算",CF41,IF(W41="掛金・負担金別",(AU41+AV41+AZ41+BB41+BD41),SUM(AU41:AY41)))) -> 416879 | AA41: =IF(OR(G41="",G41="なし"),"",IF(W41="掛金・負担金別",(AW41+AX41+AY41+BA41+BC41+BE41),IF(W41="経理区分別",AZ41+BA41,""))) | AC41: =IF(OR(G41="",G41="なし"),"",IF(W41="経理区分別",BB41+BC41,"")) | AE41: =IF(OR(G41="",G41="なし"),"",IF(W41="経理区分別",BD41+BE41,"")) | AG41: ○ | AU41: =IF($G41="",AJ41,L41) -> 0 | AV41: =IF($G41="",AK41,M41) -> 0 | AW41: =IF($G41="",AL41,N41) -> 242475 | AX41: =IF($G41="",AM41,O41) -> 19875 | AY41: =IF($G41="",AN41,P41) -> 230 | AZ41: =IF($G41="",AO41,Q41) -> 0 | BA41: =IF($G41="",AP41,R41) -> 140676 | BB41: =IF($G41="",AQ41,S41) -> 0 | ... BE41: =IF($G41="",AT41,V41) -> 3116 | BF41: =ROUNDDOWN(I41*設定!$B$10/1000,0)+ROUNDDOWN(I41*設定!$B$11/1000,0) -> 0 | BG41: =ROUNDDOWN(I41*設定!$C$10/1000,0)+ROUNDDOWN(I41*設定!$C$11/1000,0)+ROUNDDOWN(I41*設定!$C$12/1000,0) -> 0 | BH41: =ROUNDDOWN(J41*設定!$B$13/1000,0) -> 0 | BI41: =ROUNDDOWN(J41*設定!$C$13/1000,0) -> 0 | BJ41: =ROUNDDOWN(K41*設定!$B$14/1000,0) -> 0 | BK41: =ROUNDDOWN(K41*設定!$C$14/1000,0) -> 0 | BL41: =ROUNDDOWN(J41*設定!$B$15/1000,0) -> 0 | BM41: =ROUNDDOWN(J41*設定!$C$15/1000,0) -> 0 | BN41: =L41+M41 -> 0 | BO41: =N41+O41+P41 -> 262580 | BP41: =Q41 -> 0 | BQ41: =R41 -> 140676 | BR41: =S41 -> 0 | BS41: =T41 -> 10507 | BT41: =U41 -> 0 | BU41: =V41 -> 3116 | BV41: =IF(BF41=0,IF(BN41=0,0,1),(BN41-BF41)/BF41) -> 0 | BW41: =IF(BG41=0,IF(BO41=0,0,1),(BO41-BG41)/BG41) -> 1 | BX41: =IF(BH41=0,IF(BP41=0,0,1),(BP41-BH41)/BH41) -> 0 | BY41: =IF(BI41=0,IF(BQ41=0,0,1),(BQ41-BI41)/BI41) -> 1 | BZ41: =IF(BJ41=0,IF(BR41=0,0,1),(BR41-BJ41)/BJ41) -> 0 | CA41: =IF(BK41=0,IF(BS41=0,0,1),(BS41-BK41)/BK41) -> 1 | CB41: =IF(BL41=0,IF(BT41=0,0,1),(BT41-BL41)/BL41) -> 0 | CC41: =IF(BM41=0,IF(BU41=0,0,1),(BU41-BM41)/BM41) -> 1 | CD41: =MAX(MAX(BV41:CC41),-MIN(BV41:CC41)) -> 1 | CE41: =IF(CI41="","",SUMIFS($CF$7:$CF$696,$A$7:$A$696,CI41,$B$7:$B$696,B41)) | CF41: =SUM(AU41:BE41) -> 416879 | CG41: =A41&"|"&B41 -> 2026-04 月例|社会福祉協議会 | CH41: =IFERROR(INDEX(設定!$D$61:$D$106,MATCH(B41,設定!$B$61:$B$106,0)),"Y") -> Y | CI41: =IFERROR(INDEX(設定!$D$20:$D$34,MATCH(A41,設定!$A$20:$A$34,0))&"","")
A42: 2026-04 月例 | B42: 市立病院機構 | C42: =IF(G42="","未受領",IF(G42="なし","報告なし",IF(AH42="○","起票済",IF(OR(AG42="○",F42="一致",F42="入金不要"),"入金確認済","受領済")))) -> 入金確認済 | D42: =IF(OR(G42="",G42="なし"),"―",IF(CH42="N","対象外",IF(AND(I42="",J42="",K42=""),"標報未入力",IF(CD42>=設定!$B$4,"要確認","問題なし")))) -> 対象外 | E42: =IF(OR(G42="",G42="なし",CE42="",CF42=0),"―",IF(CF42=CE42,"前月同額",IF(CE42=0,"―",IF(ABS(CF42/CE42-1)>=設定!$B$5,"変動大 "&TEXT(CF42/CE42-1,"+0%;-0%"),"〇")))) -> ― | F42: =IF(OR(G42="",G42="なし"),"―",IF(CF42=0,"入金不要",IF(COUNT(Z42,AB42,AD42,AF42)=0,IF(AG42="○","手動確認","未入金"),IF(AND(N(Z42)=Y42,IF(AA42="",TRUE(),N(AB42)=AA42),IF(AC42="",TRUE(),N(AD42)=AC42),IF(AE42="",TRUE(),N(AF42)=AE42)),"一致","不一致")))) -> 手動確認 | G42: 済 | L42: 126776728 | M42: 10388836 | N42: 185329749 | O42: 10386886 | P42: 127334 | Q42: 93143364 | R42: 93250038 | S42: 7885464 | T42: 7882532 | U42: 2063539 | V42: 2063238 | W42: =IFERROR(INDEX(設定!$E$61:$E$106,MATCH(B42,設定!$B$61:$B$106,0)),"合算") -> 合算 | Y42: =IF(OR(G42="",G42="なし"),"",IF(W42="合算",CF42,IF(W42="掛金・負担金別",(AU42+AV42+AZ42+BB42+BD42),SUM(AU42:AY42)))) -> 539297708 | AA42: =IF(OR(G42="",G42="なし"),"",IF(W42="掛金・負担金別",(AW42+AX42+AY42+BA42+BC42+BE42),IF(W42="経理区分別",AZ42+BA42,""))) | AC42: =IF(OR(G42="",G42="なし"),"",IF(W42="経理区分別",BB42+BC42,"")) | AE42: =IF(OR(G42="",G42="なし"),"",IF(W42="経理区分別",BD42+BE42,"")) | AG42: ○ | AU42: =IF($G42="",AJ42,L42) -> 126776728 | AV42: =IF($G42="",AK42,M42) -> 10388836 | AW42: =IF($G42="",AL42,N42) -> 185329749 | AX42: =IF($G42="",AM42,O42) -> 10386886 | AY42: =IF($G42="",AN42,P42) -> 127334 | AZ42: =IF($G42="",AO42,Q42) -> 93143364 | BA42: =IF($G42="",AP42,R42) -> 93250038 | BB42: =IF($G42="",AQ42,S42) -> 7885464 | ... BE42: =IF($G42="",AT42,V42) -> 2063238 | BF42: =ROUNDDOWN(I42*設定!$B$10/1000,0)+ROUNDDOWN(I42*設定!$B$11/1000,0) -> 0 | BG42: =ROUNDDOWN(I42*設定!$C$10/1000,0)+ROUNDDOWN(I42*設定!$C$11/1000,0)+ROUNDDOWN(I42*設定!$C$12/1000,0) -> 0 | BH42: =ROUNDDOWN(J42*設定!$B$13/1000,0) -> 0 | BI42: =ROUNDDOWN(J42*設定!$C$13/1000,0) -> 0 | BJ42: =ROUNDDOWN(K42*設定!$B$14/1000,0) -> 0 | BK42: =ROUNDDOWN(K42*設定!$C$14/1000,0) -> 0 | BL42: =ROUNDDOWN(J42*設定!$B$15/1000,0) -> 0 | BM42: =ROUNDDOWN(J42*設定!$C$15/1000,0) -> 0 | BN42: =L42+M42 -> 137165564 | BO42: =N42+O42+P42 -> 195843969 | BP42: =Q42 -> 93143364 | BQ42: =R42 -> 93250038 | BR42: =S42 -> 7885464 | BS42: =T42 -> 7882532 | BT42: =U42 -> 2063539 | BU42: =V42 -> 2063238 | BV42: =IF(BF42=0,IF(BN42=0,0,1),(BN42-BF42)/BF42) -> 1 | BW42: =IF(BG42=0,IF(BO42=0,0,1),(BO42-BG42)/BG42) -> 1 | BX42: =IF(BH42=0,IF(BP42=0,0,1),(BP42-BH42)/BH42) -> 1 | BY42: =IF(BI42=0,IF(BQ42=0,0,1),(BQ42-BI42)/BI42) -> 1 | BZ42: =IF(BJ42=0,IF(BR42=0,0,1),(BR42-BJ42)/BJ42) -> 1 | CA42: =IF(BK42=0,IF(BS42=0,0,1),(BS42-BK42)/BK42) -> 1 | CB42: =IF(BL42=0,IF(BT42=0,0,1),(BT42-BL42)/BL42) -> 1 | CC42: =IF(BM42=0,IF(BU42=0,0,1),(BU42-BM42)/BM42) -> 1 | CD42: =MAX(MAX(BV42:CC42),-MIN(BV42:CC42)) -> 1 | CE42: =IF(CI42="","",SUMIFS($CF$7:$CF$696,$A$7:$A$696,CI42,$B$7:$B$696,B42)) | CF42: =SUM(AU42:BE42) -> 539297708 | CG42: =A42&"|"&B42 -> 2026-04 月例|市立病院機構 | CH42: =IFERROR(INDEX(設定!$D$61:$D$106,MATCH(B42,設定!$B$61:$B$106,0)),"Y") -> N | CI42: =IFERROR(INDEX(設定!$D$20:$D$34,MATCH(A42,設定!$A$20:$A$34,0))&"","")
A43: 2026-04 月例 | B43: 職員共済組合 | C43: =IF(G43="","未受領",IF(G43="なし","報告なし",IF(AH43="○","起票済",IF(OR(AG43="○",F43="一致",F43="入金不要"),"入金確認済","受領済")))) -> 入金確認済 | D43: =IF(OR(G43="",G43="なし"),"―",IF(CH43="N","対象外",IF(AND(I43="",J43="",K43=""),"標報未入力",IF(CD43>=設定!$B$4,"要確認","問題なし")))) -> 標報未入力 | E43: =IF(OR(G43="",G43="なし",CE43="",CF43=0),"―",IF(CF43=CE43,"前月同額",IF(CE43=0,"―",IF(ABS(CF43/CE43-1)>=設定!$B$5,"変動大 "&TEXT(CF43/CE43-1,"+0%;-0%"),"〇")))) -> ― | F43: =IF(OR(G43="",G43="なし"),"―",IF(CF43=0,"入金不要",IF(COUNT(Z43,AB43,AD43,AF43)=0,IF(AG43="○","手動確認","未入金"),IF(AND(N(Z43)=Y43,IF(AA43="",TRUE(),N(AB43)=AA43),IF(AC43="",TRUE(),N(AD43)=AC43),IF(AE43="",TRUE(),N(AF43)=AE43)),"一致","不一致")))) -> 手動確認 | G43: 済 | Q43: 84011 | R43: 104857 | S43: 11060 | T43: 11060 | U43: 1861 | V43: 2322 | W43: =IFERROR(INDEX(設定!$E$61:$E$106,MATCH(B43,設定!$B$61:$B$106,0)),"合算") -> 合算 | Y43: =IF(OR(G43="",G43="なし"),"",IF(W43="合算",CF43,IF(W43="掛金・負担金別",(AU43+AV43+AZ43+BB43+BD43),SUM(AU43:AY43)))) -> 215171 | AA43: =IF(OR(G43="",G43="なし"),"",IF(W43="掛金・負担金別",(AW43+AX43+AY43+BA43+BC43+BE43),IF(W43="経理区分別",AZ43+BA43,""))) | AC43: =IF(OR(G43="",G43="なし"),"",IF(W43="経理区分別",BB43+BC43,"")) | AE43: =IF(OR(G43="",G43="なし"),"",IF(W43="経理区分別",BD43+BE43,"")) | AG43: ○ | AU43: =IF($G43="",AJ43,L43) -> 0 | AV43: =IF($G43="",AK43,M43) -> 0 | AW43: =IF($G43="",AL43,N43) -> 0 | AX43: =IF($G43="",AM43,O43) -> 0 | AY43: =IF($G43="",AN43,P43) -> 0 | AZ43: =IF($G43="",AO43,Q43) -> 84011 | BA43: =IF($G43="",AP43,R43) -> 104857 | BB43: =IF($G43="",AQ43,S43) -> 11060 | ... BE43: =IF($G43="",AT43,V43) -> 2322 | BF43: =ROUNDDOWN(I43*設定!$B$10/1000,0)+ROUNDDOWN(I43*設定!$B$11/1000,0) -> 0 | BG43: =ROUNDDOWN(I43*設定!$C$10/1000,0)+ROUNDDOWN(I43*設定!$C$11/1000,0)+ROUNDDOWN(I43*設定!$C$12/1000,0) -> 0 | BH43: =ROUNDDOWN(J43*設定!$B$13/1000,0) -> 0 | BI43: =ROUNDDOWN(J43*設定!$C$13/1000,0) -> 0 | BJ43: =ROUNDDOWN(K43*設定!$B$14/1000,0) -> 0 | BK43: =ROUNDDOWN(K43*設定!$C$14/1000,0) -> 0 | BL43: =ROUNDDOWN(J43*設定!$B$15/1000,0) -> 0 | BM43: =ROUNDDOWN(J43*設定!$C$15/1000,0) -> 0 | BN43: =L43+M43 -> 0 | BO43: =N43+O43+P43 -> 0 | BP43: =Q43 -> 84011 | BQ43: =R43 -> 104857 | BR43: =S43 -> 11060 | BS43: =T43 -> 11060 | BT43: =U43 -> 1861 | BU43: =V43 -> 2322 | BV43: =IF(BF43=0,IF(BN43=0,0,1),(BN43-BF43)/BF43) -> 0 | BW43: =IF(BG43=0,IF(BO43=0,0,1),(BO43-BG43)/BG43) -> 0 | BX43: =IF(BH43=0,IF(BP43=0,0,1),(BP43-BH43)/BH43) -> 1 | BY43: =IF(BI43=0,IF(BQ43=0,0,1),(BQ43-BI43)/BI43) -> 1 | BZ43: =IF(BJ43=0,IF(BR43=0,0,1),(BR43-BJ43)/BJ43) -> 1 | CA43: =IF(BK43=0,IF(BS43=0,0,1),(BS43-BK43)/BK43) -> 1 | CB43: =IF(BL43=0,IF(BT43=0,0,1),(BT43-BL43)/BL43) -> 1 | CC43: =IF(BM43=0,IF(BU43=0,0,1),(BU43-BM43)/BM43) -> 1 | CD43: =MAX(MAX(BV43:CC43),-MIN(BV43:CC43)) -> 1 | CE43: =IF(CI43="","",SUMIFS($CF$7:$CF$696,$A$7:$A$696,CI43,$B$7:$B$696,B43)) | CF43: =SUM(AU43:BE43) -> 215171 | CG43: =A43&"|"&B43 -> 2026-04 月例|職員共済組合 | CH43: =IFERROR(INDEX(設定!$D$61:$D$106,MATCH(B43,設定!$B$61:$B$106,0)),"Y") -> Y | CI43: =IFERROR(INDEX(設定!$D$20:$D$34,MATCH(A43,設定!$A$20:$A$34,0))&"","")
A44: 2026-04 月例 | B44: 地方公共団体 情報システム機構 | C44: =IF(G44="","未受領",IF(G44="なし","報告なし",IF(AH44="○","起票済",IF(OR(AG44="○",F44="一致",F44="入金不要"),"入金確認済","受領済")))) -> 未受領 | D44: =IF(OR(G44="",G44="なし"),"―",IF(CH44="N","対象外",IF(AND(I44="",J44="",K44=""),"標報未入力",IF(CD44>=設定!$B$4,"要確認","問題なし")))) -> ― | E44: =IF(OR(G44="",G44="なし",CE44="",CF44=0),"―",IF(CF44=CE44,"前月同額",IF(CE44=0,"―",IF(ABS(CF44/CE44-1)>=設定!$B$5,"変動大 "&TEXT(CF44/CE44-1,"+0%;-0%"),"〇")))) -> ― | F44: =IF(OR(G44="",G44="なし"),"―",IF(CF44=0,"入金不要",IF(COUNT(Z44,AB44,AD44,AF44)=0,IF(AG44="○","手動確認","未入金"),IF(AND(N(Z44)=Y44,IF(AA44="",TRUE(),N(AB44)=AA44),IF(AC44="",TRUE(),N(AD44)=AC44),IF(AE44="",TRUE(),N(AF44)=AE44)),"一致","不一致")))) -> ― | W44: =IFERROR(INDEX(設定!$E$61:$E$106,MATCH(B44,設定!$B$61:$B$106,0)),"合算") -> 合算 | Y44: =IF(OR(G44="",G44="なし"),"",IF(W44="合算",CF44,IF(W44="掛金・負担金別",(AU44+AV44+AZ44+BB44+BD44),SUM(AU44:AY44)))) | AA44: =IF(OR(G44="",G44="なし"),"",IF(W44="掛金・負担金別",(AW44+AX44+AY44+BA44+BC44+BE44),IF(W44="経理区分別",AZ44+BA44,""))) | AC44: =IF(OR(G44="",G44="なし"),"",IF(W44="経理区分別",BB44+BC44,"")) | AE44: =IF(OR(G44="",G44="なし"),"",IF(W44="経理区分別",BD44+BE44,"")) | AQ44: 0 | AR44: 0 | AU44: =IF($G44="",AJ44,L44) -> 0 | AV44: =IF($G44="",AK44,M44) -> 0 | AW44: =IF($G44="",AL44,N44) -> 0 | AX44: =IF($G44="",AM44,O44) -> 0 | AY44: =IF($G44="",AN44,P44) -> 0 | AZ44: =IF($G44="",AO44,Q44) -> 0 | BA44: =IF($G44="",AP44,R44) -> 0 | BB44: =IF($G44="",AQ44,S44) -> 0 | ... BE44: =IF($G44="",AT44,V44) -> 0 | BF44: =ROUNDDOWN(I44*設定!$B$10/1000,0)+ROUNDDOWN(I44*設定!$B$11/1000,0) -> 0 | BG44: =ROUNDDOWN(I44*設定!$C$10/1000,0)+ROUNDDOWN(I44*設定!$C$11/1000,0)+ROUNDDOWN(I44*設定!$C$12/1000,0) -> 0 | BH44: =ROUNDDOWN(J44*設定!$B$13/1000,0) -> 0 | BI44: =ROUNDDOWN(J44*設定!$C$13/1000,0) -> 0 | BJ44: =ROUNDDOWN(K44*設定!$B$14/1000,0) -> 0 | BK44: =ROUNDDOWN(K44*設定!$C$14/1000,0) -> 0 | BL44: =ROUNDDOWN(J44*設定!$B$15/1000,0) -> 0 | BM44: =ROUNDDOWN(J44*設定!$C$15/1000,0) -> 0 | BN44: =L44+M44 -> 0 | BO44: =N44+O44+P44 -> 0 | BP44: =Q44 -> 0 | BQ44: =R44 -> 0 | BR44: =S44 -> 0 | BS44: =T44 -> 0 | BT44: =U44 -> 0 | BU44: =V44 -> 0 | BV44: =IF(BF44=0,IF(BN44=0,0,1),(BN44-BF44)/BF44) -> 0 | BW44: =IF(BG44=0,IF(BO44=0,0,1),(BO44-BG44)/BG44) -> 0 | BX44: =IF(BH44=0,IF(BP44=0,0,1),(BP44-BH44)/BH44) -> 0 | BY44: =IF(BI44=0,IF(BQ44=0,0,1),(BQ44-BI44)/BI44) -> 0 | BZ44: =IF(BJ44=0,IF(BR44=0,0,1),(BR44-BJ44)/BJ44) -> 0 | CA44: =IF(BK44=0,IF(BS44=0,0,1),(BS44-BK44)/BK44) -> 0 | CB44: =IF(BL44=0,IF(BT44=0,0,1),(BT44-BL44)/BL44) -> 0 | CC44: =IF(BM44=0,IF(BU44=0,0,1),(BU44-BM44)/BM44) -> 0 | CD44: =MAX(MAX(BV44:CC44),-MIN(BV44:CC44)) -> 0 | CE44: =IF(CI44="","",SUMIFS($CF$7:$CF$696,$A$7:$A$696,CI44,$B$7:$B$696,B44)) | CF44: =SUM(AU44:BE44) -> 0 | CG44: =A44&"|"&B44 -> 2026-04 月例|地方公共団体 情報システム機構 | CH44: =IFERROR(INDEX(設定!$D$61:$D$106,MATCH(B44,設定!$B$61:$B$106,0)),"Y") -> Y | CI44: =IFERROR(INDEX(設定!$D$20:$D$34,MATCH(A44,設定!$A$20:$A$34,0))&"","")
A45: 2026-04 月例 | B45: 全国市長会 | C45: =IF(G45="","未受領",IF(G45="なし","報告なし",IF(AH45="○","起票済",IF(OR(AG45="○",F45="一致",F45="入金不要"),"入金確認済","受領済")))) -> 入金確認済 | D45: =IF(OR(G45="",G45="なし"),"―",IF(CH45="N","対象外",IF(AND(I45="",J45="",K45=""),"標報未入力",IF(CD45>=設定!$B$4,"要確認","問題なし")))) -> 標報未入力 | E45: =IF(OR(G45="",G45="なし",CE45="",CF45=0),"―",IF(CF45=CE45,"前月同額",IF(CE45=0,"―",IF(ABS(CF45/CE45-1)>=設定!$B$5,"変動大 "&TEXT(CF45/CE45-1,"+0%;-0%"),"〇")))) -> ― | F45: =IF(OR(G45="",G45="なし"),"―",IF(CF45=0,"入金不要",IF(COUNT(Z45,AB45,AD45,AF45)=0,IF(AG45="○","手動確認","未入金"),IF(AND(N(Z45)=Y45,IF(AA45="",TRUE(),N(AB45)=AA45),IF(AC45="",TRUE(),N(AD45)=AC45),IF(AE45="",TRUE(),N(AF45)=AE45)),"一致","不一致")))) -> 手動確認 | G45: 済 | L45: 118950 | M45: 9750 | N45: 118950 | O45: 9750 | P45: 112 | Q45: 81938 | R45: 82017 | S45: 12482 | T45: 12482 | U45: 1816 | V45: 1817 | W45: =IFERROR(INDEX(設定!$E$61:$E$106,MATCH(B45,設定!$B$61:$B$106,0)),"合算") -> 合算 | Y45: =IF(OR(G45="",G45="なし"),"",IF(W45="合算",CF45,IF(W45="掛金・負担金別",(AU45+AV45+AZ45+BB45+BD45),SUM(AU45:AY45)))) -> 450064 | AA45: =IF(OR(G45="",G45="なし"),"",IF(W45="掛金・負担金別",(AW45+AX45+AY45+BA45+BC45+BE45),IF(W45="経理区分別",AZ45+BA45,""))) | AC45: =IF(OR(G45="",G45="なし"),"",IF(W45="経理区分別",BB45+BC45,"")) | AE45: =IF(OR(G45="",G45="なし"),"",IF(W45="経理区分別",BD45+BE45,"")) | AG45: ○ | AU45: =IF($G45="",AJ45,L45) -> 118950 | AV45: =IF($G45="",AK45,M45) -> 9750 | AW45: =IF($G45="",AL45,N45) -> 118950 | AX45: =IF($G45="",AM45,O45) -> 9750 | AY45: =IF($G45="",AN45,P45) -> 112 | AZ45: =IF($G45="",AO45,Q45) -> 81938 | BA45: =IF($G45="",AP45,R45) -> 82017 | BB45: =IF($G45="",AQ45,S45) -> 12482 | ... BE45: =IF($G45="",AT45,V45) -> 1817 | BF45: =ROUNDDOWN(I45*設定!$B$10/1000,0)+ROUNDDOWN(I45*設定!$B$11/1000,0) -> 0 | BG45: =ROUNDDOWN(I45*設定!$C$10/1000,0)+ROUNDDOWN(I45*設定!$C$11/1000,0)+ROUNDDOWN(I45*設定!$C$12/1000,0) -> 0 | BH45: =ROUNDDOWN(J45*設定!$B$13/1000,0) -> 0 | BI45: =ROUNDDOWN(J45*設定!$C$13/1000,0) -> 0 | BJ45: =ROUNDDOWN(K45*設定!$B$14/1000,0) -> 0 | BK45: =ROUNDDOWN(K45*設定!$C$14/1000,0) -> 0 | BL45: =ROUNDDOWN(J45*設定!$B$15/1000,0) -> 0 | BM45: =ROUNDDOWN(J45*設定!$C$15/1000,0) -> 0 | BN45: =L45+M45 -> 128700 | BO45: =N45+O45+P45 -> 128812 | BP45: =Q45 -> 81938 | BQ45: =R45 -> 82017 | BR45: =S45 -> 12482 | BS45: =T45 -> 12482 | BT45: =U45 -> 1816 | BU45: =V45 -> 1817 | BV45: =IF(BF45=0,IF(BN45=0,0,1),(BN45-BF45)/BF45) -> 1 | BW45: =IF(BG45=0,IF(BO45=0,0,1),(BO45-BG45)/BG45) -> 1 | BX45: =IF(BH45=0,IF(BP45=0,0,1),(BP45-BH45)/BH45) -> 1 | BY45: =IF(BI45=0,IF(BQ45=0,0,1),(BQ45-BI45)/BI45) -> 1 | BZ45: =IF(BJ45=0,IF(BR45=0,0,1),(BR45-BJ45)/BJ45) -> 1 | CA45: =IF(BK45=0,IF(BS45=0,0,1),(BS45-BK45)/BK45) -> 1 | CB45: =IF(BL45=0,IF(BT45=0,0,1),(BT45-BL45)/BL45) -> 1 | CC45: =IF(BM45=0,IF(BU45=0,0,1),(BU45-BM45)/BM45) -> 1 | CD45: =MAX(MAX(BV45:CC45),-MIN(BV45:CC45)) -> 1 | CE45: =IF(CI45="","",SUMIFS($CF$7:$CF$696,$A$7:$A$696,CI45,$B$7:$B$696,B45)) | CF45: =SUM(AU45:BE45) -> 450064 | CG45: =A45&"|"&B45 -> 2026-04 月例|全国市長会 | CH45: =IFERROR(INDEX(設定!$D$61:$D$106,MATCH(B45,設定!$B$61:$B$106,0)),"Y") -> Y | CI45: =IFERROR(INDEX(設定!$D$20:$D$34,MATCH(A45,設定!$A$20:$A$34,0))&"","")
A46: 2026-04 月例 | B46: 高速交通（株） | C46: =IF(G46="","未受領",IF(G46="なし","報告なし",IF(AH46="○","起票済",IF(OR(AG46="○",F46="一致",F46="入金不要"),"入金確認済","受領済")))) -> 入金確認済 | D46: =IF(OR(G46="",G46="なし"),"―",IF(CH46="N","対象外",IF(AND(I46="",J46="",K46=""),"標報未入力",IF(CD46>=設定!$B$4,"要確認","問題なし")))) -> 標報未入力 | E46: =IF(OR(G46="",G46="なし",CE46="",CF46=0),"―",IF(CF46=CE46,"前月同額",IF(CE46=0,"―",IF(ABS(CF46/CE46-1)>=設定!$B$5,"変動大 "&TEXT(CF46/CE46-1,"+0%;-0%"),"〇")))) -> ― | F46: =IF(OR(G46="",G46="なし"),"―",IF(CF46=0,"入金不要",IF(COUNT(Z46,AB46,AD46,AF46)=0,IF(AG46="○","手動確認","未入金"),IF(AND(N(Z46)=Y46,IF(AA46="",TRUE(),N(AB46)=AA46),IF(AC46="",TRUE(),N(AD46)=AC46),IF(AE46="",TRUE(),N(AF46)=AE46)),"一致","不一致")))) -> 手動確認 | G46: 済 | L46: 145485 | M46: 11925 | N46: 145485 | O46: 11925 | P46: 138 | W46: =IFERROR(INDEX(設定!$E$61:$E$106,MATCH(B46,設定!$B$61:$B$106,0)),"合算") -> 合算 | Y46: =IF(OR(G46="",G46="なし"),"",IF(W46="合算",CF46,IF(W46="掛金・負担金別",(AU46+AV46+AZ46+BB46+BD46),SUM(AU46:AY46)))) -> 314958 | AA46: =IF(OR(G46="",G46="なし"),"",IF(W46="掛金・負担金別",(AW46+AX46+AY46+BA46+BC46+BE46),IF(W46="経理区分別",AZ46+BA46,""))) | AC46: =IF(OR(G46="",G46="なし"),"",IF(W46="経理区分別",BB46+BC46,"")) | AE46: =IF(OR(G46="",G46="なし"),"",IF(W46="経理区分別",BD46+BE46,"")) | AG46: ○ | AU46: =IF($G46="",AJ46,L46) -> 145485 | AV46: =IF($G46="",AK46,M46) -> 11925 | AW46: =IF($G46="",AL46,N46) -> 145485 | AX46: =IF($G46="",AM46,O46) -> 11925 | AY46: =IF($G46="",AN46,P46) -> 138 | AZ46: =IF($G46="",AO46,Q46) -> 0 | BA46: =IF($G46="",AP46,R46) -> 0 | BB46: =IF($G46="",AQ46,S46) -> 0 | ... BE46: =IF($G46="",AT46,V46) -> 0 | BF46: =ROUNDDOWN(I46*設定!$B$10/1000,0)+ROUNDDOWN(I46*設定!$B$11/1000,0) -> 0 | BG46: =ROUNDDOWN(I46*設定!$C$10/1000,0)+ROUNDDOWN(I46*設定!$C$11/1000,0)+ROUNDDOWN(I46*設定!$C$12/1000,0) -> 0 | BH46: =ROUNDDOWN(J46*設定!$B$13/1000,0) -> 0 | BI46: =ROUNDDOWN(J46*設定!$C$13/1000,0) -> 0 | BJ46: =ROUNDDOWN(K46*設定!$B$14/1000,0) -> 0 | BK46: =ROUNDDOWN(K46*設定!$C$14/1000,0) -> 0 | BL46: =ROUNDDOWN(J46*設定!$B$15/1000,0) -> 0 | BM46: =ROUNDDOWN(J46*設定!$C$15/1000,0) -> 0 | BN46: =L46+M46 -> 157410 | BO46: =N46+O46+P46 -> 157548 | BP46: =Q46 -> 0 | BQ46: =R46 -> 0 | BR46: =S46 -> 0 | BS46: =T46 -> 0 | BT46: =U46 -> 0 | BU46: =V46 -> 0 | BV46: =IF(BF46=0,IF(BN46=0,0,1),(BN46-BF46)/BF46) -> 1 | BW46: =IF(BG46=0,IF(BO46=0,0,1),(BO46-BG46)/BG46) -> 1 | BX46: =IF(BH46=0,IF(BP46=0,0,1),(BP46-BH46)/BH46) -> 0 | BY46: =IF(BI46=0,IF(BQ46=0,0,1),(BQ46-BI46)/BI46) -> 0 | BZ46: =IF(BJ46=0,IF(BR46=0,0,1),(BR46-BJ46)/BJ46) -> 0 | CA46: =IF(BK46=0,IF(BS46=0,0,1),(BS46-BK46)/BK46) -> 0 | CB46: =IF(BL46=0,IF(BT46=0,0,1),(BT46-BL46)/BL46) -> 0 | CC46: =IF(BM46=0,IF(BU46=0,0,1),(BU46-BM46)/BM46) -> 0 | CD46: =MAX(MAX(BV46:CC46),-MIN(BV46:CC46)) -> 1 | CE46: =IF(CI46="","",SUMIFS($CF$7:$CF$696,$A$7:$A$696,CI46,$B$7:$B$696,B46)) | CF46: =SUM(AU46:BE46) -> 314958 | CG46: =A46&"|"&B46 -> 2026-04 月例|高速交通（株） | CH46: =IFERROR(INDEX(設定!$D$61:$D$106,MATCH(B46,設定!$B$61:$B$106,0)),"Y") -> Y | CI46: =IFERROR(INDEX(設定!$D$20:$D$34,MATCH(A46,設定!$A$20:$A$34,0))&"","")
A47: 2026-04 月例 | B47: 広島駅南口開発（株） | C47: =IF(G47="","未受領",IF(G47="なし","報告なし",IF(AH47="○","起票済",IF(OR(AG47="○",F47="一致",F47="入金不要"),"入金確認済","受領済")))) -> 入金確認済 | D47: =IF(OR(G47="",G47="なし"),"―",IF(CH47="N","対象外",IF(AND(I47="",J47="",K47=""),"標報未入力",IF(CD47>=設定!$B$4,"要確認","問題なし")))) -> 標報未入力 | E47: =IF(OR(G47="",G47="なし",CE47="",CF47=0),"―",IF(CF47=CE47,"前月同額",IF(CE47=0,"―",IF(ABS(CF47/CE47-1)>=設定!$B$5,"変動大 "&TEXT(CF47/CE47-1,"+0%;-0%"),"〇")))) -> ― | F47: =IF(OR(G47="",G47="なし"),"―",IF(CF47=0,"入金不要",IF(COUNT(Z47,AB47,AD47,AF47)=0,IF(AG47="○","手動確認","未入金"),IF(AND(N(Z47)=Y47,IF(AA47="",TRUE(),N(AB47)=AA47),IF(AC47="",TRUE(),N(AD47)=AC47),IF(AE47="",TRUE(),N(AF47)=AE47)),"一致","不一致")))) -> 手動確認 | G47: 済 | L47: 45750 | M47: 3750 | N47: 45750 | O47: 3750 | P47: 43 | W47: =IFERROR(INDEX(設定!$E$61:$E$106,MATCH(B47,設定!$B$61:$B$106,0)),"合算") -> 合算 | Y47: =IF(OR(G47="",G47="なし"),"",IF(W47="合算",CF47,IF(W47="掛金・負担金別",(AU47+AV47+AZ47+BB47+BD47),SUM(AU47:AY47)))) -> 99043 | AA47: =IF(OR(G47="",G47="なし"),"",IF(W47="掛金・負担金別",(AW47+AX47+AY47+BA47+BC47+BE47),IF(W47="経理区分別",AZ47+BA47,""))) | AC47: =IF(OR(G47="",G47="なし"),"",IF(W47="経理区分別",BB47+BC47,"")) | AE47: =IF(OR(G47="",G47="なし"),"",IF(W47="経理区分別",BD47+BE47,"")) | AG47: ○ | AU47: =IF($G47="",AJ47,L47) -> 45750 | AV47: =IF($G47="",AK47,M47) -> 3750 | AW47: =IF($G47="",AL47,N47) -> 45750 | AX47: =IF($G47="",AM47,O47) -> 3750 | AY47: =IF($G47="",AN47,P47) -> 43 | AZ47: =IF($G47="",AO47,Q47) -> 0 | BA47: =IF($G47="",AP47,R47) -> 0 | BB47: =IF($G47="",AQ47,S47) -> 0 | ... BE47: =IF($G47="",AT47,V47) -> 0 | BF47: =ROUNDDOWN(I47*設定!$B$10/1000,0)+ROUNDDOWN(I47*設定!$B$11/1000,0) -> 0 | BG47: =ROUNDDOWN(I47*設定!$C$10/1000,0)+ROUNDDOWN(I47*設定!$C$11/1000,0)+ROUNDDOWN(I47*設定!$C$12/1000,0) -> 0 | BH47: =ROUNDDOWN(J47*設定!$B$13/1000,0) -> 0 | BI47: =ROUNDDOWN(J47*設定!$C$13/1000,0) -> 0 | BJ47: =ROUNDDOWN(K47*設定!$B$14/1000,0) -> 0 | BK47: =ROUNDDOWN(K47*設定!$C$14/1000,0) -> 0 | BL47: =ROUNDDOWN(J47*設定!$B$15/1000,0) -> 0 | BM47: =ROUNDDOWN(J47*設定!$C$15/1000,0) -> 0 | BN47: =L47+M47 -> 49500 | BO47: =N47+O47+P47 -> 49543 | BP47: =Q47 -> 0 | BQ47: =R47 -> 0 | BR47: =S47 -> 0 | BS47: =T47 -> 0 | BT47: =U47 -> 0 | BU47: =V47 -> 0 | BV47: =IF(BF47=0,IF(BN47=0,0,1),(BN47-BF47)/BF47) -> 1 | BW47: =IF(BG47=0,IF(BO47=0,0,1),(BO47-BG47)/BG47) -> 1 | BX47: =IF(BH47=0,IF(BP47=0,0,1),(BP47-BH47)/BH47) -> 0 | BY47: =IF(BI47=0,IF(BQ47=0,0,1),(BQ47-BI47)/BI47) -> 0 | BZ47: =IF(BJ47=0,IF(BR47=0,0,1),(BR47-BJ47)/BJ47) -> 0 | CA47: =IF(BK47=0,IF(BS47=0,0,1),(BS47-BK47)/BK47) -> 0 | CB47: =IF(BL47=0,IF(BT47=0,0,1),(BT47-BL47)/BL47) -> 0 | CC47: =IF(BM47=0,IF(BU47=0,0,1),(BU47-BM47)/BM47) -> 0 | CD47: =MAX(MAX(BV47:CC47),-MIN(BV47:CC47)) -> 1 | CE47: =IF(CI47="","",SUMIFS($CF$7:$CF$696,$A$7:$A$696,CI47,$B$7:$B$696,B47)) | CF47: =SUM(AU47:BE47) -> 99043 | CG47: =A47&"|"&B47 -> 2026-04 月例|広島駅南口開発（株） | CH47: =IFERROR(INDEX(設定!$D$61:$D$106,MATCH(B47,設定!$B$61:$B$106,0)),"Y") -> Y | CI47: =IFERROR(INDEX(設定!$D$20:$D$34,MATCH(A47,設定!$A$20:$A$34,0))&"","")
A48: 2026-04 月例 | B48: 市職員労働組合 | C48: =IF(G48="","未受領",IF(G48="なし","報告なし",IF(AH48="○","起票済",IF(OR(AG48="○",F48="一致",F48="入金不要"),"入金確認済","受領済")))) -> 入金確認済 | D48: =IF(OR(G48="",G48="なし"),"―",IF(CH48="N","対象外",IF(AND(I48="",J48="",K48=""),"標報未入力",IF(CD48>=設定!$B$4,"要確認","問題なし")))) -> 標報未入力 | E48: =IF(OR(G48="",G48="なし",CE48="",CF48=0),"―",IF(CF48=CE48,"前月同額",IF(CE48=0,"―",IF(ABS(CF48/CE48-1)>=設定!$B$5,"変動大 "&TEXT(CF48/CE48-1,"+0%;-0%"),"〇")))) -> ― | F48: =IF(OR(G48="",G48="なし"),"―",IF(CF48=0,"入金不要",IF(COUNT(Z48,AB48,AD48,AF48)=0,IF(AG48="○","手動確認","未入金"),IF(AND(N(Z48)=Y48,IF(AA48="",TRUE(),N(AB48)=AA48),IF(AC48="",TRUE(),N(AD48)=AC48),IF(AE48="",TRUE(),N(AF48)=AE48)),"一致","不一致")))) -> 手動確認 | G48: 済 | L48: 29280 | M48: 2400 | N48: 29280 | O48: 2400 | Q48: 16595 | R48: 16611 | S48: 2528 | T48: 2528 | U48: 368 | V48: 368 | W48: =IFERROR(INDEX(設定!$E$61:$E$106,MATCH(B48,設定!$B$61:$B$106,0)),"合算") -> 合算 | Y48: =IF(OR(G48="",G48="なし"),"",IF(W48="合算",CF48,IF(W48="掛金・負担金別",(AU48+AV48+AZ48+BB48+BD48),SUM(AU48:AY48)))) -> 102358 | AA48: =IF(OR(G48="",G48="なし"),"",IF(W48="掛金・負担金別",(AW48+AX48+AY48+BA48+BC48+BE48),IF(W48="経理区分別",AZ48+BA48,""))) | AC48: =IF(OR(G48="",G48="なし"),"",IF(W48="経理区分別",BB48+BC48,"")) | AE48: =IF(OR(G48="",G48="なし"),"",IF(W48="経理区分別",BD48+BE48,"")) | AG48: ○ | AU48: =IF($G48="",AJ48,L48) -> 29280 | AV48: =IF($G48="",AK48,M48) -> 2400 | AW48: =IF($G48="",AL48,N48) -> 29280 | AX48: =IF($G48="",AM48,O48) -> 2400 | AY48: =IF($G48="",AN48,P48) -> 0 | AZ48: =IF($G48="",AO48,Q48) -> 16595 | BA48: =IF($G48="",AP48,R48) -> 16611 | BB48: =IF($G48="",AQ48,S48) -> 2528 | ... BE48: =IF($G48="",AT48,V48) -> 368 | BF48: =ROUNDDOWN(I48*設定!$B$10/1000,0)+ROUNDDOWN(I48*設定!$B$11/1000,0) -> 0 | BG48: =ROUNDDOWN(I48*設定!$C$10/1000,0)+ROUNDDOWN(I48*設定!$C$11/1000,0)+ROUNDDOWN(I48*設定!$C$12/1000,0) -> 0 | BH48: =ROUNDDOWN(J48*設定!$B$13/1000,0) -> 0 | BI48: =ROUNDDOWN(J48*設定!$C$13/1000,0) -> 0 | BJ48: =ROUNDDOWN(K48*設定!$B$14/1000,0) -> 0 | BK48: =ROUNDDOWN(K48*設定!$C$14/1000,0) -> 0 | BL48: =ROUNDDOWN(J48*設定!$B$15/1000,0) -> 0 | BM48: =ROUNDDOWN(J48*設定!$C$15/1000,0) -> 0 | BN48: =L48+M48 -> 31680 | BO48: =N48+O48+P48 -> 31680 | BP48: =Q48 -> 16595 | BQ48: =R48 -> 16611 | BR48: =S48 -> 2528 | BS48: =T48 -> 2528 | BT48: =U48 -> 368 | BU48: =V48 -> 368 | BV48: =IF(BF48=0,IF(BN48=0,0,1),(BN48-BF48)/BF48) -> 1 | BW48: =IF(BG48=0,IF(BO48=0,0,1),(BO48-BG48)/BG48) -> 1 | BX48: =IF(BH48=0,IF(BP48=0,0,1),(BP48-BH48)/BH48) -> 1 | BY48: =IF(BI48=0,IF(BQ48=0,0,1),(BQ48-BI48)/BI48) -> 1 | BZ48: =IF(BJ48=0,IF(BR48=0,0,1),(BR48-BJ48)/BJ48) -> 1 | CA48: =IF(BK48=0,IF(BS48=0,0,1),(BS48-BK48)/BK48) -> 1 | CB48: =IF(BL48=0,IF(BT48=0,0,1),(BT48-BL48)/BL48) -> 1 | CC48: =IF(BM48=0,IF(BU48=0,0,1),(BU48-BM48)/BM48) -> 1 | CD48: =MAX(MAX(BV48:CC48),-MIN(BV48:CC48)) -> 1 | CE48: =IF(CI48="","",SUMIFS($CF$7:$CF$696,$A$7:$A$696,CI48,$B$7:$B$696,B48)) | CF48: =SUM(AU48:BE48) -> 102358 | CG48: =A48&"|"&B48 -> 2026-04 月例|市職員労働組合 | CH48: =IFERROR(INDEX(設定!$D$61:$D$106,MATCH(B48,設定!$B$61:$B$106,0)),"Y") -> Y | CI48: =IFERROR(INDEX(設定!$D$20:$D$34,MATCH(A48,設定!$A$20:$A$34,0))&"","")
A49: 2026-04 月例 | B49: 自治労労働組合 | C49: =IF(G49="","未受領",IF(G49="なし","報告なし",IF(AH49="○","起票済",IF(OR(AG49="○",F49="一致",F49="入金不要"),"入金確認済","受領済")))) -> 報告なし | D49: =IF(OR(G49="",G49="なし"),"―",IF(CH49="N","対象外",IF(AND(I49="",J49="",K49=""),"標報未入力",IF(CD49>=設定!$B$4,"要確認","問題なし")))) -> ― | E49: =IF(OR(G49="",G49="なし",CE49="",CF49=0),"―",IF(CF49=CE49,"前月同額",IF(CE49=0,"―",IF(ABS(CF49/CE49-1)>=設定!$B$5,"変動大 "&TEXT(CF49/CE49-1,"+0%;-0%"),"〇")))) -> ― | F49: =IF(OR(G49="",G49="なし"),"―",IF(CF49=0,"入金不要",IF(COUNT(Z49,AB49,AD49,AF49)=0,IF(AG49="○","手動確認","未入金"),IF(AND(N(Z49)=Y49,IF(AA49="",TRUE(),N(AB49)=AA49),IF(AC49="",TRUE(),N(AD49)=AC49),IF(AE49="",TRUE(),N(AF49)=AE49)),"一致","不一致")))) -> ― | G49: なし | W49: =IFERROR(INDEX(設定!$E$61:$E$106,MATCH(B49,設定!$B$61:$B$106,0)),"合算") -> 合算 | Y49: =IF(OR(G49="",G49="なし"),"",IF(W49="合算",CF49,IF(W49="掛金・負担金別",(AU49+AV49+AZ49+BB49+BD49),SUM(AU49:AY49)))) | AA49: =IF(OR(G49="",G49="なし"),"",IF(W49="掛金・負担金別",(AW49+AX49+AY49+BA49+BC49+BE49),IF(W49="経理区分別",AZ49+BA49,""))) | AC49: =IF(OR(G49="",G49="なし"),"",IF(W49="経理区分別",BB49+BC49,"")) | AE49: =IF(OR(G49="",G49="なし"),"",IF(W49="経理区分別",BD49+BE49,"")) | AU49: =IF($G49="",AJ49,L49) -> 0 | AV49: =IF($G49="",AK49,M49) -> 0 | AW49: =IF($G49="",AL49,N49) -> 0 | AX49: =IF($G49="",AM49,O49) -> 0 | AY49: =IF($G49="",AN49,P49) -> 0 | AZ49: =IF($G49="",AO49,Q49) -> 0 | BA49: =IF($G49="",AP49,R49) -> 0 | BB49: =IF($G49="",AQ49,S49) -> 0 | ... BE49: =IF($G49="",AT49,V49) -> 0 | BF49: =ROUNDDOWN(I49*設定!$B$10/1000,0)+ROUNDDOWN(I49*設定!$B$11/1000,0) -> 0 | BG49: =ROUNDDOWN(I49*設定!$C$10/1000,0)+ROUNDDOWN(I49*設定!$C$11/1000,0)+ROUNDDOWN(I49*設定!$C$12/1000,0) -> 0 | BH49: =ROUNDDOWN(J49*設定!$B$13/1000,0) -> 0 | BI49: =ROUNDDOWN(J49*設定!$C$13/1000,0) -> 0 | BJ49: =ROUNDDOWN(K49*設定!$B$14/1000,0) -> 0 | BK49: =ROUNDDOWN(K49*設定!$C$14/1000,0) -> 0 | BL49: =ROUNDDOWN(J49*設定!$B$15/1000,0) -> 0 | BM49: =ROUNDDOWN(J49*設定!$C$15/1000,0) -> 0 | BN49: =L49+M49 -> 0 | BO49: =N49+O49+P49 -> 0 | BP49: =Q49 -> 0 | BQ49: =R49 -> 0 | BR49: =S49 -> 0 | BS49: =T49 -> 0 | BT49: =U49 -> 0 | BU49: =V49 -> 0 | BV49: =IF(BF49=0,IF(BN49=0,0,1),(BN49-BF49)/BF49) -> 0 | BW49: =IF(BG49=0,IF(BO49=0,0,1),(BO49-BG49)/BG49) -> 0 | BX49: =IF(BH49=0,IF(BP49=0,0,1),(BP49-BH49)/BH49) -> 0 | BY49: =IF(BI49=0,IF(BQ49=0,0,1),(BQ49-BI49)/BI49) -> 0 | BZ49: =IF(BJ49=0,IF(BR49=0,0,1),(BR49-BJ49)/BJ49) -> 0 | CA49: =IF(BK49=0,IF(BS49=0,0,1),(BS49-BK49)/BK49) -> 0 | CB49: =IF(BL49=0,IF(BT49=0,0,1),(BT49-BL49)/BL49) -> 0 | CC49: =IF(BM49=0,IF(BU49=0,0,1),(BU49-BM49)/BM49) -> 0 | CD49: =MAX(MAX(BV49:CC49),-MIN(BV49:CC49)) -> 0 | CE49: =IF(CI49="","",SUMIFS($CF$7:$CF$696,$A$7:$A$696,CI49,$B$7:$B$696,B49)) | CF49: =SUM(AU49:BE49) -> 0 | CG49: =A49&"|"&B49 -> 2026-04 月例|自治労労働組合 | CH49: =IFERROR(INDEX(設定!$D$61:$D$106,MATCH(B49,設定!$B$61:$B$106,0)),"Y") -> Y | CI49: =IFERROR(INDEX(設定!$D$20:$D$34,MATCH(A49,設定!$A$20:$A$34,0))&"","")
A50: 2026-04 月例 | B50: 病院労働組合 | C50: =IF(G50="","未受領",IF(G50="なし","報告なし",IF(AH50="○","起票済",IF(OR(AG50="○",F50="一致",F50="入金不要"),"入金確認済","受領済")))) -> 入金確認済 | D50: =IF(OR(G50="",G50="なし"),"―",IF(CH50="N","対象外",IF(AND(I50="",J50="",K50=""),"標報未入力",IF(CD50>=設定!$B$4,"要確認","問題なし")))) -> 標報未入力 | E50: =IF(OR(G50="",G50="なし",CE50="",CF50=0),"―",IF(CF50=CE50,"前月同額",IF(CE50=0,"―",IF(ABS(CF50/CE50-1)>=設定!$B$5,"変動大 "&TEXT(CF50/CE50-1,"+0%;-0%"),"〇")))) -> ― | F50: =IF(OR(G50="",G50="なし"),"―",IF(CF50=0,"入金不要",IF(COUNT(Z50,AB50,AD50,AF50)=0,IF(AG50="○","手動確認","未入金"),IF(AND(N(Z50)=Y50,IF(AA50="",TRUE(),N(AB50)=AA50),IF(AC50="",TRUE(),N(AD50)=AC50),IF(AE50="",TRUE(),N(AF50)=AE50)),"一致","不一致")))) -> 手動確認 | G50: 済 | L50: 27450 | M50: 2250 | N50: 27450 | O50: 2250 | Q50: 31116 | R50: 31146 | S50: 2370 | T50: 2370 | U50: 690 | V50: 690 | W50: =IFERROR(INDEX(設定!$E$61:$E$106,MATCH(B50,設定!$B$61:$B$106,0)),"合算") -> 合算 | Y50: =IF(OR(G50="",G50="なし"),"",IF(W50="合算",CF50,IF(W50="掛金・負担金別",(AU50+AV50+AZ50+BB50+BD50),SUM(AU50:AY50)))) -> 127782 | AA50: =IF(OR(G50="",G50="なし"),"",IF(W50="掛金・負担金別",(AW50+AX50+AY50+BA50+BC50+BE50),IF(W50="経理区分別",AZ50+BA50,""))) | AC50: =IF(OR(G50="",G50="なし"),"",IF(W50="経理区分別",BB50+BC50,"")) | AE50: =IF(OR(G50="",G50="なし"),"",IF(W50="経理区分別",BD50+BE50,"")) | AG50: ○ | AU50: =IF($G50="",AJ50,L50) -> 27450 | AV50: =IF($G50="",AK50,M50) -> 2250 | AW50: =IF($G50="",AL50,N50) -> 27450 | AX50: =IF($G50="",AM50,O50) -> 2250 | AY50: =IF($G50="",AN50,P50) -> 0 | AZ50: =IF($G50="",AO50,Q50) -> 31116 | BA50: =IF($G50="",AP50,R50) -> 31146 | BB50: =IF($G50="",AQ50,S50) -> 2370 | ... BE50: =IF($G50="",AT50,V50) -> 690 | BF50: =ROUNDDOWN(I50*設定!$B$10/1000,0)+ROUNDDOWN(I50*設定!$B$11/1000,0) -> 0 | BG50: =ROUNDDOWN(I50*設定!$C$10/1000,0)+ROUNDDOWN(I50*設定!$C$11/1000,0)+ROUNDDOWN(I50*設定!$C$12/1000,0) -> 0 | BH50: =ROUNDDOWN(J50*設定!$B$13/1000,0) -> 0 | BI50: =ROUNDDOWN(J50*設定!$C$13/1000,0) -> 0 | BJ50: =ROUNDDOWN(K50*設定!$B$14/1000,0) -> 0 | BK50: =ROUNDDOWN(K50*設定!$C$14/1000,0) -> 0 | BL50: =ROUNDDOWN(J50*設定!$B$15/1000,0) -> 0 | BM50: =ROUNDDOWN(J50*設定!$C$15/1000,0) -> 0 | BN50: =L50+M50 -> 29700 | BO50: =N50+O50+P50 -> 29700 | BP50: =Q50 -> 31116 | BQ50: =R50 -> 31146 | BR50: =S50 -> 2370 | BS50: =T50 -> 2370 | BT50: =U50 -> 690 | BU50: =V50 -> 690 | BV50: =IF(BF50=0,IF(BN50=0,0,1),(BN50-BF50)/BF50) -> 1 | BW50: =IF(BG50=0,IF(BO50=0,0,1),(BO50-BG50)/BG50) -> 1 | BX50: =IF(BH50=0,IF(BP50=0,0,1),(BP50-BH50)/BH50) -> 1 | BY50: =IF(BI50=0,IF(BQ50=0,0,1),(BQ50-BI50)/BI50) -> 1 | BZ50: =IF(BJ50=0,IF(BR50=0,0,1),(BR50-BJ50)/BJ50) -> 1 | CA50: =IF(BK50=0,IF(BS50=0,0,1),(BS50-BK50)/BK50) -> 1 | CB50: =IF(BL50=0,IF(BT50=0,0,1),(BT50-BL50)/BL50) -> 1 | CC50: =IF(BM50=0,IF(BU50=0,0,1),(BU50-BM50)/BM50) -> 1 | CD50: =MAX(MAX(BV50:CC50),-MIN(BV50:CC50)) -> 1 | CE50: =IF(CI50="","",SUMIFS($CF$7:$CF$696,$A$7:$A$696,CI50,$B$7:$B$696,B50)) | CF50: =SUM(AU50:BE50) -> 127782 | CG50: =A50&"|"&B50 -> 2026-04 月例|病院労働組合 | CH50: =IFERROR(INDEX(設定!$D$61:$D$106,MATCH(B50,設定!$B$61:$B$106,0)),"Y") -> Y | CI50: =IFERROR(INDEX(設定!$D$20:$D$34,MATCH(A50,設定!$A$20:$A$34,0))&"","")
A51: 2026-04 月例 | B51: 水道労働組合 | C51: =IF(G51="","未受領",IF(G51="なし","報告なし",IF(AH51="○","起票済",IF(OR(AG51="○",F51="一致",F51="入金不要"),"入金確認済","受領済")))) -> 報告なし | D51: =IF(OR(G51="",G51="なし"),"―",IF(CH51="N","対象外",IF(AND(I51="",J51="",K51=""),"標報未入力",IF(CD51>=設定!$B$4,"要確認","問題なし")))) -> ― | E51: =IF(OR(G51="",G51="なし",CE51="",CF51=0),"―",IF(CF51=CE51,"前月同額",IF(CE51=0,"―",IF(ABS(CF51/CE51-1)>=設定!$B$5,"変動大 "&TEXT(CF51/CE51-1,"+0%;-0%"),"〇")))) -> ― | F51: =IF(OR(G51="",G51="なし"),"―",IF(CF51=0,"入金不要",IF(COUNT(Z51,AB51,AD51,AF51)=0,IF(AG51="○","手動確認","未入金"),IF(AND(N(Z51)=Y51,IF(AA51="",TRUE(),N(AB51)=AA51),IF(AC51="",TRUE(),N(AD51)=AC51),IF(AE51="",TRUE(),N(AF51)=AE51)),"一致","不一致")))) -> ― | G51: なし | W51: =IFERROR(INDEX(設定!$E$61:$E$106,MATCH(B51,設定!$B$61:$B$106,0)),"合算") -> 合算 | Y51: =IF(OR(G51="",G51="なし"),"",IF(W51="合算",CF51,IF(W51="掛金・負担金別",(AU51+AV51+AZ51+BB51+BD51),SUM(AU51:AY51)))) | AA51: =IF(OR(G51="",G51="なし"),"",IF(W51="掛金・負担金別",(AW51+AX51+AY51+BA51+BC51+BE51),IF(W51="経理区分別",AZ51+BA51,""))) | AC51: =IF(OR(G51="",G51="なし"),"",IF(W51="経理区分別",BB51+BC51,"")) | AE51: =IF(OR(G51="",G51="なし"),"",IF(W51="経理区分別",BD51+BE51,"")) | AU51: =IF($G51="",AJ51,L51) -> 0 | AV51: =IF($G51="",AK51,M51) -> 0 | AW51: =IF($G51="",AL51,N51) -> 0 | AX51: =IF($G51="",AM51,O51) -> 0 | AY51: =IF($G51="",AN51,P51) -> 0 | AZ51: =IF($G51="",AO51,Q51) -> 0 | BA51: =IF($G51="",AP51,R51) -> 0 | BB51: =IF($G51="",AQ51,S51) -> 0 | ... BE51: =IF($G51="",AT51,V51) -> 0 | BF51: =ROUNDDOWN(I51*設定!$B$10/1000,0)+ROUNDDOWN(I51*設定!$B$11/1000,0) -> 0 | BG51: =ROUNDDOWN(I51*設定!$C$10/1000,0)+ROUNDDOWN(I51*設定!$C$11/1000,0)+ROUNDDOWN(I51*設定!$C$12/1000,0) -> 0 | BH51: =ROUNDDOWN(J51*設定!$B$13/1000,0) -> 0 | BI51: =ROUNDDOWN(J51*設定!$C$13/1000,0) -> 0 | BJ51: =ROUNDDOWN(K51*設定!$B$14/1000,0) -> 0 | BK51: =ROUNDDOWN(K51*設定!$C$14/1000,0) -> 0 | BL51: =ROUNDDOWN(J51*設定!$B$15/1000,0) -> 0 | BM51: =ROUNDDOWN(J51*設定!$C$15/1000,0) -> 0 | BN51: =L51+M51 -> 0 | BO51: =N51+O51+P51 -> 0 | BP51: =Q51 -> 0 | BQ51: =R51 -> 0 | BR51: =S51 -> 0 | BS51: =T51 -> 0 | BT51: =U51 -> 0 | BU51: =V51 -> 0 | BV51: =IF(BF51=0,IF(BN51=0,0,1),(BN51-BF51)/BF51) -> 0 | BW51: =IF(BG51=0,IF(BO51=0,0,1),(BO51-BG51)/BG51) -> 0 | BX51: =IF(BH51=0,IF(BP51=0,0,1),(BP51-BH51)/BH51) -> 0 | BY51: =IF(BI51=0,IF(BQ51=0,0,1),(BQ51-BI51)/BI51) -> 0 | BZ51: =IF(BJ51=0,IF(BR51=0,0,1),(BR51-BJ51)/BJ51) -> 0 | CA51: =IF(BK51=0,IF(BS51=0,0,1),(BS51-BK51)/BK51) -> 0 | CB51: =IF(BL51=0,IF(BT51=0,0,1),(BT51-BL51)/BL51) -> 0 | CC51: =IF(BM51=0,IF(BU51=0,0,1),(BU51-BM51)/BM51) -> 0 | CD51: =MAX(MAX(BV51:CC51),-MIN(BV51:CC51)) -> 0 | CE51: =IF(CI51="","",SUMIFS($CF$7:$CF$696,$A$7:$A$696,CI51,$B$7:$B$696,B51)) | CF51: =SUM(AU51:BE51) -> 0 | CG51: =A51&"|"&B51 -> 2026-04 月例|水道労働組合 | CH51: =IFERROR(INDEX(設定!$D$61:$D$106,MATCH(B51,設定!$B$61:$B$106,0)),"Y") -> Y | CI51: =IFERROR(INDEX(設定!$D$20:$D$34,MATCH(A51,設定!$A$20:$A$34,0))&"","")
A52: 2026-04 月例 | B52: 任意継続組合員 | C52: =IF(G52="","未受領",IF(G52="なし","報告なし",IF(AH52="○","起票済",IF(OR(AG52="○",F52="一致",F52="入金不要"),"入金確認済","受領済")))) -> 受領済 | D52: =IF(OR(G52="",G52="なし"),"―",IF(CH52="N","対象外",IF(AND(I52="",J52="",K52=""),"標報未入力",IF(CD52>=設定!$B$4,"要確認","問題なし")))) -> 対象外 | E52: =IF(OR(G52="",G52="なし",CE52="",CF52=0),"―",IF(CF52=CE52,"前月同額",IF(CE52=0,"―",IF(ABS(CF52/CE52-1)>=設定!$B$5,"変動大 "&TEXT(CF52/CE52-1,"+0%;-0%"),"〇")))) -> ― | F52: =IF(OR(G52="",G52="なし"),"―",IF(CF52=0,"入金不要",IF(COUNT(Z52,AB52,AD52,AF52)=0,IF(AG52="○","手動確認","未入金"),IF(AND(N(Z52)=Y52,IF(AA52="",TRUE(),N(AB52)=AA52),IF(AC52="",TRUE(),N(AD52)=AC52),IF(AE52="",TRUE(),N(AF52)=AE52)),"一致","不一致")))) -> 未入金 | G52: 済 | Q52: 98124999 | S52: 5128891 | U52: 2174616 | W52: =IFERROR(INDEX(設定!$E$61:$E$106,MATCH(B52,設定!$B$61:$B$106,0)),"合算") -> 合算 | Y52: =IF(OR(G52="",G52="なし"),"",IF(W52="合算",CF52,IF(W52="掛金・負担金別",(AU52+AV52+AZ52+BB52+BD52),SUM(AU52:AY52)))) -> 105428506 | AA52: =IF(OR(G52="",G52="なし"),"",IF(W52="掛金・負担金別",(AW52+AX52+AY52+BA52+BC52+BE52),IF(W52="経理区分別",AZ52+BA52,""))) | AC52: =IF(OR(G52="",G52="なし"),"",IF(W52="経理区分別",BB52+BC52,"")) | AE52: =IF(OR(G52="",G52="なし"),"",IF(W52="経理区分別",BD52+BE52,"")) | AU52: =IF($G52="",AJ52,L52) -> 0 | AV52: =IF($G52="",AK52,M52) -> 0 | AW52: =IF($G52="",AL52,N52) -> 0 | AX52: =IF($G52="",AM52,O52) -> 0 | AY52: =IF($G52="",AN52,P52) -> 0 | AZ52: =IF($G52="",AO52,Q52) -> 98124999 | BA52: =IF($G52="",AP52,R52) -> 0 | BB52: =IF($G52="",AQ52,S52) -> 5128891 | ... BE52: =IF($G52="",AT52,V52) -> 0 | BF52: =ROUNDDOWN(I52*設定!$B$10/1000,0)+ROUNDDOWN(I52*設定!$B$11/1000,0) -> 0 | BG52: =ROUNDDOWN(I52*設定!$C$10/1000,0)+ROUNDDOWN(I52*設定!$C$11/1000,0)+ROUNDDOWN(I52*設定!$C$12/1000,0) -> 0 | BH52: =ROUNDDOWN(J52*設定!$B$13/1000,0) -> 0 | BI52: =ROUNDDOWN(J52*設定!$C$13/1000,0) -> 0 | BJ52: =ROUNDDOWN(K52*設定!$B$14/1000,0) -> 0 | BK52: =ROUNDDOWN(K52*設定!$C$14/1000,0) -> 0 | BL52: =ROUNDDOWN(J52*設定!$B$15/1000,0) -> 0 | BM52: =ROUNDDOWN(J52*設定!$C$15/1000,0) -> 0 | BN52: =L52+M52 -> 0 | BO52: =N52+O52+P52 -> 0 | BP52: =Q52 -> 98124999 | BQ52: =R52 -> 0 | BR52: =S52 -> 5128891 | BS52: =T52 -> 0 | BT52: =U52 -> 2174616 | BU52: =V52 -> 0 | BV52: =IF(BF52=0,IF(BN52=0,0,1),(BN52-BF52)/BF52) -> 0 | BW52: =IF(BG52=0,IF(BO52=0,0,1),(BO52-BG52)/BG52) -> 0 | BX52: =IF(BH52=0,IF(BP52=0,0,1),(BP52-BH52)/BH52) -> 1 | BY52: =IF(BI52=0,IF(BQ52=0,0,1),(BQ52-BI52)/BI52) -> 0 | BZ52: =IF(BJ52=0,IF(BR52=0,0,1),(BR52-BJ52)/BJ52) -> 1 | CA52: =IF(BK52=0,IF(BS52=0,0,1),(BS52-BK52)/BK52) -> 0 | CB52: =IF(BL52=0,IF(BT52=0,0,1),(BT52-BL52)/BL52) -> 1 | CC52: =IF(BM52=0,IF(BU52=0,0,1),(BU52-BM52)/BM52) -> 0 | CD52: =MAX(MAX(BV52:CC52),-MIN(BV52:CC52)) -> 1 | CE52: =IF(CI52="","",SUMIFS($CF$7:$CF$696,$A$7:$A$696,CI52,$B$7:$B$696,B52)) | CF52: =SUM(AU52:BE52) -> 105428506 | CG52: =A52&"|"&B52 -> 2026-04 月例|任意継続組合員 | CH52: =IFERROR(INDEX(設定!$D$61:$D$106,MATCH(B52,設定!$B$61:$B$106,0)),"Y") -> N | CI52: =IFERROR(INDEX(設定!$D$20:$D$34,MATCH(A52,設定!$A$20:$A$34,0))&"","")
A53: 2026-05 月例 | B53: 市長部局 | C53: =IF(G53="","未受領",IF(G53="なし","報告なし",IF(AH53="○","起票済",IF(OR(AG53="○",F53="一致",F53="入金不要"),"入金確認済","受領済")))) -> 入金確認済 | D53: =IF(OR(G53="",G53="なし"),"―",IF(CH53="N","対象外",IF(AND(I53="",J53="",K53=""),"標報未入力",IF(CD53>=設定!$B$4,"要確認","問題なし")))) -> 対象外 | E53: =IF(OR(G53="",G53="なし",CE53="",CF53=0),"―",IF(CF53=CE53,"前月同額",IF(CE53=0,"―",IF(ABS(CF53/CE53-1)>=設定!$B$5,"変動大 "&TEXT(CF53/CE53-1,"+0%;-0%"),"〇")))) -> 〇 | F53: =IF(OR(G53="",G53="なし"),"―",IF(CF53=0,"入金不要",IF(COUNT(Z53,AB53,AD53,AF53)=0,IF(AG53="○","手動確認","未入金"),IF(AND(N(Z53)=Y53,IF(AA53="",TRUE(),N(AB53)=AA53),IF(AC53="",TRUE(),N(AD53)=AC53),IF(AE53="",TRUE(),N(AF53)=AE53)),"一致","不一致")))) -> 手動確認 | G53: 済 | L53: 238475809 | M53: 19550325 | N53: 341906412 | O53: 19051575 | P53: 229826 | Q53: 172680807 | R53: 172045423 | S53: 15732881 | T53: 15312274 | U53: 3826633 | V53: 3748524 | W53: =IFERROR(INDEX(設定!$E$61:$E$106,MATCH(B53,設定!$B$61:$B$106,0)),"合算") -> 合算 | Y53: =IF(OR(G53="",G53="なし"),"",IF(W53="合算",CF53,IF(W53="掛金・負担金別",(AU53+AV53+AZ53+BB53+BD53),SUM(AU53:AY53)))) -> 1002560489 | AA53: =IF(OR(G53="",G53="なし"),"",IF(W53="掛金・負担金別",(AW53+AX53+AY53+BA53+BC53+BE53),IF(W53="経理区分別",AZ53+BA53,""))) | AC53: =IF(OR(G53="",G53="なし"),"",IF(W53="経理区分別",BB53+BC53,"")) | AE53: =IF(OR(G53="",G53="なし"),"",IF(W53="経理区分別",BD53+BE53,"")) | AG53: ○ | AU53: =IF($G53="",AJ53,L53) -> 238475809 | AV53: =IF($G53="",AK53,M53) -> 19550325 | AW53: =IF($G53="",AL53,N53) -> 341906412 | AX53: =IF($G53="",AM53,O53) -> 19051575 | AY53: =IF($G53="",AN53,P53) -> 229826 | AZ53: =IF($G53="",AO53,Q53) -> 172680807 | BA53: =IF($G53="",AP53,R53) -> 172045423 | BB53: =IF($G53="",AQ53,S53) -> 15732881 | ... BE53: =IF($G53="",AT53,V53) -> 3748524 | BF53: =ROUNDDOWN(I53*設定!$B$10/1000,0)+ROUNDDOWN(I53*設定!$B$11/1000,0) -> 0 | BG53: =ROUNDDOWN(I53*設定!$C$10/1000,0)+ROUNDDOWN(I53*設定!$C$11/1000,0)+ROUNDDOWN(I53*設定!$C$12/1000,0) -> 0 | BH53: =ROUNDDOWN(J53*設定!$B$13/1000,0) -> 0 | BI53: =ROUNDDOWN(J53*設定!$C$13/1000,0) -> 0 | BJ53: =ROUNDDOWN(K53*設定!$B$14/1000,0) -> 0 | BK53: =ROUNDDOWN(K53*設定!$C$14/1000,0) -> 0 | BL53: =ROUNDDOWN(J53*設定!$B$15/1000,0) -> 0 | BM53: =ROUNDDOWN(J53*設定!$C$15/1000,0) -> 0 | BN53: =L53+M53 -> 258026134 | BO53: =N53+O53+P53 -> 361187813 | BP53: =Q53 -> 172680807 | BQ53: =R53 -> 172045423 | BR53: =S53 -> 15732881 | BS53: =T53 -> 15312274 | BT53: =U53 -> 3826633 | BU53: =V53 -> 3748524 | BV53: =IF(BF53=0,IF(BN53=0,0,1),(BN53-BF53)/BF53) -> 1 | BW53: =IF(BG53=0,IF(BO53=0,0,1),(BO53-BG53)/BG53) -> 1 | BX53: =IF(BH53=0,IF(BP53=0,0,1),(BP53-BH53)/BH53) -> 1 | BY53: =IF(BI53=0,IF(BQ53=0,0,1),(BQ53-BI53)/BI53) -> 1 | BZ53: =IF(BJ53=0,IF(BR53=0,0,1),(BR53-BJ53)/BJ53) -> 1 | CA53: =IF(BK53=0,IF(BS53=0,0,1),(BS53-BK53)/BK53) -> 1 | CB53: =IF(BL53=0,IF(BT53=0,0,1),(BT53-BL53)/BL53) -> 1 | CC53: =IF(BM53=0,IF(BU53=0,0,1),(BU53-BM53)/BM53) -> 1 | CD53: =MAX(MAX(BV53:CC53),-MIN(BV53:CC53)) -> 1 | CE53: =IF(CI53="","",SUMIFS($CF$7:$CF$696,$A$7:$A$696,CI53,$B$7:$B$696,B53)) -> 998666978 | CF53: =SUM(AU53:BE53) -> 1002560489 | CG53: =A53&"|"&B53 -> 2026-05 月例|市長部局 | CH53: =IFERROR(INDEX(設定!$D$61:$D$106,MATCH(B53,設定!$B$61:$B$106,0)),"Y") -> N | CI53: =IFERROR(INDEX(設定!$D$20:$D$34,MATCH(A53,設定!$A$20:$A$34,0))&"","") -> 2026-04 月例
A54: 2026-05 月例 | B54: 下水道局 | C54: =IF(G54="","未受領",IF(G54="なし","報告なし",IF(AH54="○","起票済",IF(OR(AG54="○",F54="一致",F54="入金不要"),"入金確認済","受領済")))) -> 入金確認済 | D54: =IF(OR(G54="",G54="なし"),"―",IF(CH54="N","対象外",IF(AND(I54="",J54="",K54=""),"標報未入力",IF(CD54>=設定!$B$4,"要確認","問題なし")))) -> 標報未入力 | E54: =IF(OR(G54="",G54="なし",CE54="",CF54=0),"―",IF(CF54=CE54,"前月同額",IF(CE54=0,"―",IF(ABS(CF54/CE54-1)>=設定!$B$5,"変動大 "&TEXT(CF54/CE54-1,"+0%;-0%"),"〇")))) -> 〇 | F54: =IF(OR(G54="",G54="なし"),"―",IF(CF54=0,"入金不要",IF(COUNT(Z54,AB54,AD54,AF54)=0,IF(AG54="○","手動確認","未入金"),IF(AND(N(Z54)=Y54,IF(AA54="",TRUE(),N(AB54)=AA54),IF(AC54="",TRUE(),N(AD54)=AC54),IF(AE54="",TRUE(),N(AF54)=AE54)),"一致","不一致")))) -> 手動確認 | G54: 済 | L54: 16359285 | M54: 1340925 | N54: 23561370 | O54: 1337175 | P54: 15777 | Q54: 9601929 | R54: 9739721 | S54: 1024897 | T54: 1020947 | U54: 212850 | V54: 212346 | W54: =IFERROR(INDEX(設定!$E$61:$E$106,MATCH(B54,設定!$B$61:$B$106,0)),"合算") -> 合算 | Y54: =IF(OR(G54="",G54="なし"),"",IF(W54="合算",CF54,IF(W54="掛金・負担金別",(AU54+AV54+AZ54+BB54+BD54),SUM(AU54:AY54)))) -> 64427222 | AA54: =IF(OR(G54="",G54="なし"),"",IF(W54="掛金・負担金別",(AW54+AX54+AY54+BA54+BC54+BE54),IF(W54="経理区分別",AZ54+BA54,""))) | AC54: =IF(OR(G54="",G54="なし"),"",IF(W54="経理区分別",BB54+BC54,"")) | AE54: =IF(OR(G54="",G54="なし"),"",IF(W54="経理区分別",BD54+BE54,"")) | AG54: ○ | AU54: =IF($G54="",AJ54,L54) -> 16359285 | AV54: =IF($G54="",AK54,M54) -> 1340925 | AW54: =IF($G54="",AL54,N54) -> 23561370 | AX54: =IF($G54="",AM54,O54) -> 1337175 | AY54: =IF($G54="",AN54,P54) -> 15777 | AZ54: =IF($G54="",AO54,Q54) -> 9601929 | BA54: =IF($G54="",AP54,R54) -> 9739721 | BB54: =IF($G54="",AQ54,S54) -> 1024897 | ... BE54: =IF($G54="",AT54,V54) -> 212346 | BF54: =ROUNDDOWN(I54*設定!$B$10/1000,0)+ROUNDDOWN(I54*設定!$B$11/1000,0) -> 0 | BG54: =ROUNDDOWN(I54*設定!$C$10/1000,0)+ROUNDDOWN(I54*設定!$C$11/1000,0)+ROUNDDOWN(I54*設定!$C$12/1000,0) -> 0 | BH54: =ROUNDDOWN(J54*設定!$B$13/1000,0) -> 0 | BI54: =ROUNDDOWN(J54*設定!$C$13/1000,0) -> 0 | BJ54: =ROUNDDOWN(K54*設定!$B$14/1000,0) -> 0 | BK54: =ROUNDDOWN(K54*設定!$C$14/1000,0) -> 0 | BL54: =ROUNDDOWN(J54*設定!$B$15/1000,0) -> 0 | BM54: =ROUNDDOWN(J54*設定!$C$15/1000,0) -> 0 | BN54: =L54+M54 -> 17700210 | BO54: =N54+O54+P54 -> 24914322 | BP54: =Q54 -> 9601929 | BQ54: =R54 -> 9739721 | BR54: =S54 -> 1024897 | BS54: =T54 -> 1020947 | BT54: =U54 -> 212850 | BU54: =V54 -> 212346 | BV54: =IF(BF54=0,IF(BN54=0,0,1),(BN54-BF54)/BF54) -> 1 | BW54: =IF(BG54=0,IF(BO54=0,0,1),(BO54-BG54)/BG54) -> 1 | BX54: =IF(BH54=0,IF(BP54=0,0,1),(BP54-BH54)/BH54) -> 1 | BY54: =IF(BI54=0,IF(BQ54=0,0,1),(BQ54-BI54)/BI54) -> 1 | BZ54: =IF(BJ54=0,IF(BR54=0,0,1),(BR54-BJ54)/BJ54) -> 1 | CA54: =IF(BK54=0,IF(BS54=0,0,1),(BS54-BK54)/BK54) -> 1 | CB54: =IF(BL54=0,IF(BT54=0,0,1),(BT54-BL54)/BL54) -> 1 | CC54: =IF(BM54=0,IF(BU54=0,0,1),(BU54-BM54)/BM54) -> 1 | CD54: =MAX(MAX(BV54:CC54),-MIN(BV54:CC54)) -> 1 | CE54: =IF(CI54="","",SUMIFS($CF$7:$CF$696,$A$7:$A$696,CI54,$B$7:$B$696,B54)) -> 64799394 | CF54: =SUM(AU54:BE54) -> 64427222 | CG54: =A54&"|"&B54 -> 2026-05 月例|下水道局 | CH54: =IFERROR(INDEX(設定!$D$61:$D$106,MATCH(B54,設定!$B$61:$B$106,0)),"Y") -> Y | CI54: =IFERROR(INDEX(設定!$D$20:$D$34,MATCH(A54,設定!$A$20:$A$34,0))&"","") -> 2026-04 月例
A55: 2026-05 月例 | B55: 消防局 | C55: =IF(G55="","未受領",IF(G55="なし","報告なし",IF(AH55="○","起票済",IF(OR(AG55="○",F55="一致",F55="入金不要"),"入金確認済","受領済")))) -> 入金確認済 | D55: =IF(OR(G55="",G55="なし"),"―",IF(CH55="N","対象外",IF(AND(I55="",J55="",K55=""),"標報未入力",IF(CD55>=設定!$B$4,"要確認","問題なし")))) -> 対象外 | E55: =IF(OR(G55="",G55="なし",CE55="",CF55=0),"―",IF(CF55=CE55,"前月同額",IF(CE55=0,"―",IF(ABS(CF55/CE55-1)>=設定!$B$5,"変動大 "&TEXT(CF55/CE55-1,"+0%;-0%"),"〇")))) -> 〇 | F55: =IF(OR(G55="",G55="なし"),"―",IF(CF55=0,"入金不要",IF(COUNT(Z55,AB55,AD55,AF55)=0,IF(AG55="○","手動確認","未入金"),IF(AND(N(Z55)=Y55,IF(AA55="",TRUE(),N(AB55)=AA55),IF(AC55="",TRUE(),N(AD55)=AC55),IF(AE55="",TRUE(),N(AF55)=AE55)),"一致","不一致")))) -> 手動確認 | G55: 済 | L55: 55313397 | M55: 4533885 | N55: 79511518 | O55: 4518060 | P55: 52836 | Q55: 32062535 | R55: 32497376 | S55: 2046682 | T55: 2033728 | U55: 710742 | V55: 708581 | W55: =IFERROR(INDEX(設定!$E$61:$E$106,MATCH(B55,設定!$B$61:$B$106,0)),"合算") -> 合算 | Y55: =IF(OR(G55="",G55="なし"),"",IF(W55="合算",CF55,IF(W55="掛金・負担金別",(AU55+AV55+AZ55+BB55+BD55),SUM(AU55:AY55)))) -> 213989340 | AA55: =IF(OR(G55="",G55="なし"),"",IF(W55="掛金・負担金別",(AW55+AX55+AY55+BA55+BC55+BE55),IF(W55="経理区分別",AZ55+BA55,""))) | AC55: =IF(OR(G55="",G55="なし"),"",IF(W55="経理区分別",BB55+BC55,"")) | AE55: =IF(OR(G55="",G55="なし"),"",IF(W55="経理区分別",BD55+BE55,"")) | AG55: ○ | AU55: =IF($G55="",AJ55,L55) -> 55313397 | AV55: =IF($G55="",AK55,M55) -> 4533885 | AW55: =IF($G55="",AL55,N55) -> 79511518 | AX55: =IF($G55="",AM55,O55) -> 4518060 | AY55: =IF($G55="",AN55,P55) -> 52836 | AZ55: =IF($G55="",AO55,Q55) -> 32062535 | BA55: =IF($G55="",AP55,R55) -> 32497376 | BB55: =IF($G55="",AQ55,S55) -> 2046682 | ... BE55: =IF($G55="",AT55,V55) -> 708581 | BF55: =ROUNDDOWN(I55*設定!$B$10/1000,0)+ROUNDDOWN(I55*設定!$B$11/1000,0) -> 0 | BG55: =ROUNDDOWN(I55*設定!$C$10/1000,0)+ROUNDDOWN(I55*設定!$C$11/1000,0)+ROUNDDOWN(I55*設定!$C$12/1000,0) -> 0 | BH55: =ROUNDDOWN(J55*設定!$B$13/1000,0) -> 0 | BI55: =ROUNDDOWN(J55*設定!$C$13/1000,0) -> 0 | BJ55: =ROUNDDOWN(K55*設定!$B$14/1000,0) -> 0 | BK55: =ROUNDDOWN(K55*設定!$C$14/1000,0) -> 0 | BL55: =ROUNDDOWN(J55*設定!$B$15/1000,0) -> 0 | BM55: =ROUNDDOWN(J55*設定!$C$15/1000,0) -> 0 | BN55: =L55+M55 -> 59847282 | BO55: =N55+O55+P55 -> 84082414 | BP55: =Q55 -> 32062535 | BQ55: =R55 -> 32497376 | BR55: =S55 -> 2046682 | BS55: =T55 -> 2033728 | BT55: =U55 -> 710742 | BU55: =V55 -> 708581 | BV55: =IF(BF55=0,IF(BN55=0,0,1),(BN55-BF55)/BF55) -> 1 | BW55: =IF(BG55=0,IF(BO55=0,0,1),(BO55-BG55)/BG55) -> 1 | BX55: =IF(BH55=0,IF(BP55=0,0,1),(BP55-BH55)/BH55) -> 1 | BY55: =IF(BI55=0,IF(BQ55=0,0,1),(BQ55-BI55)/BI55) -> 1 | BZ55: =IF(BJ55=0,IF(BR55=0,0,1),(BR55-BJ55)/BJ55) -> 1 | CA55: =IF(BK55=0,IF(BS55=0,0,1),(BS55-BK55)/BK55) -> 1 | CB55: =IF(BL55=0,IF(BT55=0,0,1),(BT55-BL55)/BL55) -> 1 | CC55: =IF(BM55=0,IF(BU55=0,0,1),(BU55-BM55)/BM55) -> 1 | CD55: =MAX(MAX(BV55:CC55),-MIN(BV55:CC55)) -> 1 | CE55: =IF(CI55="","",SUMIFS($CF$7:$CF$696,$A$7:$A$696,CI55,$B$7:$B$696,B55)) -> 213417635 | CF55: =SUM(AU55:BE55) -> 213989340 | CG55: =A55&"|"&B55 -> 2026-05 月例|消防局 | CH55: =IFERROR(INDEX(設定!$D$61:$D$106,MATCH(B55,設定!$B$61:$B$106,0)),"Y") -> N | CI55: =IFERROR(INDEX(設定!$D$20:$D$34,MATCH(A55,設定!$A$20:$A$34,0))&"","") -> 2026-04 月例
A56: 2026-05 月例 | B56: 議会事務局 | C56: =IF(G56="","未受領",IF(G56="なし","報告なし",IF(AH56="○","起票済",IF(OR(AG56="○",F56="一致",F56="入金不要"),"入金確認済","受領済")))) -> 入金確認済 | D56: =IF(OR(G56="",G56="なし"),"―",IF(CH56="N","対象外",IF(AND(I56="",J56="",K56=""),"標報未入力",IF(CD56>=設定!$B$4,"要確認","問題なし")))) -> 標報未入力 | E56: =IF(OR(G56="",G56="なし",CE56="",CF56=0),"―",IF(CF56=CE56,"前月同額",IF(CE56=0,"―",IF(ABS(CF56/CE56-1)>=設定!$B$5,"変動大 "&TEXT(CF56/CE56-1,"+0%;-0%"),"〇")))) -> 〇 | F56: =IF(OR(G56="",G56="なし"),"―",IF(CF56=0,"入金不要",IF(COUNT(Z56,AB56,AD56,AF56)=0,IF(AG56="○","手動確認","未入金"),IF(AND(N(Z56)=Y56,IF(AA56="",TRUE(),N(AB56)=AA56),IF(AC56="",TRUE(),N(AD56)=AC56),IF(AE56="",TRUE(),N(AF56)=AE56)),"一致","不一致")))) -> 手動確認 | G56: 済 | L56: 1810785 | M56: 148425 | N56: 2609982 | O56: 148425 | P56: 1740 | Q56: 1048696 | R56: 1066514 | S56: 101925 | T56: 101925 | U56: 23247 | V56: 23255 | W56: =IFERROR(INDEX(設定!$E$61:$E$106,MATCH(B56,設定!$B$61:$B$106,0)),"合算") -> 合算 | Y56: =IF(OR(G56="",G56="なし"),"",IF(W56="合算",CF56,IF(W56="掛金・負担金別",(AU56+AV56+AZ56+BB56+BD56),SUM(AU56:AY56)))) -> 7084919 | AA56: =IF(OR(G56="",G56="なし"),"",IF(W56="掛金・負担金別",(AW56+AX56+AY56+BA56+BC56+BE56),IF(W56="経理区分別",AZ56+BA56,""))) | AC56: =IF(OR(G56="",G56="なし"),"",IF(W56="経理区分別",BB56+BC56,"")) | AE56: =IF(OR(G56="",G56="なし"),"",IF(W56="経理区分別",BD56+BE56,"")) | AG56: ○ | AU56: =IF($G56="",AJ56,L56) -> 1810785 | AV56: =IF($G56="",AK56,M56) -> 148425 | AW56: =IF($G56="",AL56,N56) -> 2609982 | AX56: =IF($G56="",AM56,O56) -> 148425 | AY56: =IF($G56="",AN56,P56) -> 1740 | AZ56: =IF($G56="",AO56,Q56) -> 1048696 | BA56: =IF($G56="",AP56,R56) -> 1066514 | BB56: =IF($G56="",AQ56,S56) -> 101925 | ... BE56: =IF($G56="",AT56,V56) -> 23255 | BF56: =ROUNDDOWN(I56*設定!$B$10/1000,0)+ROUNDDOWN(I56*設定!$B$11/1000,0) -> 0 | BG56: =ROUNDDOWN(I56*設定!$C$10/1000,0)+ROUNDDOWN(I56*設定!$C$11/1000,0)+ROUNDDOWN(I56*設定!$C$12/1000,0) -> 0 | BH56: =ROUNDDOWN(J56*設定!$B$13/1000,0) -> 0 | BI56: =ROUNDDOWN(J56*設定!$C$13/1000,0) -> 0 | BJ56: =ROUNDDOWN(K56*設定!$B$14/1000,0) -> 0 | BK56: =ROUNDDOWN(K56*設定!$C$14/1000,0) -> 0 | BL56: =ROUNDDOWN(J56*設定!$B$15/1000,0) -> 0 | BM56: =ROUNDDOWN(J56*設定!$C$15/1000,0) -> 0 | BN56: =L56+M56 -> 1959210 | BO56: =N56+O56+P56 -> 2760147 | BP56: =Q56 -> 1048696 | BQ56: =R56 -> 1066514 | BR56: =S56 -> 101925 | BS56: =T56 -> 101925 | BT56: =U56 -> 23247 | BU56: =V56 -> 23255 | BV56: =IF(BF56=0,IF(BN56=0,0,1),(BN56-BF56)/BF56) -> 1 | BW56: =IF(BG56=0,IF(BO56=0,0,1),(BO56-BG56)/BG56) -> 1 | BX56: =IF(BH56=0,IF(BP56=0,0,1),(BP56-BH56)/BH56) -> 1 | BY56: =IF(BI56=0,IF(BQ56=0,0,1),(BQ56-BI56)/BI56) -> 1 | BZ56: =IF(BJ56=0,IF(BR56=0,0,1),(BR56-BJ56)/BJ56) -> 1 | CA56: =IF(BK56=0,IF(BS56=0,0,1),(BS56-BK56)/BK56) -> 1 | CB56: =IF(BL56=0,IF(BT56=0,0,1),(BT56-BL56)/BL56) -> 1 | CC56: =IF(BM56=0,IF(BU56=0,0,1),(BU56-BM56)/BM56) -> 1 | CD56: =MAX(MAX(BV56:CC56),-MIN(BV56:CC56)) -> 1 | CE56: =IF(CI56="","",SUMIFS($CF$7:$CF$696,$A$7:$A$696,CI56,$B$7:$B$696,B56)) -> 7101212 | CF56: =SUM(AU56:BE56) -> 7084919 | CG56: =A56&"|"&B56 -> 2026-05 月例|議会事務局 | CH56: =IFERROR(INDEX(設定!$D$61:$D$106,MATCH(B56,設定!$B$61:$B$106,0)),"Y") -> Y | CI56: =IFERROR(INDEX(設定!$D$20:$D$34,MATCH(A56,設定!$A$20:$A$34,0))&"","") -> 2026-04 月例
A57: 2026-05 月例 | B57: 教育委員会（総務課） | C57: =IF(G57="","未受領",IF(G57="なし","報告なし",IF(AH57="○","起票済",IF(OR(AG57="○",F57="一致",F57="入金不要"),"入金確認済","受領済")))) -> 入金確認済 | D57: =IF(OR(G57="",G57="なし"),"―",IF(CH57="N","対象外",IF(AND(I57="",J57="",K57=""),"標報未入力",IF(CD57>=設定!$B$4,"要確認","問題なし")))) -> 対象外 | E57: =IF(OR(G57="",G57="なし",CE57="",CF57=0),"―",IF(CF57=CE57,"前月同額",IF(CE57=0,"―",IF(ABS(CF57/CE57-1)>=設定!$B$5,"変動大 "&TEXT(CF57/CE57-1,"+0%;-0%"),"〇")))) -> 〇 | F57: =IF(OR(G57="",G57="なし"),"―",IF(CF57=0,"入金不要",IF(COUNT(Z57,AB57,AD57,AF57)=0,IF(AG57="○","手動確認","未入金"),IF(AND(N(Z57)=Y57,IF(AA57="",TRUE(),N(AB57)=AA57),IF(AC57="",TRUE(),N(AD57)=AC57),IF(AE57="",TRUE(),N(AF57)=AE57)),"一致","不一致")))) -> 手動確認 | G57: 済 | L57: 23673063 | M57: 1940415 | N57: 34108975 | O57: 1940415 | P57: 22724 | Q57: 23500578 | R57: 23962291 | S57: 2734336 | T57: 2743806 | U57: 519699 | V57: 521587 | W57: =IFERROR(INDEX(設定!$E$61:$E$106,MATCH(B57,設定!$B$61:$B$106,0)),"合算") -> 合算 | Y57: =IF(OR(G57="",G57="なし"),"",IF(W57="合算",CF57,IF(W57="掛金・負担金別",(AU57+AV57+AZ57+BB57+BD57),SUM(AU57:AY57)))) -> 115667889 | AA57: =IF(OR(G57="",G57="なし"),"",IF(W57="掛金・負担金別",(AW57+AX57+AY57+BA57+BC57+BE57),IF(W57="経理区分別",AZ57+BA57,""))) | AC57: =IF(OR(G57="",G57="なし"),"",IF(W57="経理区分別",BB57+BC57,"")) | AE57: =IF(OR(G57="",G57="なし"),"",IF(W57="経理区分別",BD57+BE57,"")) | AG57: ○ | AU57: =IF($G57="",AJ57,L57) -> 23673063 | AV57: =IF($G57="",AK57,M57) -> 1940415 | AW57: =IF($G57="",AL57,N57) -> 34108975 | AX57: =IF($G57="",AM57,O57) -> 1940415 | AY57: =IF($G57="",AN57,P57) -> 22724 | AZ57: =IF($G57="",AO57,Q57) -> 23500578 | BA57: =IF($G57="",AP57,R57) -> 23962291 | BB57: =IF($G57="",AQ57,S57) -> 2734336 | ... BE57: =IF($G57="",AT57,V57) -> 521587 | BF57: =ROUNDDOWN(I57*設定!$B$10/1000,0)+ROUNDDOWN(I57*設定!$B$11/1000,0) -> 0 | BG57: =ROUNDDOWN(I57*設定!$C$10/1000,0)+ROUNDDOWN(I57*設定!$C$11/1000,0)+ROUNDDOWN(I57*設定!$C$12/1000,0) -> 0 | BH57: =ROUNDDOWN(J57*設定!$B$13/1000,0) -> 0 | BI57: =ROUNDDOWN(J57*設定!$C$13/1000,0) -> 0 | BJ57: =ROUNDDOWN(K57*設定!$B$14/1000,0) -> 0 | BK57: =ROUNDDOWN(K57*設定!$C$14/1000,0) -> 0 | BL57: =ROUNDDOWN(J57*設定!$B$15/1000,0) -> 0 | BM57: =ROUNDDOWN(J57*設定!$C$15/1000,0) -> 0 | BN57: =L57+M57 -> 25613478 | BO57: =N57+O57+P57 -> 36072114 | BP57: =Q57 -> 23500578 | BQ57: =R57 -> 23962291 | BR57: =S57 -> 2734336 | BS57: =T57 -> 2743806 | BT57: =U57 -> 519699 | BU57: =V57 -> 521587 | BV57: =IF(BF57=0,IF(BN57=0,0,1),(BN57-BF57)/BF57) -> 1 | BW57: =IF(BG57=0,IF(BO57=0,0,1),(BO57-BG57)/BG57) -> 1 | BX57: =IF(BH57=0,IF(BP57=0,0,1),(BP57-BH57)/BH57) -> 1 | BY57: =IF(BI57=0,IF(BQ57=0,0,1),(BQ57-BI57)/BI57) -> 1 | BZ57: =IF(BJ57=0,IF(BR57=0,0,1),(BR57-BJ57)/BJ57) -> 1 | CA57: =IF(BK57=0,IF(BS57=0,0,1),(BS57-BK57)/BK57) -> 1 | CB57: =IF(BL57=0,IF(BT57=0,0,1),(BT57-BL57)/BL57) -> 1 | CC57: =IF(BM57=0,IF(BU57=0,0,1),(BU57-BM57)/BM57) -> 1 | CD57: =MAX(MAX(BV57:CC57),-MIN(BV57:CC57)) -> 1 | CE57: =IF(CI57="","",SUMIFS($CF$7:$CF$696,$A$7:$A$696,CI57,$B$7:$B$696,B57)) -> 114359817 | CF57: =SUM(AU57:BE57) -> 115667889 | CG57: =A57&"|"&B57 -> 2026-05 月例|教育委員会（総務課） | CH57: =IFERROR(INDEX(設定!$D$61:$D$106,MATCH(B57,設定!$B$61:$B$106,0)),"Y") -> N | CI57: =IFERROR(INDEX(設定!$D$20:$D$34,MATCH(A57,設定!$A$20:$A$34,0))&"","") -> 2026-04 月例
A58: 2026-05 月例 | B58: 選挙管理委員会 | C58: =IF(G58="","未受領",IF(G58="なし","報告なし",IF(AH58="○","起票済",IF(OR(AG58="○",F58="一致",F58="入金不要"),"入金確認済","受領済")))) -> 入金確認済 | D58: =IF(OR(G58="",G58="なし"),"―",IF(CH58="N","対象外",IF(AND(I58="",J58="",K58=""),"標報未入力",IF(CD58>=設定!$B$4,"要確認","問題なし")))) -> 標報未入力 | E58: =IF(OR(G58="",G58="なし",CE58="",CF58=0),"―",IF(CF58=CE58,"前月同額",IF(CE58=0,"―",IF(ABS(CF58/CE58-1)>=設定!$B$5,"変動大 "&TEXT(CF58/CE58-1,"+0%;-0%"),"〇")))) -> 前月同額 | F58: =IF(OR(G58="",G58="なし"),"―",IF(CF58=0,"入金不要",IF(COUNT(Z58,AB58,AD58,AF58)=0,IF(AG58="○","手動確認","未入金"),IF(AND(N(Z58)=Y58,IF(AA58="",TRUE(),N(AB58)=AA58),IF(AC58="",TRUE(),N(AD58)=AC58),IF(AE58="",TRUE(),N(AF58)=AE58)),"一致","不一致")))) -> 手動確認 | G58: 済 | L58: 326655 | M58: 26775 | N58: 469098 | O58: 26775 | P58: 310 | Q58: 205363 | R58: 208810 | S58: 15800 | T58: 15800 | U58: 4552 | V58: 4553 | W58: =IFERROR(INDEX(設定!$E$61:$E$106,MATCH(B58,設定!$B$61:$B$106,0)),"合算") -> 合算 | Y58: =IF(OR(G58="",G58="なし"),"",IF(W58="合算",CF58,IF(W58="掛金・負担金別",(AU58+AV58+AZ58+BB58+BD58),SUM(AU58:AY58)))) -> 1304491 | AA58: =IF(OR(G58="",G58="なし"),"",IF(W58="掛金・負担金別",(AW58+AX58+AY58+BA58+BC58+BE58),IF(W58="経理区分別",AZ58+BA58,""))) | AC58: =IF(OR(G58="",G58="なし"),"",IF(W58="経理区分別",BB58+BC58,"")) | AE58: =IF(OR(G58="",G58="なし"),"",IF(W58="経理区分別",BD58+BE58,"")) | AG58: ○ | AU58: =IF($G58="",AJ58,L58) -> 326655 | AV58: =IF($G58="",AK58,M58) -> 26775 | AW58: =IF($G58="",AL58,N58) -> 469098 | AX58: =IF($G58="",AM58,O58) -> 26775 | AY58: =IF($G58="",AN58,P58) -> 310 | AZ58: =IF($G58="",AO58,Q58) -> 205363 | BA58: =IF($G58="",AP58,R58) -> 208810 | BB58: =IF($G58="",AQ58,S58) -> 15800 | ... BE58: =IF($G58="",AT58,V58) -> 4553 | BF58: =ROUNDDOWN(I58*設定!$B$10/1000,0)+ROUNDDOWN(I58*設定!$B$11/1000,0) -> 0 | BG58: =ROUNDDOWN(I58*設定!$C$10/1000,0)+ROUNDDOWN(I58*設定!$C$11/1000,0)+ROUNDDOWN(I58*設定!$C$12/1000,0) -> 0 | BH58: =ROUNDDOWN(J58*設定!$B$13/1000,0) -> 0 | BI58: =ROUNDDOWN(J58*設定!$C$13/1000,0) -> 0 | BJ58: =ROUNDDOWN(K58*設定!$B$14/1000,0) -> 0 | BK58: =ROUNDDOWN(K58*設定!$C$14/1000,0) -> 0 | BL58: =ROUNDDOWN(J58*設定!$B$15/1000,0) -> 0 | BM58: =ROUNDDOWN(J58*設定!$C$15/1000,0) -> 0 | BN58: =L58+M58 -> 353430 | BO58: =N58+O58+P58 -> 496183 | BP58: =Q58 -> 205363 | BQ58: =R58 -> 208810 | BR58: =S58 -> 15800 | BS58: =T58 -> 15800 | BT58: =U58 -> 4552 | BU58: =V58 -> 4553 | BV58: =IF(BF58=0,IF(BN58=0,0,1),(BN58-BF58)/BF58) -> 1 | BW58: =IF(BG58=0,IF(BO58=0,0,1),(BO58-BG58)/BG58) -> 1 | BX58: =IF(BH58=0,IF(BP58=0,0,1),(BP58-BH58)/BH58) -> 1 | BY58: =IF(BI58=0,IF(BQ58=0,0,1),(BQ58-BI58)/BI58) -> 1 | BZ58: =IF(BJ58=0,IF(BR58=0,0,1),(BR58-BJ58)/BJ58) -> 1 | CA58: =IF(BK58=0,IF(BS58=0,0,1),(BS58-BK58)/BK58) -> 1 | CB58: =IF(BL58=0,IF(BT58=0,0,1),(BT58-BL58)/BL58) -> 1 | CC58: =IF(BM58=0,IF(BU58=0,0,1),(BU58-BM58)/BM58) -> 1 | CD58: =MAX(MAX(BV58:CC58),-MIN(BV58:CC58)) -> 1 | CE58: =IF(CI58="","",SUMIFS($CF$7:$CF$696,$A$7:$A$696,CI58,$B$7:$B$696,B58)) -> 1304491 | CF58: =SUM(AU58:BE58) -> 1304491 | CG58: =A58&"|"&B58 -> 2026-05 月例|選挙管理委員会 | CH58: =IFERROR(INDEX(設定!$D$61:$D$106,MATCH(B58,設定!$B$61:$B$106,0)),"Y") -> Y | CI58: =IFERROR(INDEX(設定!$D$20:$D$34,MATCH(A58,設定!$A$20:$A$34,0))&"","") -> 2026-04 月例
A59: 2026-05 月例 | B59: 人事委員会 | C59: =IF(G59="","未受領",IF(G59="なし","報告なし",IF(AH59="○","起票済",IF(OR(AG59="○",F59="一致",F59="入金不要"),"入金確認済","受領済")))) -> 入金確認済 | D59: =IF(OR(G59="",G59="なし"),"―",IF(CH59="N","対象外",IF(AND(I59="",J59="",K59=""),"標報未入力",IF(CD59>=設定!$B$4,"要確認","問題なし")))) -> 標報未入力 | E59: =IF(OR(G59="",G59="なし",CE59="",CF59=0),"―",IF(CF59=CE59,"前月同額",IF(CE59=0,"―",IF(ABS(CF59/CE59-1)>=設定!$B$5,"変動大 "&TEXT(CF59/CE59-1,"+0%;-0%"),"〇")))) -> 前月同額 | F59: =IF(OR(G59="",G59="なし"),"―",IF(CF59=0,"入金不要",IF(COUNT(Z59,AB59,AD59,AF59)=0,IF(AG59="○","手動確認","未入金"),IF(AND(N(Z59)=Y59,IF(AA59="",TRUE(),N(AB59)=AA59),IF(AC59="",TRUE(),N(AD59)=AC59),IF(AE59="",TRUE(),N(AF59)=AE59)),"一致","不一致")))) -> 手動確認 | G59: 済 | L59: 597495 | M59: 48975 | N59: 858042 | O59: 48975 | P59: 567 | Q59: 343825 | R59: 349599 | S59: 28282 | T59: 28282 | U59: 7621 | V59: 7624 | W59: =IFERROR(INDEX(設定!$E$61:$E$106,MATCH(B59,設定!$B$61:$B$106,0)),"合算") -> 合算 | Y59: =IF(OR(G59="",G59="なし"),"",IF(W59="合算",CF59,IF(W59="掛金・負担金別",(AU59+AV59+AZ59+BB59+BD59),SUM(AU59:AY59)))) -> 2319287 | AA59: =IF(OR(G59="",G59="なし"),"",IF(W59="掛金・負担金別",(AW59+AX59+AY59+BA59+BC59+BE59),IF(W59="経理区分別",AZ59+BA59,""))) | AC59: =IF(OR(G59="",G59="なし"),"",IF(W59="経理区分別",BB59+BC59,"")) | AE59: =IF(OR(G59="",G59="なし"),"",IF(W59="経理区分別",BD59+BE59,"")) | AG59: ○ | AU59: =IF($G59="",AJ59,L59) -> 597495 | AV59: =IF($G59="",AK59,M59) -> 48975 | AW59: =IF($G59="",AL59,N59) -> 858042 | AX59: =IF($G59="",AM59,O59) -> 48975 | AY59: =IF($G59="",AN59,P59) -> 567 | AZ59: =IF($G59="",AO59,Q59) -> 343825 | BA59: =IF($G59="",AP59,R59) -> 349599 | BB59: =IF($G59="",AQ59,S59) -> 28282 | ... BE59: =IF($G59="",AT59,V59) -> 7624 | BF59: =ROUNDDOWN(I59*設定!$B$10/1000,0)+ROUNDDOWN(I59*設定!$B$11/1000,0) -> 0 | BG59: =ROUNDDOWN(I59*設定!$C$10/1000,0)+ROUNDDOWN(I59*設定!$C$11/1000,0)+ROUNDDOWN(I59*設定!$C$12/1000,0) -> 0 | BH59: =ROUNDDOWN(J59*設定!$B$13/1000,0) -> 0 | BI59: =ROUNDDOWN(J59*設定!$C$13/1000,0) -> 0 | BJ59: =ROUNDDOWN(K59*設定!$B$14/1000,0) -> 0 | BK59: =ROUNDDOWN(K59*設定!$C$14/1000,0) -> 0 | BL59: =ROUNDDOWN(J59*設定!$B$15/1000,0) -> 0 | BM59: =ROUNDDOWN(J59*設定!$C$15/1000,0) -> 0 | BN59: =L59+M59 -> 646470 | BO59: =N59+O59+P59 -> 907584 | BP59: =Q59 -> 343825 | BQ59: =R59 -> 349599 | BR59: =S59 -> 28282 | BS59: =T59 -> 28282 | BT59: =U59 -> 7621 | BU59: =V59 -> 7624 | BV59: =IF(BF59=0,IF(BN59=0,0,1),(BN59-BF59)/BF59) -> 1 | BW59: =IF(BG59=0,IF(BO59=0,0,1),(BO59-BG59)/BG59) -> 1 | BX59: =IF(BH59=0,IF(BP59=0,0,1),(BP59-BH59)/BH59) -> 1 | BY59: =IF(BI59=0,IF(BQ59=0,0,1),(BQ59-BI59)/BI59) -> 1 | BZ59: =IF(BJ59=0,IF(BR59=0,0,1),(BR59-BJ59)/BJ59) -> 1 | CA59: =IF(BK59=0,IF(BS59=0,0,1),(BS59-BK59)/BK59) -> 1 | CB59: =IF(BL59=0,IF(BT59=0,0,1),(BT59-BL59)/BL59) -> 1 | CC59: =IF(BM59=0,IF(BU59=0,0,1),(BU59-BM59)/BM59) -> 1 | CD59: =MAX(MAX(BV59:CC59),-MIN(BV59:CC59)) -> 1 | CE59: =IF(CI59="","",SUMIFS($CF$7:$CF$696,$A$7:$A$696,CI59,$B$7:$B$696,B59)) -> 2319287 | CF59: =SUM(AU59:BE59) -> 2319287 | CG59: =A59&"|"&B59 -> 2026-05 月例|人事委員会 | CH59: =IFERROR(INDEX(設定!$D$61:$D$106,MATCH(B59,設定!$B$61:$B$106,0)),"Y") -> Y | CI59: =IFERROR(INDEX(設定!$D$20:$D$34,MATCH(A59,設定!$A$20:$A$34,0))&"","") -> 2026-04 月例
A60: 2026-05 月例 | B60: 監査事務局 | C60: =IF(G60="","未受領",IF(G60="なし","報告なし",IF(AH60="○","起票済",IF(OR(AG60="○",F60="一致",F60="入金不要"),"入金確認済","受領済")))) -> 入金確認済 | D60: =IF(OR(G60="",G60="なし"),"―",IF(CH60="N","対象外",IF(AND(I60="",J60="",K60=""),"標報未入力",IF(CD60>=設定!$B$4,"要確認","問題なし")))) -> 標報未入力 | E60: =IF(OR(G60="",G60="なし",CE60="",CF60=0),"―",IF(CF60=CE60,"前月同額",IF(CE60=0,"―",IF(ABS(CF60/CE60-1)>=設定!$B$5,"変動大 "&TEXT(CF60/CE60-1,"+0%;-0%"),"〇")))) -> 前月同額 | F60: =IF(OR(G60="",G60="なし"),"―",IF(CF60=0,"入金不要",IF(COUNT(Z60,AB60,AD60,AF60)=0,IF(AG60="○","手動確認","未入金"),IF(AND(N(Z60)=Y60,IF(AA60="",TRUE(),N(AB60)=AA60),IF(AC60="",TRUE(),N(AD60)=AC60),IF(AE60="",TRUE(),N(AF60)=AE60)),"一致","不一致")))) -> 手動確認 | G60: 済 | L60: 1324920 | M60: 108600 | N60: 1913844 | O60: 108600 | P60: 1282 | Q60: 768034 | R60: 781174 | S60: 104201 | T60: 104201 | U60: 17023 | V60: 17030 | W60: =IFERROR(INDEX(設定!$E$61:$E$106,MATCH(B60,設定!$B$61:$B$106,0)),"合算") -> 合算 | Y60: =IF(OR(G60="",G60="なし"),"",IF(W60="合算",CF60,IF(W60="掛金・負担金別",(AU60+AV60+AZ60+BB60+BD60),SUM(AU60:AY60)))) -> 5248909 | AA60: =IF(OR(G60="",G60="なし"),"",IF(W60="掛金・負担金別",(AW60+AX60+AY60+BA60+BC60+BE60),IF(W60="経理区分別",AZ60+BA60,""))) | AC60: =IF(OR(G60="",G60="なし"),"",IF(W60="経理区分別",BB60+BC60,"")) | AE60: =IF(OR(G60="",G60="なし"),"",IF(W60="経理区分別",BD60+BE60,"")) | AG60: ○ | AU60: =IF($G60="",AJ60,L60) -> 1324920 | AV60: =IF($G60="",AK60,M60) -> 108600 | AW60: =IF($G60="",AL60,N60) -> 1913844 | AX60: =IF($G60="",AM60,O60) -> 108600 | AY60: =IF($G60="",AN60,P60) -> 1282 | AZ60: =IF($G60="",AO60,Q60) -> 768034 | BA60: =IF($G60="",AP60,R60) -> 781174 | BB60: =IF($G60="",AQ60,S60) -> 104201 | ... BE60: =IF($G60="",AT60,V60) -> 17030 | BF60: =ROUNDDOWN(I60*設定!$B$10/1000,0)+ROUNDDOWN(I60*設定!$B$11/1000,0) -> 0 | BG60: =ROUNDDOWN(I60*設定!$C$10/1000,0)+ROUNDDOWN(I60*設定!$C$11/1000,0)+ROUNDDOWN(I60*設定!$C$12/1000,0) -> 0 | BH60: =ROUNDDOWN(J60*設定!$B$13/1000,0) -> 0 | BI60: =ROUNDDOWN(J60*設定!$C$13/1000,0) -> 0 | BJ60: =ROUNDDOWN(K60*設定!$B$14/1000,0) -> 0 | BK60: =ROUNDDOWN(K60*設定!$C$14/1000,0) -> 0 | BL60: =ROUNDDOWN(J60*設定!$B$15/1000,0) -> 0 | BM60: =ROUNDDOWN(J60*設定!$C$15/1000,0) -> 0 | BN60: =L60+M60 -> 1433520 | BO60: =N60+O60+P60 -> 2023726 | BP60: =Q60 -> 768034 | BQ60: =R60 -> 781174 | BR60: =S60 -> 104201 | BS60: =T60 -> 104201 | BT60: =U60 -> 17023 | BU60: =V60 -> 17030 | BV60: =IF(BF60=0,IF(BN60=0,0,1),(BN60-BF60)/BF60) -> 1 | BW60: =IF(BG60=0,IF(BO60=0,0,1),(BO60-BG60)/BG60) -> 1 | BX60: =IF(BH60=0,IF(BP60=0,0,1),(BP60-BH60)/BH60) -> 1 | BY60: =IF(BI60=0,IF(BQ60=0,0,1),(BQ60-BI60)/BI60) -> 1 | BZ60: =IF(BJ60=0,IF(BR60=0,0,1),(BR60-BJ60)/BJ60) -> 1 | CA60: =IF(BK60=0,IF(BS60=0,0,1),(BS60-BK60)/BK60) -> 1 | CB60: =IF(BL60=0,IF(BT60=0,0,1),(BT60-BL60)/BL60) -> 1 | CC60: =IF(BM60=0,IF(BU60=0,0,1),(BU60-BM60)/BM60) -> 1 | CD60: =MAX(MAX(BV60:CC60),-MIN(BV60:CC60)) -> 1 | CE60: =IF(CI60="","",SUMIFS($CF$7:$CF$696,$A$7:$A$696,CI60,$B$7:$B$696,B60)) -> 5248909 | CF60: =SUM(AU60:BE60) -> 5248909 | CG60: =A60&"|"&B60 -> 2026-05 月例|監査事務局 | CH60: =IFERROR(INDEX(設定!$D$61:$D$106,MATCH(B60,設定!$B$61:$B$106,0)),"Y") -> Y | CI60: =IFERROR(INDEX(設定!$D$20:$D$34,MATCH(A60,設定!$A$20:$A$34,0))&"","") -> 2026-04 月例
A61: 2026-05 月例 | B61: 農業委員会 | C61: =IF(G61="","未受領",IF(G61="なし","報告なし",IF(AH61="○","起票済",IF(OR(AG61="○",F61="一致",F61="入金不要"),"入金確認済","受領済")))) -> 入金確認済 | D61: =IF(OR(G61="",G61="なし"),"―",IF(CH61="N","対象外",IF(AND(I61="",J61="",K61=""),"標報未入力",IF(CD61>=設定!$B$4,"要確認","問題なし")))) -> 標報未入力 | E61: =IF(OR(G61="",G61="なし",CE61="",CF61=0),"―",IF(CF61=CE61,"前月同額",IF(CE61=0,"―",IF(ABS(CF61/CE61-1)>=設定!$B$5,"変動大 "&TEXT(CF61/CE61-1,"+0%;-0%"),"〇")))) -> 前月同額 | F61: =IF(OR(G61="",G61="なし"),"―",IF(CF61=0,"入金不要",IF(COUNT(Z61,AB61,AD61,AF61)=0,IF(AG61="○","手動確認","未入金"),IF(AND(N(Z61)=Y61,IF(AA61="",TRUE(),N(AB61)=AA61),IF(AC61="",TRUE(),N(AD61)=AC61),IF(AE61="",TRUE(),N(AF61)=AE61)),"一致","不一致")))) -> 手動確認 | G61: 済 | L61: 409920 | M61: 33600 | N61: 588672 | O61: 33600 | P61: 389 | Q61: 306800 | R61: 311950 | S61: 35042 | T61: 35044 | U61: 6800 | V61: 6803 | W61: =IFERROR(INDEX(設定!$E$61:$E$106,MATCH(B61,設定!$B$61:$B$106,0)),"合算") -> 合算 | Y61: =IF(OR(G61="",G61="なし"),"",IF(W61="合算",CF61,IF(W61="掛金・負担金別",(AU61+AV61+AZ61+BB61+BD61),SUM(AU61:AY61)))) -> 1768620 | AA61: =IF(OR(G61="",G61="なし"),"",IF(W61="掛金・負担金別",(AW61+AX61+AY61+BA61+BC61+BE61),IF(W61="経理区分別",AZ61+BA61,""))) | AC61: =IF(OR(G61="",G61="なし"),"",IF(W61="経理区分別",BB61+BC61,"")) | AE61: =IF(OR(G61="",G61="なし"),"",IF(W61="経理区分別",BD61+BE61,"")) | AG61: ○ | AU61: =IF($G61="",AJ61,L61) -> 409920 | AV61: =IF($G61="",AK61,M61) -> 33600 | AW61: =IF($G61="",AL61,N61) -> 588672 | AX61: =IF($G61="",AM61,O61) -> 33600 | AY61: =IF($G61="",AN61,P61) -> 389 | AZ61: =IF($G61="",AO61,Q61) -> 306800 | BA61: =IF($G61="",AP61,R61) -> 311950 | BB61: =IF($G61="",AQ61,S61) -> 35042 | ... BE61: =IF($G61="",AT61,V61) -> 6803 | BF61: =ROUNDDOWN(I61*設定!$B$10/1000,0)+ROUNDDOWN(I61*設定!$B$11/1000,0) -> 0 | BG61: =ROUNDDOWN(I61*設定!$C$10/1000,0)+ROUNDDOWN(I61*設定!$C$11/1000,0)+ROUNDDOWN(I61*設定!$C$12/1000,0) -> 0 | BH61: =ROUNDDOWN(J61*設定!$B$13/1000,0) -> 0 | BI61: =ROUNDDOWN(J61*設定!$C$13/1000,0) -> 0 | BJ61: =ROUNDDOWN(K61*設定!$B$14/1000,0) -> 0 | BK61: =ROUNDDOWN(K61*設定!$C$14/1000,0) -> 0 | BL61: =ROUNDDOWN(J61*設定!$B$15/1000,0) -> 0 | BM61: =ROUNDDOWN(J61*設定!$C$15/1000,0) -> 0 | BN61: =L61+M61 -> 443520 | BO61: =N61+O61+P61 -> 622661 | BP61: =Q61 -> 306800 | BQ61: =R61 -> 311950 | BR61: =S61 -> 35042 | BS61: =T61 -> 35044 | BT61: =U61 -> 6800 | BU61: =V61 -> 6803 | BV61: =IF(BF61=0,IF(BN61=0,0,1),(BN61-BF61)/BF61) -> 1 | BW61: =IF(BG61=0,IF(BO61=0,0,1),(BO61-BG61)/BG61) -> 1 | BX61: =IF(BH61=0,IF(BP61=0,0,1),(BP61-BH61)/BH61) -> 1 | BY61: =IF(BI61=0,IF(BQ61=0,0,1),(BQ61-BI61)/BI61) -> 1 | BZ61: =IF(BJ61=0,IF(BR61=0,0,1),(BR61-BJ61)/BJ61) -> 1 | CA61: =IF(BK61=0,IF(BS61=0,0,1),(BS61-BK61)/BK61) -> 1 | CB61: =IF(BL61=0,IF(BT61=0,0,1),(BT61-BL61)/BL61) -> 1 | CC61: =IF(BM61=0,IF(BU61=0,0,1),(BU61-BM61)/BM61) -> 1 | CD61: =MAX(MAX(BV61:CC61),-MIN(BV61:CC61)) -> 1 | CE61: =IF(CI61="","",SUMIFS($CF$7:$CF$696,$A$7:$A$696,CI61,$B$7:$B$696,B61)) -> 1768620 | CF61: =SUM(AU61:BE61) -> 1768620 | CG61: =A61&"|"&B61 -> 2026-05 月例|農業委員会 | CH61: =IFERROR(INDEX(設定!$D$61:$D$106,MATCH(B61,設定!$B$61:$B$106,0)),"Y") -> Y | CI61: =IFERROR(INDEX(設定!$D$20:$D$34,MATCH(A61,設定!$A$20:$A$34,0))&"","") -> 2026-04 月例
A62: 2026-05 月例 | B62: 水道局 | C62: =IF(G62="","未受領",IF(G62="なし","報告なし",IF(AH62="○","起票済",IF(OR(AG62="○",F62="一致",F62="入金不要"),"入金確認済","受領済")))) -> 入金確認済 | D62: =IF(OR(G62="",G62="なし"),"―",IF(CH62="N","対象外",IF(AND(I62="",J62="",K62=""),"標報未入力",IF(CD62>=設定!$B$4,"要確認","問題なし")))) -> 対象外 | E62: =IF(OR(G62="",G62="なし",CE62="",CF62=0),"―",IF(CF62=CE62,"前月同額",IF(CE62=0,"―",IF(ABS(CF62/CE62-1)>=設定!$B$5,"変動大 "&TEXT(CF62/CE62-1,"+0%;-0%"),"〇")))) -> 〇 | F62: =IF(OR(G62="",G62="なし"),"―",IF(CF62=0,"入金不要",IF(COUNT(Z62,AB62,AD62,AF62)=0,IF(AG62="○","手動確認","未入金"),IF(AND(N(Z62)=Y62,IF(AA62="",TRUE(),N(AB62)=AA62),IF(AC62="",TRUE(),N(AD62)=AC62),IF(AE62="",TRUE(),N(AF62)=AE62)),"一致","不一致")))) -> 手動確認 | G62: 済 | L62: 22394625 | M62: 1835625 | N62: 32282244 | O62: 1835625 | P62: 21527 | Q62: 13377037 | R62: 13604624 | S62: 1337154 | T62: 1337154 | U62: 296548 | V62: 296639 | W62: =IFERROR(INDEX(設定!$E$61:$E$106,MATCH(B62,設定!$B$61:$B$106,0)),"合算") -> 合算 | Y62: =IF(OR(G62="",G62="なし"),"",IF(W62="合算",CF62,IF(W62="掛金・負担金別",(AU62+AV62+AZ62+BB62+BD62),SUM(AU62:AY62)))) -> 88618802 | AA62: =IF(OR(G62="",G62="なし"),"",IF(W62="掛金・負担金別",(AW62+AX62+AY62+BA62+BC62+BE62),IF(W62="経理区分別",AZ62+BA62,""))) | AC62: =IF(OR(G62="",G62="なし"),"",IF(W62="経理区分別",BB62+BC62,"")) | AE62: =IF(OR(G62="",G62="なし"),"",IF(W62="経理区分別",BD62+BE62,"")) | AG62: ○ | AU62: =IF($G62="",AJ62,L62) -> 22394625 | AV62: =IF($G62="",AK62,M62) -> 1835625 | AW62: =IF($G62="",AL62,N62) -> 32282244 | AX62: =IF($G62="",AM62,O62) -> 1835625 | AY62: =IF($G62="",AN62,P62) -> 21527 | AZ62: =IF($G62="",AO62,Q62) -> 13377037 | BA62: =IF($G62="",AP62,R62) -> 13604624 | BB62: =IF($G62="",AQ62,S62) -> 1337154 | ... BE62: =IF($G62="",AT62,V62) -> 296639 | BF62: =ROUNDDOWN(I62*設定!$B$10/1000,0)+ROUNDDOWN(I62*設定!$B$11/1000,0) -> 0 | BG62: =ROUNDDOWN(I62*設定!$C$10/1000,0)+ROUNDDOWN(I62*設定!$C$11/1000,0)+ROUNDDOWN(I62*設定!$C$12/1000,0) -> 0 | BH62: =ROUNDDOWN(J62*設定!$B$13/1000,0) -> 0 | BI62: =ROUNDDOWN(J62*設定!$C$13/1000,0) -> 0 | BJ62: =ROUNDDOWN(K62*設定!$B$14/1000,0) -> 0 | BK62: =ROUNDDOWN(K62*設定!$C$14/1000,0) -> 0 | BL62: =ROUNDDOWN(J62*設定!$B$15/1000,0) -> 0 | BM62: =ROUNDDOWN(J62*設定!$C$15/1000,0) -> 0 | BN62: =L62+M62 -> 24230250 | BO62: =N62+O62+P62 -> 34139396 | BP62: =Q62 -> 13377037 | BQ62: =R62 -> 13604624 | BR62: =S62 -> 1337154 | BS62: =T62 -> 1337154 | BT62: =U62 -> 296548 | BU62: =V62 -> 296639 | BV62: =IF(BF62=0,IF(BN62=0,0,1),(BN62-BF62)/BF62) -> 1 | BW62: =IF(BG62=0,IF(BO62=0,0,1),(BO62-BG62)/BG62) -> 1 | BX62: =IF(BH62=0,IF(BP62=0,0,1),(BP62-BH62)/BH62) -> 1 | BY62: =IF(BI62=0,IF(BQ62=0,0,1),(BQ62-BI62)/BI62) -> 1 | BZ62: =IF(BJ62=0,IF(BR62=0,0,1),(BR62-BJ62)/BJ62) -> 1 | CA62: =IF(BK62=0,IF(BS62=0,0,1),(BS62-BK62)/BK62) -> 1 | CB62: =IF(BL62=0,IF(BT62=0,0,1),(BT62-BL62)/BL62) -> 1 | CC62: =IF(BM62=0,IF(BU62=0,0,1),(BU62-BM62)/BM62) -> 1 | CD62: =MAX(MAX(BV62:CC62),-MIN(BV62:CC62)) -> 1 | CE62: =IF(CI62="","",SUMIFS($CF$7:$CF$696,$A$7:$A$696,CI62,$B$7:$B$696,B62)) -> 88544575 | CF62: =SUM(AU62:BE62) -> 88618802 | CG62: =A62&"|"&B62 -> 2026-05 月例|水道局 | CH62: =IFERROR(INDEX(設定!$D$61:$D$106,MATCH(B62,設定!$B$61:$B$106,0)),"Y") -> N | CI62: =IFERROR(INDEX(設定!$D$20:$D$34,MATCH(A62,設定!$A$20:$A$34,0))&"","") -> 2026-04 月例
A63: 2026-05 月例 | B63: 医療政策課(安芸市民) | C63: =IF(G63="","未受領",IF(G63="なし","報告なし",IF(AH63="○","起票済",IF(OR(AG63="○",F63="一致",F63="入金不要"),"入金確認済","受領済")))) -> 入金確認済 | D63: =IF(OR(G63="",G63="なし"),"―",IF(CH63="N","対象外",IF(AND(I63="",J63="",K63=""),"標報未入力",IF(CD63>=設定!$B$4,"要確認","問題なし")))) -> 標報未入力 | E63: =IF(OR(G63="",G63="なし",CE63="",CF63=0),"―",IF(CF63=CE63,"前月同額",IF(CE63=0,"―",IF(ABS(CF63/CE63-1)>=設定!$B$5,"変動大 "&TEXT(CF63/CE63-1,"+0%;-0%"),"〇")))) -> 前月同額 | F63: =IF(OR(G63="",G63="なし"),"―",IF(CF63=0,"入金不要",IF(COUNT(Z63,AB63,AD63,AF63)=0,IF(AG63="○","手動確認","未入金"),IF(AND(N(Z63)=Y63,IF(AA63="",TRUE(),N(AB63)=AA63),IF(AC63="",TRUE(),N(AD63)=AC63),IF(AE63="",TRUE(),N(AF63)=AE63)),"一致","不一致")))) -> 手動確認 | G63: 済 | L63: 48495 | M63: 3975 | N63: 69642 | O63: 3975 | P63: 46 | Q63: 27485 | R63: 27946 | S63: 4187 | T63: 4187 | U63: 609 | V63: 609 | W63: =IFERROR(INDEX(設定!$E$61:$E$106,MATCH(B63,設定!$B$61:$B$106,0)),"合算") -> 合算 | Y63: =IF(OR(G63="",G63="なし"),"",IF(W63="合算",CF63,IF(W63="掛金・負担金別",(AU63+AV63+AZ63+BB63+BD63),SUM(AU63:AY63)))) -> 191156 | AA63: =IF(OR(G63="",G63="なし"),"",IF(W63="掛金・負担金別",(AW63+AX63+AY63+BA63+BC63+BE63),IF(W63="経理区分別",AZ63+BA63,""))) | AC63: =IF(OR(G63="",G63="なし"),"",IF(W63="経理区分別",BB63+BC63,"")) | AE63: =IF(OR(G63="",G63="なし"),"",IF(W63="経理区分別",BD63+BE63,"")) | AG63: ○ | AU63: =IF($G63="",AJ63,L63) -> 48495 | AV63: =IF($G63="",AK63,M63) -> 3975 | AW63: =IF($G63="",AL63,N63) -> 69642 | AX63: =IF($G63="",AM63,O63) -> 3975 | AY63: =IF($G63="",AN63,P63) -> 46 | AZ63: =IF($G63="",AO63,Q63) -> 27485 | BA63: =IF($G63="",AP63,R63) -> 27946 | BB63: =IF($G63="",AQ63,S63) -> 4187 | ... BE63: =IF($G63="",AT63,V63) -> 609 | BF63: =ROUNDDOWN(I63*設定!$B$10/1000,0)+ROUNDDOWN(I63*設定!$B$11/1000,0) -> 0 | BG63: =ROUNDDOWN(I63*設定!$C$10/1000,0)+ROUNDDOWN(I63*設定!$C$11/1000,0)+ROUNDDOWN(I63*設定!$C$12/1000,0) -> 0 | BH63: =ROUNDDOWN(J63*設定!$B$13/1000,0) -> 0 | BI63: =ROUNDDOWN(J63*設定!$C$13/1000,0) -> 0 | BJ63: =ROUNDDOWN(K63*設定!$B$14/1000,0) -> 0 | BK63: =ROUNDDOWN(K63*設定!$C$14/1000,0) -> 0 | BL63: =ROUNDDOWN(J63*設定!$B$15/1000,0) -> 0 | BM63: =ROUNDDOWN(J63*設定!$C$15/1000,0) -> 0 | BN63: =L63+M63 -> 52470 | BO63: =N63+O63+P63 -> 73663 | BP63: =Q63 -> 27485 | BQ63: =R63 -> 27946 | BR63: =S63 -> 4187 | BS63: =T63 -> 4187 | BT63: =U63 -> 609 | BU63: =V63 -> 609 | BV63: =IF(BF63=0,IF(BN63=0,0,1),(BN63-BF63)/BF63) -> 1 | BW63: =IF(BG63=0,IF(BO63=0,0,1),(BO63-BG63)/BG63) -> 1 | BX63: =IF(BH63=0,IF(BP63=0,0,1),(BP63-BH63)/BH63) -> 1 | BY63: =IF(BI63=0,IF(BQ63=0,0,1),(BQ63-BI63)/BI63) -> 1 | BZ63: =IF(BJ63=0,IF(BR63=0,0,1),(BR63-BJ63)/BJ63) -> 1 | CA63: =IF(BK63=0,IF(BS63=0,0,1),(BS63-BK63)/BK63) -> 1 | CB63: =IF(BL63=0,IF(BT63=0,0,1),(BT63-BL63)/BL63) -> 1 | CC63: =IF(BM63=0,IF(BU63=0,0,1),(BU63-BM63)/BM63) -> 1 | CD63: =MAX(MAX(BV63:CC63),-MIN(BV63:CC63)) -> 1 | CE63: =IF(CI63="","",SUMIFS($CF$7:$CF$696,$A$7:$A$696,CI63,$B$7:$B$696,B63)) -> 191156 | CF63: =SUM(AU63:BE63) -> 191156 | CG63: =A63&"|"&B63 -> 2026-05 月例|医療政策課(安芸市民) | CH63: =IFERROR(INDEX(設定!$D$61:$D$106,MATCH(B63,設定!$B$61:$B$106,0)),"Y") -> Y | CI63: =IFERROR(INDEX(設定!$D$20:$D$34,MATCH(A63,設定!$A$20:$A$34,0))&"","") -> 2026-04 月例
A64: 2026-05 月例 | B64: 教育委員会（教育給与課） | C64: =IF(G64="","未受領",IF(G64="なし","報告なし",IF(AH64="○","起票済",IF(OR(AG64="○",F64="一致",F64="入金不要"),"入金確認済","受領済")))) -> 入金確認済 | D64: =IF(OR(G64="",G64="なし"),"―",IF(CH64="N","対象外",IF(AND(I64="",J64="",K64=""),"標報未入力",IF(CD64>=設定!$B$4,"要確認","問題なし")))) -> 標報未入力 | E64: =IF(OR(G64="",G64="なし",CE64="",CF64=0),"―",IF(CF64=CE64,"前月同額",IF(CE64=0,"―",IF(ABS(CF64/CE64-1)>=設定!$B$5,"変動大 "&TEXT(CF64/CE64-1,"+0%;-0%"),"〇")))) -> ― | F64: =IF(OR(G64="",G64="なし"),"―",IF(CF64=0,"入金不要",IF(COUNT(Z64,AB64,AD64,AF64)=0,IF(AG64="○","手動確認","未入金"),IF(AND(N(Z64)=Y64,IF(AA64="",TRUE(),N(AB64)=AA64),IF(AC64="",TRUE(),N(AD64)=AC64),IF(AE64="",TRUE(),N(AF64)=AE64)),"一致","不一致")))) -> 手動確認 | G64: 済 | L64: 0 | M64: 0 | P64: 0 | Q64: 319157 | R64: 324524 | S64: 9622 | T64: 9622 | U64: 6964 | V64: 6969 | W64: =IFERROR(INDEX(設定!$E$61:$E$106,MATCH(B64,設定!$B$61:$B$106,0)),"合算") -> 合算 | Y64: =IF(OR(G64="",G64="なし"),"",IF(W64="合算",CF64,IF(W64="掛金・負担金別",(AU64+AV64+AZ64+BB64+BD64),SUM(AU64:AY64)))) -> 676858 | AA64: =IF(OR(G64="",G64="なし"),"",IF(W64="掛金・負担金別",(AW64+AX64+AY64+BA64+BC64+BE64),IF(W64="経理区分別",AZ64+BA64,""))) | AC64: =IF(OR(G64="",G64="なし"),"",IF(W64="経理区分別",BB64+BC64,"")) | AE64: =IF(OR(G64="",G64="なし"),"",IF(W64="経理区分別",BD64+BE64,"")) | AG64: ○ | AU64: =IF($G64="",AJ64,L64) -> 0 | AV64: =IF($G64="",AK64,M64) -> 0 | AW64: =IF($G64="",AL64,N64) -> 0 | AX64: =IF($G64="",AM64,O64) -> 0 | AY64: =IF($G64="",AN64,P64) -> 0 | AZ64: =IF($G64="",AO64,Q64) -> 319157 | BA64: =IF($G64="",AP64,R64) -> 324524 | BB64: =IF($G64="",AQ64,S64) -> 9622 | ... BE64: =IF($G64="",AT64,V64) -> 6969 | BF64: =ROUNDDOWN(I64*設定!$B$10/1000,0)+ROUNDDOWN(I64*設定!$B$11/1000,0) -> 0 | BG64: =ROUNDDOWN(I64*設定!$C$10/1000,0)+ROUNDDOWN(I64*設定!$C$11/1000,0)+ROUNDDOWN(I64*設定!$C$12/1000,0) -> 0 | BH64: =ROUNDDOWN(J64*設定!$B$13/1000,0) -> 0 | BI64: =ROUNDDOWN(J64*設定!$C$13/1000,0) -> 0 | BJ64: =ROUNDDOWN(K64*設定!$B$14/1000,0) -> 0 | BK64: =ROUNDDOWN(K64*設定!$C$14/1000,0) -> 0 | BL64: =ROUNDDOWN(J64*設定!$B$15/1000,0) -> 0 | BM64: =ROUNDDOWN(J64*設定!$C$15/1000,0) -> 0 | BN64: =L64+M64 -> 0 | BO64: =N64+O64+P64 -> 0 | BP64: =Q64 -> 319157 | BQ64: =R64 -> 324524 | BR64: =S64 -> 9622 | BS64: =T64 -> 9622 | BT64: =U64 -> 6964 | BU64: =V64 -> 6969 | BV64: =IF(BF64=0,IF(BN64=0,0,1),(BN64-BF64)/BF64) -> 0 | BW64: =IF(BG64=0,IF(BO64=0,0,1),(BO64-BG64)/BG64) -> 0 | BX64: =IF(BH64=0,IF(BP64=0,0,1),(BP64-BH64)/BH64) -> 1 | BY64: =IF(BI64=0,IF(BQ64=0,0,1),(BQ64-BI64)/BI64) -> 1 | BZ64: =IF(BJ64=0,IF(BR64=0,0,1),(BR64-BJ64)/BJ64) -> 1 | CA64: =IF(BK64=0,IF(BS64=0,0,1),(BS64-BK64)/BK64) -> 1 | CB64: =IF(BL64=0,IF(BT64=0,0,1),(BT64-BL64)/BL64) -> 1 | CC64: =IF(BM64=0,IF(BU64=0,0,1),(BU64-BM64)/BM64) -> 1 | CD64: =MAX(MAX(BV64:CC64),-MIN(BV64:CC64)) -> 1 | CE64: =IF(CI64="","",SUMIFS($CF$7:$CF$696,$A$7:$A$696,CI64,$B$7:$B$696,B64)) -> 0 | CF64: =SUM(AU64:BE64) -> 676858 | CG64: =A64&"|"&B64 -> 2026-05 月例|教育委員会（教育給与課） | CH64: =IFERROR(INDEX(設定!$D$61:$D$106,MATCH(B64,設定!$B$61:$B$106,0)),"Y") -> Y | CI64: =IFERROR(INDEX(設定!$D$20:$D$34,MATCH(A64,設定!$A$20:$A$34,0))&"","") -> 2026-04 月例
A65: 2026-05 月例 | B65: 地方税共同機構 | C65: =IF(G65="","未受領",IF(G65="なし","報告なし",IF(AH65="○","起票済",IF(OR(AG65="○",F65="一致",F65="入金不要"),"入金確認済","受領済")))) -> 報告なし | D65: =IF(OR(G65="",G65="なし"),"―",IF(CH65="N","対象外",IF(AND(I65="",J65="",K65=""),"標報未入力",IF(CD65>=設定!$B$4,"要確認","問題なし")))) -> ― | E65: =IF(OR(G65="",G65="なし",CE65="",CF65=0),"―",IF(CF65=CE65,"前月同額",IF(CE65=0,"―",IF(ABS(CF65/CE65-1)>=設定!$B$5,"変動大 "&TEXT(CF65/CE65-1,"+0%;-0%"),"〇")))) -> ― | F65: =IF(OR(G65="",G65="なし"),"―",IF(CF65=0,"入金不要",IF(COUNT(Z65,AB65,AD65,AF65)=0,IF(AG65="○","手動確認","未入金"),IF(AND(N(Z65)=Y65,IF(AA65="",TRUE(),N(AB65)=AA65),IF(AC65="",TRUE(),N(AD65)=AC65),IF(AE65="",TRUE(),N(AF65)=AE65)),"一致","不一致")))) -> ― | G65: なし | W65: =IFERROR(INDEX(設定!$E$61:$E$106,MATCH(B65,設定!$B$61:$B$106,0)),"合算") -> 合算 | Y65: =IF(OR(G65="",G65="なし"),"",IF(W65="合算",CF65,IF(W65="掛金・負担金別",(AU65+AV65+AZ65+BB65+BD65),SUM(AU65:AY65)))) | AA65: =IF(OR(G65="",G65="なし"),"",IF(W65="掛金・負担金別",(AW65+AX65+AY65+BA65+BC65+BE65),IF(W65="経理区分別",AZ65+BA65,""))) | AC65: =IF(OR(G65="",G65="なし"),"",IF(W65="経理区分別",BB65+BC65,"")) | AE65: =IF(OR(G65="",G65="なし"),"",IF(W65="経理区分別",BD65+BE65,"")) | AU65: =IF($G65="",AJ65,L65) -> 0 | AV65: =IF($G65="",AK65,M65) -> 0 | AW65: =IF($G65="",AL65,N65) -> 0 | AX65: =IF($G65="",AM65,O65) -> 0 | AY65: =IF($G65="",AN65,P65) -> 0 | AZ65: =IF($G65="",AO65,Q65) -> 0 | BA65: =IF($G65="",AP65,R65) -> 0 | BB65: =IF($G65="",AQ65,S65) -> 0 | ... BE65: =IF($G65="",AT65,V65) -> 0 | BF65: =ROUNDDOWN(I65*設定!$B$10/1000,0)+ROUNDDOWN(I65*設定!$B$11/1000,0) -> 0 | BG65: =ROUNDDOWN(I65*設定!$C$10/1000,0)+ROUNDDOWN(I65*設定!$C$11/1000,0)+ROUNDDOWN(I65*設定!$C$12/1000,0) -> 0 | BH65: =ROUNDDOWN(J65*設定!$B$13/1000,0) -> 0 | BI65: =ROUNDDOWN(J65*設定!$C$13/1000,0) -> 0 | BJ65: =ROUNDDOWN(K65*設定!$B$14/1000,0) -> 0 | BK65: =ROUNDDOWN(K65*設定!$C$14/1000,0) -> 0 | BL65: =ROUNDDOWN(J65*設定!$B$15/1000,0) -> 0 | BM65: =ROUNDDOWN(J65*設定!$C$15/1000,0) -> 0 | BN65: =L65+M65 -> 0 | BO65: =N65+O65+P65 -> 0 | BP65: =Q65 -> 0 | BQ65: =R65 -> 0 | BR65: =S65 -> 0 | BS65: =T65 -> 0 | BT65: =U65 -> 0 | BU65: =V65 -> 0 | BV65: =IF(BF65=0,IF(BN65=0,0,1),(BN65-BF65)/BF65) -> 0 | BW65: =IF(BG65=0,IF(BO65=0,0,1),(BO65-BG65)/BG65) -> 0 | BX65: =IF(BH65=0,IF(BP65=0,0,1),(BP65-BH65)/BH65) -> 0 | BY65: =IF(BI65=0,IF(BQ65=0,0,1),(BQ65-BI65)/BI65) -> 0 | BZ65: =IF(BJ65=0,IF(BR65=0,0,1),(BR65-BJ65)/BJ65) -> 0 | CA65: =IF(BK65=0,IF(BS65=0,0,1),(BS65-BK65)/BK65) -> 0 | CB65: =IF(BL65=0,IF(BT65=0,0,1),(BT65-BL65)/BL65) -> 0 | CC65: =IF(BM65=0,IF(BU65=0,0,1),(BU65-BM65)/BM65) -> 0 | CD65: =MAX(MAX(BV65:CC65),-MIN(BV65:CC65)) -> 0 | CE65: =IF(CI65="","",SUMIFS($CF$7:$CF$696,$A$7:$A$696,CI65,$B$7:$B$696,B65)) -> 0 | CF65: =SUM(AU65:BE65) -> 0 | CG65: =A65&"|"&B65 -> 2026-05 月例|地方税共同機構 | CH65: =IFERROR(INDEX(設定!$D$61:$D$106,MATCH(B65,設定!$B$61:$B$106,0)),"Y") -> Y | CI65: =IFERROR(INDEX(設定!$D$20:$D$34,MATCH(A65,設定!$A$20:$A$34,0))&"","") -> 2026-04 月例
A66: 2026-05 月例 | B66: 平和文化センター | C66: =IF(G66="","未受領",IF(G66="なし","報告なし",IF(AH66="○","起票済",IF(OR(AG66="○",F66="一致",F66="入金不要"),"入金確認済","受領済")))) -> 入金確認済 | D66: =IF(OR(G66="",G66="なし"),"―",IF(CH66="N","対象外",IF(AND(I66="",J66="",K66=""),"標報未入力",IF(CD66>=設定!$B$4,"要確認","問題なし")))) -> 標報未入力 | E66: =IF(OR(G66="",G66="なし",CE66="",CF66=0),"―",IF(CF66=CE66,"前月同額",IF(CE66=0,"―",IF(ABS(CF66/CE66-1)>=設定!$B$5,"変動大 "&TEXT(CF66/CE66-1,"+0%;-0%"),"〇")))) -> 前月同額 | F66: =IF(OR(G66="",G66="なし"),"―",IF(CF66=0,"入金不要",IF(COUNT(Z66,AB66,AD66,AF66)=0,IF(AG66="○","手動確認","未入金"),IF(AND(N(Z66)=Y66,IF(AA66="",TRUE(),N(AB66)=AA66),IF(AC66="",TRUE(),N(AD66)=AC66),IF(AE66="",TRUE(),N(AF66)=AE66)),"一致","不一致")))) -> 手動確認 | G66: 済 | L66: 0 | M66: 0 | N66: 765855 | O66: 62775 | P66: 789 | Q66: 0 | R66: 441236 | S66: 0 | T66: 54826 | U66: 0 | V66: 9775 | W66: =IFERROR(INDEX(設定!$E$61:$E$106,MATCH(B66,設定!$B$61:$B$106,0)),"合算") -> 合算 | Y66: =IF(OR(G66="",G66="なし"),"",IF(W66="合算",CF66,IF(W66="掛金・負担金別",(AU66+AV66+AZ66+BB66+BD66),SUM(AU66:AY66)))) -> 1335256 | AA66: =IF(OR(G66="",G66="なし"),"",IF(W66="掛金・負担金別",(AW66+AX66+AY66+BA66+BC66+BE66),IF(W66="経理区分別",AZ66+BA66,""))) | AC66: =IF(OR(G66="",G66="なし"),"",IF(W66="経理区分別",BB66+BC66,"")) | AE66: =IF(OR(G66="",G66="なし"),"",IF(W66="経理区分別",BD66+BE66,"")) | AG66: ○ | AU66: =IF($G66="",AJ66,L66) -> 0 | AV66: =IF($G66="",AK66,M66) -> 0 | AW66: =IF($G66="",AL66,N66) -> 765855 | AX66: =IF($G66="",AM66,O66) -> 62775 | AY66: =IF($G66="",AN66,P66) -> 789 | AZ66: =IF($G66="",AO66,Q66) -> 0 | BA66: =IF($G66="",AP66,R66) -> 441236 | BB66: =IF($G66="",AQ66,S66) -> 0 | ... BE66: =IF($G66="",AT66,V66) -> 9775 | BF66: =ROUNDDOWN(I66*設定!$B$10/1000,0)+ROUNDDOWN(I66*設定!$B$11/1000,0) -> 0 | BG66: =ROUNDDOWN(I66*設定!$C$10/1000,0)+ROUNDDOWN(I66*設定!$C$11/1000,0)+ROUNDDOWN(I66*設定!$C$12/1000,0) -> 0 | BH66: =ROUNDDOWN(J66*設定!$B$13/1000,0) -> 0 | BI66: =ROUNDDOWN(J66*設定!$C$13/1000,0) -> 0 | BJ66: =ROUNDDOWN(K66*設定!$B$14/1000,0) -> 0 | BK66: =ROUNDDOWN(K66*設定!$C$14/1000,0) -> 0 | BL66: =ROUNDDOWN(J66*設定!$B$15/1000,0) -> 0 | BM66: =ROUNDDOWN(J66*設定!$C$15/1000,0) -> 0 | BN66: =L66+M66 -> 0 | BO66: =N66+O66+P66 -> 829419 | BP66: =Q66 -> 0 | BQ66: =R66 -> 441236 | BR66: =S66 -> 0 | BS66: =T66 -> 54826 | BT66: =U66 -> 0 | BU66: =V66 -> 9775 | BV66: =IF(BF66=0,IF(BN66=0,0,1),(BN66-BF66)/BF66) -> 0 | BW66: =IF(BG66=0,IF(BO66=0,0,1),(BO66-BG66)/BG66) -> 1 | BX66: =IF(BH66=0,IF(BP66=0,0,1),(BP66-BH66)/BH66) -> 0 | BY66: =IF(BI66=0,IF(BQ66=0,0,1),(BQ66-BI66)/BI66) -> 1 | BZ66: =IF(BJ66=0,IF(BR66=0,0,1),(BR66-BJ66)/BJ66) -> 0 | CA66: =IF(BK66=0,IF(BS66=0,0,1),(BS66-BK66)/BK66) -> 1 | CB66: =IF(BL66=0,IF(BT66=0,0,1),(BT66-BL66)/BL66) -> 0 | CC66: =IF(BM66=0,IF(BU66=0,0,1),(BU66-BM66)/BM66) -> 1 | CD66: =MAX(MAX(BV66:CC66),-MIN(BV66:CC66)) -> 1 | CE66: =IF(CI66="","",SUMIFS($CF$7:$CF$696,$A$7:$A$696,CI66,$B$7:$B$696,B66)) -> 1335256 | CF66: =SUM(AU66:BE66) -> 1335256 | CG66: =A66&"|"&B66 -> 2026-05 月例|平和文化センター | CH66: =IFERROR(INDEX(設定!$D$61:$D$106,MATCH(B66,設定!$B$61:$B$106,0)),"Y") -> Y | CI66: =IFERROR(INDEX(設定!$D$20:$D$34,MATCH(A66,設定!$A$20:$A$34,0))&"","") -> 2026-04 月例
A67: 2026-05 月例 | B67: 社会福祉事業団 | C67: =IF(G67="","未受領",IF(G67="なし","報告なし",IF(AH67="○","起票済",IF(OR(AG67="○",F67="一致",F67="入金不要"),"入金確認済","受領済")))) -> 入金確認済 | D67: =IF(OR(G67="",G67="なし"),"―",IF(CH67="N","対象外",IF(AND(I67="",J67="",K67=""),"標報未入力",IF(CD67>=設定!$B$4,"要確認","問題なし")))) -> 標報未入力 | E67: =IF(OR(G67="",G67="なし",CE67="",CF67=0),"―",IF(CF67=CE67,"前月同額",IF(CE67=0,"―",IF(ABS(CF67/CE67-1)>=設定!$B$5,"変動大 "&TEXT(CF67/CE67-1,"+0%;-0%"),"〇")))) -> 〇 | F67: =IF(OR(G67="",G67="なし"),"―",IF(CF67=0,"入金不要",IF(COUNT(Z67,AB67,AD67,AF67)=0,IF(AG67="○","手動確認","未入金"),IF(AND(N(Z67)=Y67,IF(AA67="",TRUE(),N(AB67)=AA67),IF(AC67="",TRUE(),N(AD67)=AC67),IF(AE67="",TRUE(),N(AF67)=AE67)),"一致","不一致")))) -> 手動確認 | G67: 済 | N67: 2020320 | O67: 165600 | P67: 1999 | R67: 1298833 | T67: 141726 | V67: 28771 | W67: =IFERROR(INDEX(設定!$E$61:$E$106,MATCH(B67,設定!$B$61:$B$106,0)),"合算") -> 合算 | Y67: =IF(OR(G67="",G67="なし"),"",IF(W67="合算",CF67,IF(W67="掛金・負担金別",(AU67+AV67+AZ67+BB67+BD67),SUM(AU67:AY67)))) -> 3657249 | AA67: =IF(OR(G67="",G67="なし"),"",IF(W67="掛金・負担金別",(AW67+AX67+AY67+BA67+BC67+BE67),IF(W67="経理区分別",AZ67+BA67,""))) | AC67: =IF(OR(G67="",G67="なし"),"",IF(W67="経理区分別",BB67+BC67,"")) | AE67: =IF(OR(G67="",G67="なし"),"",IF(W67="経理区分別",BD67+BE67,"")) | AG67: ○ | AU67: =IF($G67="",AJ67,L67) -> 0 | AV67: =IF($G67="",AK67,M67) -> 0 | AW67: =IF($G67="",AL67,N67) -> 2020320 | AX67: =IF($G67="",AM67,O67) -> 165600 | AY67: =IF($G67="",AN67,P67) -> 1999 | AZ67: =IF($G67="",AO67,Q67) -> 0 | BA67: =IF($G67="",AP67,R67) -> 1298833 | BB67: =IF($G67="",AQ67,S67) -> 0 | ... BE67: =IF($G67="",AT67,V67) -> 28771 | BF67: =ROUNDDOWN(I67*設定!$B$10/1000,0)+ROUNDDOWN(I67*設定!$B$11/1000,0) -> 0 | BG67: =ROUNDDOWN(I67*設定!$C$10/1000,0)+ROUNDDOWN(I67*設定!$C$11/1000,0)+ROUNDDOWN(I67*設定!$C$12/1000,0) -> 0 | BH67: =ROUNDDOWN(J67*設定!$B$13/1000,0) -> 0 | BI67: =ROUNDDOWN(J67*設定!$C$13/1000,0) -> 0 | BJ67: =ROUNDDOWN(K67*設定!$B$14/1000,0) -> 0 | BK67: =ROUNDDOWN(K67*設定!$C$14/1000,0) -> 0 | BL67: =ROUNDDOWN(J67*設定!$B$15/1000,0) -> 0 | BM67: =ROUNDDOWN(J67*設定!$C$15/1000,0) -> 0 | BN67: =L67+M67 -> 0 | BO67: =N67+O67+P67 -> 2187919 | BP67: =Q67 -> 0 | BQ67: =R67 -> 1298833 | BR67: =S67 -> 0 | BS67: =T67 -> 141726 | BT67: =U67 -> 0 | BU67: =V67 -> 28771 | BV67: =IF(BF67=0,IF(BN67=0,0,1),(BN67-BF67)/BF67) -> 0 | BW67: =IF(BG67=0,IF(BO67=0,0,1),(BO67-BG67)/BG67) -> 1 | BX67: =IF(BH67=0,IF(BP67=0,0,1),(BP67-BH67)/BH67) -> 0 | BY67: =IF(BI67=0,IF(BQ67=0,0,1),(BQ67-BI67)/BI67) -> 1 | BZ67: =IF(BJ67=0,IF(BR67=0,0,1),(BR67-BJ67)/BJ67) -> 0 | CA67: =IF(BK67=0,IF(BS67=0,0,1),(BS67-BK67)/BK67) -> 1 | CB67: =IF(BL67=0,IF(BT67=0,0,1),(BT67-BL67)/BL67) -> 0 | CC67: =IF(BM67=0,IF(BU67=0,0,1),(BU67-BM67)/BM67) -> 1 | CD67: =MAX(MAX(BV67:CC67),-MIN(BV67:CC67)) -> 1 | CE67: =IF(CI67="","",SUMIFS($CF$7:$CF$696,$A$7:$A$696,CI67,$B$7:$B$696,B67)) -> 3694494 | CF67: =SUM(AU67:BE67) -> 3657249 | CG67: =A67&"|"&B67 -> 2026-05 月例|社会福祉事業団 | CH67: =IFERROR(INDEX(設定!$D$61:$D$106,MATCH(B67,設定!$B$61:$B$106,0)),"Y") -> Y | CI67: =IFERROR(INDEX(設定!$D$20:$D$34,MATCH(A67,設定!$A$20:$A$34,0))&"","") -> 2026-04 月例
A68: 2026-05 月例 | B68: 原爆障害対策協議会 | C68: =IF(G68="","未受領",IF(G68="なし","報告なし",IF(AH68="○","起票済",IF(OR(AG68="○",F68="一致",F68="入金不要"),"入金確認済","受領済")))) -> 入金確認済 | D68: =IF(OR(G68="",G68="なし"),"―",IF(CH68="N","対象外",IF(AND(I68="",J68="",K68=""),"標報未入力",IF(CD68>=設定!$B$4,"要確認","問題なし")))) -> 標報未入力 | E68: =IF(OR(G68="",G68="なし",CE68="",CF68=0),"―",IF(CF68=CE68,"前月同額",IF(CE68=0,"―",IF(ABS(CF68/CE68-1)>=設定!$B$5,"変動大 "&TEXT(CF68/CE68-1,"+0%;-0%"),"〇")))) -> 前月同額 | F68: =IF(OR(G68="",G68="なし"),"―",IF(CF68=0,"入金不要",IF(COUNT(Z68,AB68,AD68,AF68)=0,IF(AG68="○","手動確認","未入金"),IF(AND(N(Z68)=Y68,IF(AA68="",TRUE(),N(AB68)=AA68),IF(AC68="",TRUE(),N(AD68)=AC68),IF(AE68="",TRUE(),N(AF68)=AE68)),"一致","不一致")))) -> 手動確認 | G68: 済 | N68: 59475 | O68: 4875 | P68: 56 | R68: 36856 | T68: 5609 | V68: 816 | W68: =IFERROR(INDEX(設定!$E$61:$E$106,MATCH(B68,設定!$B$61:$B$106,0)),"合算") -> 合算 | Y68: =IF(OR(G68="",G68="なし"),"",IF(W68="合算",CF68,IF(W68="掛金・負担金別",(AU68+AV68+AZ68+BB68+BD68),SUM(AU68:AY68)))) -> 107687 | AA68: =IF(OR(G68="",G68="なし"),"",IF(W68="掛金・負担金別",(AW68+AX68+AY68+BA68+BC68+BE68),IF(W68="経理区分別",AZ68+BA68,""))) | AC68: =IF(OR(G68="",G68="なし"),"",IF(W68="経理区分別",BB68+BC68,"")) | AE68: =IF(OR(G68="",G68="なし"),"",IF(W68="経理区分別",BD68+BE68,"")) | AG68: ○ | AU68: =IF($G68="",AJ68,L68) -> 0 | AV68: =IF($G68="",AK68,M68) -> 0 | AW68: =IF($G68="",AL68,N68) -> 59475 | AX68: =IF($G68="",AM68,O68) -> 4875 | AY68: =IF($G68="",AN68,P68) -> 56 | AZ68: =IF($G68="",AO68,Q68) -> 0 | BA68: =IF($G68="",AP68,R68) -> 36856 | BB68: =IF($G68="",AQ68,S68) -> 0 | ... BE68: =IF($G68="",AT68,V68) -> 816 | BF68: =ROUNDDOWN(I68*設定!$B$10/1000,0)+ROUNDDOWN(I68*設定!$B$11/1000,0) -> 0 | BG68: =ROUNDDOWN(I68*設定!$C$10/1000,0)+ROUNDDOWN(I68*設定!$C$11/1000,0)+ROUNDDOWN(I68*設定!$C$12/1000,0) -> 0 | BH68: =ROUNDDOWN(J68*設定!$B$13/1000,0) -> 0 | BI68: =ROUNDDOWN(J68*設定!$C$13/1000,0) -> 0 | BJ68: =ROUNDDOWN(K68*設定!$B$14/1000,0) -> 0 | BK68: =ROUNDDOWN(K68*設定!$C$14/1000,0) -> 0 | BL68: =ROUNDDOWN(J68*設定!$B$15/1000,0) -> 0 | BM68: =ROUNDDOWN(J68*設定!$C$15/1000,0) -> 0 | BN68: =L68+M68 -> 0 | BO68: =N68+O68+P68 -> 64406 | BP68: =Q68 -> 0 | BQ68: =R68 -> 36856 | BR68: =S68 -> 0 | BS68: =T68 -> 5609 | BT68: =U68 -> 0 | BU68: =V68 -> 816 | BV68: =IF(BF68=0,IF(BN68=0,0,1),(BN68-BF68)/BF68) -> 0 | BW68: =IF(BG68=0,IF(BO68=0,0,1),(BO68-BG68)/BG68) -> 1 | BX68: =IF(BH68=0,IF(BP68=0,0,1),(BP68-BH68)/BH68) -> 0 | BY68: =IF(BI68=0,IF(BQ68=0,0,1),(BQ68-BI68)/BI68) -> 1 | BZ68: =IF(BJ68=0,IF(BR68=0,0,1),(BR68-BJ68)/BJ68) -> 0 | CA68: =IF(BK68=0,IF(BS68=0,0,1),(BS68-BK68)/BK68) -> 1 | CB68: =IF(BL68=0,IF(BT68=0,0,1),(BT68-BL68)/BL68) -> 0 | CC68: =IF(BM68=0,IF(BU68=0,0,1),(BU68-BM68)/BM68) -> 1 | CD68: =MAX(MAX(BV68:CC68),-MIN(BV68:CC68)) -> 1 | CE68: =IF(CI68="","",SUMIFS($CF$7:$CF$696,$A$7:$A$696,CI68,$B$7:$B$696,B68)) -> 107687 | CF68: =SUM(AU68:BE68) -> 107687 | CG68: =A68&"|"&B68 -> 2026-05 月例|原爆障害対策協議会 | CH68: =IFERROR(INDEX(設定!$D$61:$D$106,MATCH(B68,設定!$B$61:$B$106,0)),"Y") -> Y | CI68: =IFERROR(INDEX(設定!$D$20:$D$34,MATCH(A68,設定!$A$20:$A$34,0))&"","") -> 2026-04 月例
