Workbook
Name EMP_ID: '入力'!$C$4
Name EMP_NAME: '入力'!$C$5
Name DAILY_RATE: '入力'!$J$10
Name P_START: '入力'!$J$5
Name P_LEGAL_END: '入力'!$J$6
Name P_ADD_START: '入力'!$J$7
Name P_ADD_END: '入力'!$J$8
Name P_FINAL: '入力'!$J$9
Name EXT_MONTHS: '入力'!$D$85
Name EXT_DAYS: '入力'!$E$85

Sheet 使い方
A1: 傷病手当金 算定表（試算＋調整額＋差額を1ファイルで計算）
A3: 【何が変わったか】
A4: 従来：①簡易試算シートで標準支給額を算出 → ②別ファイルの給与調整シートで調整額を算出 → ③差し引いて支給額を確認
A5: 今回：「入力」シートに入れるだけで、標準支給額・調整額・差引支給額（差額）が「算定表」シートに一度に表示されます。
A7: 【使い方】
A8: 1．「入力」シート：職員番号・氏名・病気休暇開始日を入力（黄色のセルのみ）。退職者は退職日と退職時附加金の受給有無も入力。
A9: 2．「入力」シート：給与証明に基づき、報酬が変わる日（10割→8割→無給、給与改定日など）ごとに1行ずつ入力。
A10: 3．「入力」シート：標準報酬月額（待機後の初日の月の12か月前から）を入力。傷病手当日額は、算定表で初めて〇になった月の額で全期間固定されます。基幹で日額を確認済みなら「傷病手当日額の確認値」に入力。
A11: 4．「算定表」シートで、月別（月の途中で区分が変わる場合は分割）・法定／附加別の標準支給額・調整額・差引支給額を確認。
A12: 5．出勤した期間があれば、「入力」シートの出勤期間（82行目〜、10件まで）に開始日・終了日を入力。法定末日・附加開始日・附加末日・最終日が自動で延びます。
A13: 6．「月別集計」シートで月ごと・法定／附加ごとの差引支給額を確認し、桐／基幹の入力額と照合（調整額はマイナスで入力）。
A14: 7．請求期間ごとの内訳が必要なとき：「請求シート雛形」の黄色に請求期間（始・終）を入れる。マクロを取り込んだ .xlsm なら、自動で請求シートが追加される。
... A25: ・標準報酬の表は、支給開始月より後の月も「参考」として残しています（算定表のP列にも参考日額が出ます）。傷病手当日額は支給開始月の額で固定です。

Sheet 入力
A1: 傷病手当金 算定表（入力シート）
A2: 黄色のセル（青字）だけ入力してください。試算・調整額・差額は「算定表」シートに自動表示されます。（出勤期間は82行目以降）
A3: ※月の数え方は応当日の前日まで（例：待機後の初日7/25から1年6か月 → 翌々年1/24）。1年6か月は待機後の初日から数え、傷病手当日額は算定表で初めて〇になった月の額で固定します。
A4: 職員番号 | C4: 0000000 | G4: 待機後の初日（判定の開始） | J4: =C6+3
A5: 氏名 | C5: 広島 太郎 | G5: 初めて〇になった日（日額の基準） | J5: =IF(算定表!$AD$6="",J4,INDEX(算定表!$U$6:$U$53,算定表!$AD$6)) | K5: =IF(算定表!$AD$6="","※〇になる行がありません。待機後の初日を支給開始日にしています","")
A6: 病気休暇の開始日 | C6: 45495 | D6: ※待機期間（3日）は年休でも可 | G6: 法定給付の末日（1年6月＋出勤） | J6: =MAX($K$85:$K$95)
A7: 退職日（任意） | D7: ※退職者のみ入力（在職中は空欄）。法定給付は退職後も算定 | G7: 附加給付の開始日 | J7: =J6+1 | K7: =IF(J9<J7,"※退職のため附加給付は算定しません","")
A8: 傷病手当日額の確認値（任意） | D8: ※基幹で確認した日額。入力すると全期間この額で算定。空欄なら標準報酬から試算 | G8: 附加給付の末日（+6月＋出勤） | J8: =WORKDAY(EDATE(J7,6+MAX($I$85:$I$95))-1,MAX($J$85:$J$95))
A9: 退職時附加金の受給（退職者のみ） | D9: ※退職日を入力した人のみ。有なら附加は退職日まで、無・空欄なら法定のみ | G9: 算定の最終日 | J9: =IF(C7="",J8,IF(C9="有",MAX(J6,MIN(J8,C7)),J6))
G10: 傷病手当日額（〇になった月で固定） | J10: =IF(C8<>"",C8,IFERROR(INDEX($G$37:$G$78,MATCH(DATE(YEAR($J$5),MONTH($J$5),1),$A$37:$A$78,0)),0))
A11: ■ 給与状況（給与課の給与証明で確認） ※報酬が変わる日ごとに1行。開始日の古い順に上から入力
A12: 区分 | B12: 開始日 | C12: 終了日 （自動） | D12: 給料月額 | E12: 地域手当 | F12: 扶養手当 | G12: 住居手当 | H12: 日額で支給 されるもの | I12: 月額で支給 されるもの
A13: 10割 | B13: 45495 | C13: =IF(B13="","",IF(AND(B14<>"",B14>B13),B14-1,$J$9)) | D13: 225300 | E13: 22530 | F13: 0 | G13: 0 | H13: =IF(B13="","",D13+E13) | I13: =IF(B13="","",F13+G13)
A14: 10割 | B14: 45658 | C14: =IF(B14="","",IF(AND(B15<>"",B15>B14),B15-1,$J$9)) | D14: 235200 | E14: 23520 | F14: 0 | G14: 0 | H14: =IF(B14="","",D14+E14) | I14: =IF(B14="","",F14+G14)
A15: 8割 | B15: 45675 | C15: =IF(B15="","",IF(AND(B16<>"",B16>B15),B16-1,$J$9)) | D15: 188160 | E15: 18816 | F15: 0 | G15: 0 | H15: =IF(B15="","",D15+E15) | I15: =IF(B15="","",F15+G15)
A16: 8割 | B16: 45748 | C16: =IF(B16="","",IF(AND(B17<>"",B17>B16),B17-1,$J$9)) | D16: 193980 | E16: 19398 | F16: 0 | G16: 0 | H16: =IF(B16="","",D16+E16) | I16: =IF(B16="","",F16+G16)
A17: 8割 | B17: 46023 | C17: =IF(B17="","",IF(AND(B18<>"",B18>B17),B18-1,$J$9)) | D17: 200243 | E17: 20024 | F17: 0 | G17: 0 | H17: =IF(B17="","",D17+E17) | I17: =IF(B17="","",F17+G17)
A18: 無給 | B18: 46040 | C18: =IF(B18="","",IF(AND(B19<>"",B19>B18),B19-1,$J$9)) | D18: 0 | E18: 0 | F18: 0 | G18: 0 | H18: =IF(B18="","",D18+E18) | I18: =IF(B18="","",F18+G18)
C19: =IF(B19="","",IF(AND(B20<>"",B20>B19),B20-1,$J$9)) | H19: =IF(B19="","",D19+E19) | I19: =IF(B19="","",F19+G19)
C20: =IF(B20="","",$J$9) | H20: =IF(B20="","",D20+E20) | I20: =IF(B20="","",F20+G20)
A21: ※日額で支給されるもの＝給料月額＋地域手当、月額で支給されるもの＝扶養手当＋住居手当（旧「計算内訳シート」「給与調整」と同じ区分）。無給期間は全て0。
A22: ※例のデータは、旧「給与調整」シートの給与証明の日額（247,830円など）から逆算したサンプルです。実際の証明額で書き換えてください。
A24: ■ 報酬日額（自動計算）＝ 日額で支給されるもの ÷ 勤務を要する日数 ＋ 月額で支給されるもの ÷ 22 （円未満切捨）
A25: 区分 | B25: 開始日 | C25: 20日の月 | D25: 21日の月 | E25: 22日の月 | F25: 23日の月
A26: =IF(B13="","",A13) | B26: =IF(B13="","",B13) | C26: =IF($B13="","",ROUNDDOWN($H13/20+$I13/22,0)) | D26: =IF($B13="","",ROUNDDOWN($H13/21+$I13/22,0)) | E26: =IF($B13="","",ROUNDDOWN($H13/22+$I13/22,0)) | F26: =IF($B13="","",ROUNDDOWN($H13/23+$I13/22,0))
A27: =IF(B14="","",A14) | B27: =IF(B14="","",B14) | C27: =IF($B14="","",ROUNDDOWN($H14/20+$I14/22,0)) | D27: =IF($B14="","",ROUNDDOWN($H14/21+$I14/22,0)) | E27: =IF($B14="","",ROUNDDOWN($H14/22+$I14/22,0)) | F27: =IF($B14="","",ROUNDDOWN($H14/23+$I14/22,0))
A28: =IF(B15="","",A15) | B28: =IF(B15="","",B15) | C28: =IF($B15="","",ROUNDDOWN($H15/20+$I15/22,0)) | D28: =IF($B15="","",ROUNDDOWN($H15/21+$I15/22,0)) | E28: =IF($B15="","",ROUNDDOWN($H15/22+$I15/22,0)) | F28: =IF($B15="","",ROUNDDOWN($H15/23+$I15/22,0))
A29: =IF(B16="","",A16) | B29: =IF(B16="","",B16) | C29: =IF($B16="","",ROUNDDOWN($H16/20+$I16/22,0)) | D29: =IF($B16="","",ROUNDDOWN($H16/21+$I16/22,0)) | E29: =IF($B16="","",ROUNDDOWN($H16/22+$I16/22,0)) | F29: =IF($B16="","",ROUNDDOWN($H16/23+$I16/22,0))
A30: =IF(B17="","",A17) | B30: =IF(B17="","",B17) | C30: =IF($B17="","",ROUNDDOWN($H17/20+$I17/22,0)) | D30: =IF($B17="","",ROUNDDOWN($H17/21+$I17/22,0)) | E30: =IF($B17="","",ROUNDDOWN($H17/22+$I17/22,0)) | F30: =IF($B17="","",ROUNDDOWN($H17/23+$I17/22,0))
A31: =IF(B18="","",A18) | B31: =IF(B18="","",B18) | C31: =IF($B18="","",ROUNDDOWN($H18/20+$I18/22,0)) | D31: =IF($B18="","",ROUNDDOWN($H18/21+$I18/22,0)) | E31: =IF($B18="","",ROUNDDOWN($H18/22+$I18/22,0)) | F31: =IF($B18="","",ROUNDDOWN($H18/23+$I18/22,0))
A32: =IF(B19="","",A19) | B32: =IF(B19="","",B19) | C32: =IF($B19="","",ROUNDDOWN($H19/20+$I19/22,0)) | D32: =IF($B19="","",ROUNDDOWN($H19/21+$I19/22,0)) | E32: =IF($B19="","",ROUNDDOWN($H19/22+$I19/22,0)) | F32: =IF($B19="","",ROUNDDOWN($H19/23+$I19/22,0))
A33: =IF(B20="","",A20) | B33: =IF(B20="","",B20) | C33: =IF($B20="","",ROUNDDOWN($H20/20+$I20/22,0)) | D33: =IF($B20="","",ROUNDDOWN($H20/21+$I20/22,0)) | E33: =IF($B20="","",ROUNDDOWN($H20/22+$I20/22,0)) | F33: =IF($B20="","",ROUNDDOWN($H20/23+$I20/22,0))
A35: ■ 標準報酬月額と傷病手当日額の試算（直近12か月平均 ÷ 22 → 10円未満四捨五入 → ×2/3 → 1円未満四捨五入）
A36: 年月 | B36: 標準報酬 月額 | C36: 直近12月 平均 | D36: ÷22 | E36: 10円未満 四捨五入 | F36: ×2/3 | G36: 傷病手当 日額
A37: =DATE(YEAR($J$4),MONTH($J$4)-12+0,1) | B37: 440000 | H37: =IF($A37<DATE(YEAR($J$4),MONTH($J$4),1),"",IF($A37<DATE(YEAR($J$5),MONTH($J$5),1),"判定用（初めて〇になる前の月の額）",IF($A37=DATE(YEAR($J$5),MONTH($J$5),1),IF($C$8<>"","← 確認値（C8）の額を、全期間の傷病手当日額として固定して使います","← 初めて〇になった月の額を、全期間の傷病手当日額として固定して使います"),"参考（算定には使いません）")))
A38: =DATE(YEAR($J$4),MONTH($J$4)-12+1,1) | B38: 440000 | H38: =IF($A38<DATE(YEAR($J$4),MONTH($J$4),1),"",IF($A38<DATE(YEAR($J$5),MONTH($J$5),1),"判定用（初めて〇になる前の月の額）",IF($A38=DATE(YEAR($J$5),MONTH($J$5),1),IF($C$8<>"","← 確認値（C8）の額を、全期間の傷病手当日額として固定して使います","← 初めて〇になった月の額を、全期間の傷病手当日額として固定して使います"),"参考（算定には使いません）")))
A39: =DATE(YEAR($J$4),MONTH($J$4)-12+2,1) | B39: 410000 | H39: =IF($A39<DATE(YEAR($J$4),MONTH($J$4),1),"",IF($A39<DATE(YEAR($J$5),MONTH($J$5),1),"判定用（初めて〇になる前の月の額）",IF($A39=DATE(YEAR($J$5),MONTH($J$5),1),IF($C$8<>"","← 確認値（C8）の額を、全期間の傷病手当日額として固定して使います","← 初めて〇になった月の額を、全期間の傷病手当日額として固定して使います"),"参考（算定には使いません）")))
A40: =DATE(YEAR($J$4),MONTH($J$4)-12+3,1) | B40: 410000 | H40: =IF($A40<DATE(YEAR($J$4),MONTH($J$4),1),"",IF($A40<DATE(YEAR($J$5),MONTH($J$5),1),"判定用（初めて〇になる前の月の額）",IF($A40=DATE(YEAR($J$5),MONTH($J$5),1),IF($C$8<>"","← 確認値（C8）の額を、全期間の傷病手当日額として固定して使います","← 初めて〇になった月の額を、全期間の傷病手当日額として固定して使います"),"参考（算定には使いません）")))
A41: =DATE(YEAR($J$4),MONTH($J$4)-12+4,1) | B41: 410000 | H41: =IF($A41<DATE(YEAR($J$4),MONTH($J$4),1),"",IF($A41<DATE(YEAR($J$5),MONTH($J$5),1),"判定用（初めて〇になる前の月の額）",IF($A41=DATE(YEAR($J$5),MONTH($J$5),1),IF($C$8<>"","← 確認値（C8）の額を、全期間の傷病手当日額として固定して使います","← 初めて〇になった月の額を、全期間の傷病手当日額として固定して使います"),"参考（算定には使いません）")))
A42: =DATE(YEAR($J$4),MONTH($J$4)-12+5,1) | B42: 410000 | H42: =IF($A42<DATE(YEAR($J$4),MONTH($J$4),1),"",IF($A42<DATE(YEAR($J$5),MONTH($J$5),1),"判定用（初めて〇になる前の月の額）",IF($A42=DATE(YEAR($J$5),MONTH($J$5),1),IF($C$8<>"","← 確認値（C8）の額を、全期間の傷病手当日額として固定して使います","← 初めて〇になった月の額を、全期間の傷病手当日額として固定して使います"),"参考（算定には使いません）")))
A43: =DATE(YEAR($J$4),MONTH($J$4)-12+6,1) | B43: 410000 | H43: =IF($A43<DATE(YEAR($J$4),MONTH($J$4),1),"",IF($A43<DATE(YEAR($J$5),MONTH($J$5),1),"判定用（初めて〇になる前の月の額）",IF($A43=DATE(YEAR($J$5),MONTH($J$5),1),IF($C$8<>"","← 確認値（C8）の額を、全期間の傷病手当日額として固定して使います","← 初めて〇になった月の額を、全期間の傷病手当日額として固定して使います"),"参考（算定には使いません）")))
A44: =DATE(YEAR($J$4),MONTH($J$4)-12+7,1) | B44: 410000 | H44: =IF($A44<DATE(YEAR($J$4),MONTH($J$4),1),"",IF($A44<DATE(YEAR($J$5),MONTH($J$5),1),"判定用（初めて〇になる前の月の額）",IF($A44=DATE(YEAR($J$5),MONTH($J$5),1),IF($C$8<>"","← 確認値（C8）の額を、全期間の傷病手当日額として固定して使います","← 初めて〇になった月の額を、全期間の傷病手当日額として固定して使います"),"参考（算定には使いません）")))
A45: =DATE(YEAR($J$4),MONTH($J$4)-12+8,1) | B45: 410000 | H45: =IF($A45<DATE(YEAR($J$4),MONTH($J$4),1),"",IF($A45<DATE(YEAR($J$5),MONTH($J$5),1),"判定用（初めて〇になる前の月の額）",IF($A45=DATE(YEAR($J$5),MONTH($J$5),1),IF($C$8<>"","← 確認値（C8）の額を、全期間の傷病手当日額として固定して使います","← 初めて〇になった月の額を、全期間の傷病手当日額として固定して使います"),"参考（算定には使いません）")))
A46: =DATE(YEAR($J$4),MONTH($J$4)-12+9,1) | B46: 410000 | H46: =IF($A46<DATE(YEAR($J$4),MONTH($J$4),1),"",IF($A46<DATE(YEAR($J$5),MONTH($J$5),1),"判定用（初めて〇になる前の月の額）",IF($A46=DATE(YEAR($J$5),MONTH($J$5),1),IF($C$8<>"","← 確認値（C8）の額を、全期間の傷病手当日額として固定して使います","← 初めて〇になった月の額を、全期間の傷病手当日額として固定して使います"),"参考（算定には使いません）")))
A47: =DATE(YEAR($J$4),MONTH($J$4)-12+10,1) | B47: 280000 | H47: =IF($A47<DATE(YEAR($J$4),MONTH($J$4),1),"",IF($A47<DATE(YEAR($J$5),MONTH($J$5),1),"判定用（初めて〇になる前の月の額）",IF($A47=DATE(YEAR($J$5),MONTH($J$5),1),IF($C$8<>"","← 確認値（C8）の額を、全期間の傷病手当日額として固定して使います","← 初めて〇になった月の額を、全期間の傷病手当日額として固定して使います"),"参考（算定には使いません）")))
A48: =DATE(YEAR($J$4),MONTH($J$4)-12+11,1) | B48: 320000 | C48: =AVERAGE(B37:B48) | D48: =C48/22 | E48: =ROUND(D48,-1) | F48: =E48/3*2 | G48: =ROUND(F48,0) | H48: =IF($A48<DATE(YEAR($J$4),MONTH($J$4),1),"",IF($A48<DATE(YEAR($J$5),MONTH($J$5),1),"判定用（初めて〇になる前の月の額）",IF($A48=DATE(YEAR($J$5),MONTH($J$5),1),IF($C$8<>"","← 確認値（C8）の額を、全期間の傷病手当日額として固定して使います","← 初めて〇になった月の額を、全期間の傷病手当日額として固定して使います"),"参考（算定には使いません）")))
A49: =DATE(YEAR($J$4),MONTH($J$4)-12+12,1) | B49: 320000 | C49: =AVERAGE(B38:B49) | D49: =C49/22 | E49: =ROUND(D49,-1) | F49: =E49/3*2 | G49: =ROUND(F49,0) | H49: =IF($A49<DATE(YEAR($J$4),MONTH($J$4),1),"",IF($A49<DATE(YEAR($J$5),MONTH($J$5),1),"判定用（初めて〇になる前の月の額）",IF($A49=DATE(YEAR($J$5),MONTH($J$5),1),IF($C$8<>"","← 確認値（C8）の額を、全期間の傷病手当日額として固定して使います","← 初めて〇になった月の額を、全期間の傷病手当日額として固定して使います"),"参考（算定には使いません）")))
A50: =DATE(YEAR($J$4),MONTH($J$4)-12+13,1) | B50: 320000 | C50: =AVERAGE(B39:B50) | D50: =C50/22 | E50: =ROUND(D50,-1) | F50: =E50/3*2 | G50: =ROUND(F50,0) | H50: =IF($A50<DATE(YEAR($J$4),MONTH($J$4),1),"",IF($A50<DATE(YEAR($J$5),MONTH($J$5),1),"判定用（初めて〇になる前の月の額）",IF($A50=DATE(YEAR($J$5),MONTH($J$5),1),IF($C$8<>"","← 確認値（C8）の額を、全期間の傷病手当日額として固定して使います","← 初めて〇になった月の額を、全期間の傷病手当日額として固定して使います"),"参考（算定には使いません）")))
A51: =DATE(YEAR($J$4),MONTH($J$4)-12+14,1) | B51: 320000 | C51: =AVERAGE(B40:B51) | D51: =C51/22 | E51: =ROUND(D51,-1) | F51: =E51/3*2 | G51: =ROUND(F51,0) | H51: =IF($A51<DATE(YEAR($J$4),MONTH($J$4),1),"",IF($A51<DATE(YEAR($J$5),MONTH($J$5),1),"判定用（初めて〇になる前の月の額）",IF($A51=DATE(YEAR($J$5),MONTH($J$5),1),IF($C$8<>"","← 確認値（C8）の額を、全期間の傷病手当日額として固定して使います","← 初めて〇になった月の額を、全期間の傷病手当日額として固定して使います"),"参考（算定には使いません）")))
A52: =DATE(YEAR($J$4),MONTH($J$4)-12+15,1) | B52: 340000 | C52: =AVERAGE(B41:B52) | D52: =C52/22 | E52: =ROUND(D52,-1) | F52: =E52/3*2 | G52: =ROUND(F52,0) | H52: =IF($A52<DATE(YEAR($J$4),MONTH($J$4),1),"",IF($A52<DATE(YEAR($J$5),MONTH($J$5),1),"判定用（初めて〇になる前の月の額）",IF($A52=DATE(YEAR($J$5),MONTH($J$5),1),IF($C$8<>"","← 確認値（C8）の額を、全期間の傷病手当日額として固定して使います","← 初めて〇になった月の額を、全期間の傷病手当日額として固定して使います"),"参考（算定には使いません）")))
A53: =DATE(YEAR($J$4),MONTH($J$4)-12+16,1) | B53: 340000 | C53: =AVERAGE(B42:B53) | D53: =C53/22 | E53: =ROUND(D53,-1) | F53: =E53/3*2 | G53: =ROUND(F53,0) | H53: =IF($A53<DATE(YEAR($J$4),MONTH($J$4),1),"",IF($A53<DATE(YEAR($J$5),MONTH($J$5),1),"判定用（初めて〇になる前の月の額）",IF($A53=DATE(YEAR($J$5),MONTH($J$5),1),IF($C$8<>"","← 確認値（C8）の額を、全期間の傷病手当日額として固定して使います","← 初めて〇になった月の額を、全期間の傷病手当日額として固定して使います"),"参考（算定には使いません）")))
A54: =DATE(YEAR($J$4),MONTH($J$4)-12+17,1) | B54: 340000 | C54: =AVERAGE(B43:B54) | D54: =C54/22 | E54: =ROUND(D54,-1) | F54: =E54/3*2 | G54: =ROUND(F54,0) | H54: =IF($A54<DATE(YEAR($J$4),MONTH($J$4),1),"",IF($A54<DATE(YEAR($J$5),MONTH($J$5),1),"判定用（初めて〇になる前の月の額）",IF($A54=DATE(YEAR($J$5),MONTH($J$5),1),IF($C$8<>"","← 確認値（C8）の額を、全期間の傷病手当日額として固定して使います","← 初めて〇になった月の額を、全期間の傷病手当日額として固定して使います"),"参考（算定には使いません）")))
A55: =DATE(YEAR($J$4),MONTH($J$4)-12+18,1) | B55: 340000 | C55: =AVERAGE(B44:B55) | D55: =C55/22 | E55: =ROUND(D55,-1) | F55: =E55/3*2 | G55: =ROUND(F55,0) | H55: =IF($A55<DATE(YEAR($J$4),MONTH($J$4),1),"",IF($A55<DATE(YEAR($J$5),MONTH($J$5),1),"判定用（初めて〇になる前の月の額）",IF($A55=DATE(YEAR($J$5),MONTH($J$5),1),IF($C$8<>"","← 確認値（C8）の額を、全期間の傷病手当日額として固定して使います","← 初めて〇になった月の額を、全期間の傷病手当日額として固定して使います"),"参考（算定には使いません）")))
A56: =DATE(YEAR($J$4),MONTH($J$4)-12+19,1) | B56: 340000 | C56: =AVERAGE(B45:B56) | D56: =C56/22 | E56: =ROUND(D56,-1) | F56: =E56/3*2 | G56: =ROUND(F56,0) | H56: =IF($A56<DATE(YEAR($J$4),MONTH($J$4),1),"",IF($A56<DATE(YEAR($J$5),MONTH($J$5),1),"判定用（初めて〇になる前の月の額）",IF($A56=DATE(YEAR($J$5),MONTH($J$5),1),IF($C$8<>"","← 確認値（C8）の額を、全期間の傷病手当日額として固定して使います","← 初めて〇になった月の額を、全期間の傷病手当日額として固定して使います"),"参考（算定には使いません）")))
A57: =DATE(YEAR($J$4),MONTH($J$4)-12+20,1) | B57: 340000 | C57: =AVERAGE(B46:B57) | D57: =C57/22 | E57: =ROUND(D57,-1) | F57: =E57/3*2 | G57: =ROUND(F57,0) | H57: =IF($A57<DATE(YEAR($J$4),MONTH($J$4),1),"",IF($A57<DATE(YEAR($J$5),MONTH($J$5),1),"判定用（初めて〇になる前の月の額）",IF($A57=DATE(YEAR($J$5),MONTH($J$5),1),IF($C$8<>"","← 確認値（C8）の額を、全期間の傷病手当日額として固定して使います","← 初めて〇になった月の額を、全期間の傷病手当日額として固定して使います"),"参考（算定には使いません）")))
A58: =DATE(YEAR($J$4),MONTH($J$4)-12+21,1) | B58: 340000 | C58: =AVERAGE(B47:B58) | D58: =C58/22 | E58: =ROUND(D58,-1) | F58: =E58/3*2 | G58: =ROUND(F58,0) | H58: =IF($A58<DATE(YEAR($J$4),MONTH($J$4),1),"",IF($A58<DATE(YEAR($J$5),MONTH($J$5),1),"判定用（初めて〇になる前の月の額）",IF($A58=DATE(YEAR($J$5),MONTH($J$5),1),IF($C$8<>"","← 確認値（C8）の額を、全期間の傷病手当日額として固定して使います","← 初めて〇になった月の額を、全期間の傷病手当日額として固定して使います"),"参考（算定には使いません）")))
A59: =DATE(YEAR($J$4),MONTH($J$4)-12+22,1) | B59: 340000 | C59: =AVERAGE(B48:B59) | D59: =C59/22 | E59: =ROUND(D59,-1) | F59: =E59/3*2 | G59: =ROUND(F59,0) | H59: =IF($A59<DATE(YEAR($J$4),MONTH($J$4),1),"",IF($A59<DATE(YEAR($J$5),MONTH($J$5),1),"判定用（初めて〇になる前の月の額）",IF($A59=DATE(YEAR($J$5),MONTH($J$5),1),IF($C$8<>"","← 確認値（C8）の額を、全期間の傷病手当日額として固定して使います","← 初めて〇になった月の額を、全期間の傷病手当日額として固定して使います"),"参考（算定には使いません）")))
A60: =DATE(YEAR($J$4),MONTH($J$4)-12+23,1) | B60: 340000 | C60: =AVERAGE(B49:B60) | D60: =C60/22 | E60: =ROUND(D60,-1) | F60: =E60/3*2 | G60: =ROUND(F60,0) | H60: =IF($A60<DATE(YEAR($J$4),MONTH($J$4),1),"",IF($A60<DATE(YEAR($J$5),MONTH($J$5),1),"判定用（初めて〇になる前の月の額）",IF($A60=DATE(YEAR($J$5),MONTH($J$5),1),IF($C$8<>"","← 確認値（C8）の額を、全期間の傷病手当日額として固定して使います","← 初めて〇になった月の額を、全期間の傷病手当日額として固定して使います"),"参考（算定には使いません）")))
A61: =DATE(YEAR($J$4),MONTH($J$4)-12+24,1) | B61: 340000 | C61: =AVERAGE(B50:B61) | D61: =C61/22 | E61: =ROUND(D61,-1) | F61: =E61/3*2 | G61: =ROUND(F61,0) | H61: =IF($A61<DATE(YEAR($J$4),MONTH($J$4),1),"",IF($A61<DATE(YEAR($J$5),MONTH($J$5),1),"判定用（初めて〇になる前の月の額）",IF($A61=DATE(YEAR($J$5),MONTH($J$5),1),IF($C$8<>"","← 確認値（C8）の額を、全期間の傷病手当日額として固定して使います","← 初めて〇になった月の額を、全期間の傷病手当日額として固定して使います"),"参考（算定には使いません）")))
A62: =DATE(YEAR($J$4),MONTH($J$4)-12+25,1) | B62: 340000 | C62: =AVERAGE(B51:B62) | D62: =C62/22 | E62: =ROUND(D62,-1) | F62: =E62/3*2 | G62: =ROUND(F62,0) | H62: =IF($A62<DATE(YEAR($J$4),MONTH($J$4),1),"",IF($A62<DATE(YEAR($J$5),MONTH($J$5),1),"判定用（初めて〇になる前の月の額）",IF($A62=DATE(YEAR($J$5),MONTH($J$5),1),IF($C$8<>"","← 確認値（C8）の額を、全期間の傷病手当日額として固定して使います","← 初めて〇になった月の額を、全期間の傷病手当日額として固定して使います"),"参考（算定には使いません）")))
A63: =DATE(YEAR($J$4),MONTH($J$4)-12+26,1) | B63: 340000 | C63: =AVERAGE(B52:B63) | D63: =C63/22 | E63: =ROUND(D63,-1) | F63: =E63/3*2 | G63: =ROUND(F63,0) | H63: =IF($A63<DATE(YEAR($J$4),MONTH($J$4),1),"",IF($A63<DATE(YEAR($J$5),MONTH($J$5),1),"判定用（初めて〇になる前の月の額）",IF($A63=DATE(YEAR($J$5),MONTH($J$5),1),IF($C$8<>"","← 確認値（C8）の額を、全期間の傷病手当日額として固定して使います","← 初めて〇になった月の額を、全期間の傷病手当日額として固定して使います"),"参考（算定には使いません）")))
A64: =DATE(YEAR($J$4),MONTH($J$4)-12+27,1) | B64: 340000 | C64: =AVERAGE(B53:B64) | D64: =C64/22 | E64: =ROUND(D64,-1) | F64: =E64/3*2 | G64: =ROUND(F64,0) | H64: =IF($A64<DATE(YEAR($J$4),MONTH($J$4),1),"",IF($A64<DATE(YEAR($J$5),MONTH($J$5),1),"判定用（初めて〇になる前の月の額）",IF($A64=DATE(YEAR($J$5),MONTH($J$5),1),IF($C$8<>"","← 確認値（C8）の額を、全期間の傷病手当日額として固定して使います","← 初めて〇になった月の額を、全期間の傷病手当日額として固定して使います"),"参考（算定には使いません）")))
A65: =DATE(YEAR($J$4),MONTH($J$4)-12+28,1) | B65: 340000 | C65: =AVERAGE(B54:B65) | D65: =C65/22 | E65: =ROUND(D65,-1) | F65: =E65/3*2 | G65: =ROUND(F65,0) | H65: =IF($A65<DATE(YEAR($J$4),MONTH($J$4),1),"",IF($A65<DATE(YEAR($J$5),MONTH($J$5),1),"判定用（初めて〇になる前の月の額）",IF($A65=DATE(YEAR($J$5),MONTH($J$5),1),IF($C$8<>"","← 確認値（C8）の額を、全期間の傷病手当日額として固定して使います","← 初めて〇になった月の額を、全期間の傷病手当日額として固定して使います"),"参考（算定には使いません）")))
A66: =DATE(YEAR($J$4),MONTH($J$4)-12+29,1) | B66: 340000 | C66: =AVERAGE(B55:B66) | D66: =C66/22 | E66: =ROUND(D66,-1) | F66: =E66/3*2 | G66: =ROUND(F66,0) | H66: =IF($A66<DATE(YEAR($J$4),MONTH($J$4),1),"",IF($A66<DATE(YEAR($J$5),MONTH($J$5),1),"判定用（初めて〇になる前の月の額）",IF($A66=DATE(YEAR($J$5),MONTH($J$5),1),IF($C$8<>"","← 確認値（C8）の額を、全期間の傷病手当日額として固定して使います","← 初めて〇になった月の額を、全期間の傷病手当日額として固定して使います"),"参考（算定には使いません）")))
A67: =DATE(YEAR($J$4),MONTH($J$4)-12+30,1) | B67: 340000 | C67: =AVERAGE(B56:B67) | D67: =C67/22 | E67: =ROUND(D67,-1) | F67: =E67/3*2 | G67: =ROUND(F67,0) | H67: =IF($A67<DATE(YEAR($J$4),MONTH($J$4),1),"",IF($A67<DATE(YEAR($J$5),MONTH($J$5),1),"判定用（初めて〇になる前の月の額）",IF($A67=DATE(YEAR($J$5),MONTH($J$5),1),IF($C$8<>"","← 確認値（C8）の額を、全期間の傷病手当日額として固定して使います","← 初めて〇になった月の額を、全期間の傷病手当日額として固定して使います"),"参考（算定には使いません）")))
A68: =DATE(YEAR($J$4),MONTH($J$4)-12+31,1) | B68: 340000 | C68: =AVERAGE(B57:B68) | D68: =C68/22 | E68: =ROUND(D68,-1) | F68: =E68/3*2 | G68: =ROUND(F68,0) | H68: =IF($A68<DATE(YEAR($J$4),MONTH($J$4),1),"",IF($A68<DATE(YEAR($J$5),MONTH($J$5),1),"判定用（初めて〇になる前の月の額）",IF($A68=DATE(YEAR($J$5),MONTH($J$5),1),IF($C$8<>"","← 確認値（C8）の額を、全期間の傷病手当日額として固定して使います","← 初めて〇になった月の額を、全期間の傷病手当日額として固定して使います"),"参考（算定には使いません）")))
A69: =DATE(YEAR($J$4),MONTH($J$4)-12+32,1) | B69: 340000 | C69: =AVERAGE(B58:B69) | D69: =C69/22 | E69: =ROUND(D69,-1) | F69: =E69/3*2 | G69: =ROUND(F69,0) | H69: =IF($A69<DATE(YEAR($J$4),MONTH($J$4),1),"",IF($A69<DATE(YEAR($J$5),MONTH($J$5),1),"判定用（初めて〇になる前の月の額）",IF($A69=DATE(YEAR($J$5),MONTH($J$5),1),IF($C$8<>"","← 確認値（C8）の額を、全期間の傷病手当日額として固定して使います","← 初めて〇になった月の額を、全期間の傷病手当日額として固定して使います"),"参考（算定には使いません）")))
A70: =DATE(YEAR($J$4),MONTH($J$4)-12+33,1) | B70: 340000 | C70: =AVERAGE(B59:B70) | D70: =C70/22 | E70: =ROUND(D70,-1) | F70: =E70/3*2 | G70: =ROUND(F70,0) | H70: =IF($A70<DATE(YEAR($J$4),MONTH($J$4),1),"",IF($A70<DATE(YEAR($J$5),MONTH($J$5),1),"判定用（初めて〇になる前の月の額）",IF($A70=DATE(YEAR($J$5),MONTH($J$5),1),IF($C$8<>"","← 確認値（C8）の額を、全期間の傷病手当日額として固定して使います","← 初めて〇になった月の額を、全期間の傷病手当日額として固定して使います"),"参考（算定には使いません）")))
A71: =DATE(YEAR($J$4),MONTH($J$4)-12+34,1) | B71: 340000 | C71: =AVERAGE(B60:B71) | D71: =C71/22 | E71: =ROUND(D71,-1) | F71: =E71/3*2 | G71: =ROUND(F71,0) | H71: =IF($A71<DATE(YEAR($J$4),MONTH($J$4),1),"",IF($A71<DATE(YEAR($J$5),MONTH($J$5),1),"判定用（初めて〇になる前の月の額）",IF($A71=DATE(YEAR($J$5),MONTH($J$5),1),IF($C$8<>"","← 確認値（C8）の額を、全期間の傷病手当日額として固定して使います","← 初めて〇になった月の額を、全期間の傷病手当日額として固定して使います"),"参考（算定には使いません）")))
A72: =DATE(YEAR($J$4),MONTH($J$4)-12+35,1) | B72: 340000 | C72: =AVERAGE(B61:B72) | D72: =C72/22 | E72: =ROUND(D72,-1) | F72: =E72/3*2 | G72: =ROUND(F72,0) | H72: =IF($A72<DATE(YEAR($J$4),MONTH($J$4),1),"",IF($A72<DATE(YEAR($J$5),MONTH($J$5),1),"判定用（初めて〇になる前の月の額）",IF($A72=DATE(YEAR($J$5),MONTH($J$5),1),IF($C$8<>"","← 確認値（C8）の額を、全期間の傷病手当日額として固定して使います","← 初めて〇になった月の額を、全期間の傷病手当日額として固定して使います"),"参考（算定には使いません）")))
A73: =DATE(YEAR($J$4),MONTH($J$4)-12+36,1) | B73: 340000 | C73: =AVERAGE(B62:B73) | D73: =C73/22 | E73: =ROUND(D73,-1) | F73: =E73/3*2 | G73: =ROUND(F73,0) | H73: =IF($A73<DATE(YEAR($J$4),MONTH($J$4),1),"",IF($A73<DATE(YEAR($J$5),MONTH($J$5),1),"判定用（初めて〇になる前の月の額）",IF($A73=DATE(YEAR($J$5),MONTH($J$5),1),IF($C$8<>"","← 確認値（C8）の額を、全期間の傷病手当日額として固定して使います","← 初めて〇になった月の額を、全期間の傷病手当日額として固定して使います"),"参考（算定には使いません）")))
A74: =DATE(YEAR($J$4),MONTH($J$4)-12+37,1) | B74: 340000 | C74: =AVERAGE(B63:B74) | D74: =C74/22 | E74: =ROUND(D74,-1) | F74: =E74/3*2 | G74: =ROUND(F74,0) | H74: =IF($A74<DATE(YEAR($J$4),MONTH($J$4),1),"",IF($A74<DATE(YEAR($J$5),MONTH($J$5),1),"判定用（初めて〇になる前の月の額）",IF($A74=DATE(YEAR($J$5),MONTH($J$5),1),IF($C$8<>"","← 確認値（C8）の額を、全期間の傷病手当日額として固定して使います","← 初めて〇になった月の額を、全期間の傷病手当日額として固定して使います"),"参考（算定には使いません）")))
A75: =DATE(YEAR($J$4),MONTH($J$4)-12+38,1) | B75: 340000 | C75: =AVERAGE(B64:B75) | D75: =C75/22 | E75: =ROUND(D75,-1) | F75: =E75/3*2 | G75: =ROUND(F75,0) | H75: =IF($A75<DATE(YEAR($J$4),MONTH($J$4),1),"",IF($A75<DATE(YEAR($J$5),MONTH($J$5),1),"判定用（初めて〇になる前の月の額）",IF($A75=DATE(YEAR($J$5),MONTH($J$5),1),IF($C$8<>"","← 確認値（C8）の額を、全期間の傷病手当日額として固定して使います","← 初めて〇になった月の額を、全期間の傷病手当日額として固定して使います"),"参考（算定には使いません）")))
A76: =DATE(YEAR($J$4),MONTH($J$4)-12+39,1) | B76: 340000 | C76: =AVERAGE(B65:B76) | D76: =C76/22 | E76: =ROUND(D76,-1) | F76: =E76/3*2 | G76: =ROUND(F76,0) | H76: =IF($A76<DATE(YEAR($J$4),MONTH($J$4),1),"",IF($A76<DATE(YEAR($J$5),MONTH($J$5),1),"判定用（初めて〇になる前の月の額）",IF($A76=DATE(YEAR($J$5),MONTH($J$5),1),IF($C$8<>"","← 確認値（C8）の額を、全期間の傷病手当日額として固定して使います","← 初めて〇になった月の額を、全期間の傷病手当日額として固定して使います"),"参考（算定には使いません）")))
A77: =DATE(YEAR($J$4),MONTH($J$4)-12+40,1) | B77: 340000 | C77: =AVERAGE(B66:B77) | D77: =C77/22 | E77: =ROUND(D77,-1) | F77: =E77/3*2 | G77: =ROUND(F77,0) | H77: =IF($A77<DATE(YEAR($J$4),MONTH($J$4),1),"",IF($A77<DATE(YEAR($J$5),MONTH($J$5),1),"判定用（初めて〇になる前の月の額）",IF($A77=DATE(YEAR($J$5),MONTH($J$5),1),IF($C$8<>"","← 確認値（C8）の額を、全期間の傷病手当日額として固定して使います","← 初めて〇になった月の額を、全期間の傷病手当日額として固定して使います"),"参考（算定には使いません）")))
A78: =DATE(YEAR($J$4),MONTH($J$4)-12+41,1) | B78: 340000 | C78: =AVERAGE(B67:B78) | D78: =C78/22 | E78: =ROUND(D78,-1) | F78: =E78/3*2 | G78: =ROUND(F78,0) | H78: =IF($A78<DATE(YEAR($J$4),MONTH($J$4),1),"",IF($A78<DATE(YEAR($J$5),MONTH($J$5),1),"判定用（初めて〇になる前の月の額）",IF($A78=DATE(YEAR($J$5),MONTH($J$5),1),IF($C$8<>"","← 確認値（C8）の額を、全期間の傷病手当日額として固定して使います","← 初めて〇になった月の額を、全期間の傷病手当日額として固定して使います"),"参考（算定には使いません）")))
A79: ※標準報酬月額は、待機後の初日の月の12か月前から入力します。算定表で初めて〇になった月（太字の行）の額を傷病手当日額に使い、それより前の月は〇の判定にだけ使います。将来月は現在の額を見込みで入力し、定時決定・随時改定があれば更新します。
A82: ■ 出勤期間（出勤して傷病手当を受けない期間。その分だけ支給期間が延びます）
A83: ※出勤した期間の開始日・終了日を、古い順に入力（10件まで）。月は応当日の前日まで数え（例：1/3〜3/2 → 2か月）、残りは「土日を除く日数」だけ後ろにずれます（例：2/1〜3/15 → 1か月＋3/1〜3/15の土日を除く日数）。
A84: 番号 | B84: 開始日 | C84: 終了日 | D84: 延びる月数 （自動） | E84: 延びる日数 （土日除く・自動） | F84: 区分 （自動） | G84: 法定：月数 （累計） | H84: 法定：日数 （累計） | I84: 附加：月数 （累計） | J84: 附加：日数 （累計） | K84: 法定末日 （この行まで） | L84: 月で数えた終わり （途中経過） | M84: 残りの始め （途中経過）
A85: 基準・合計 | D85: =MAX(G85:G95)+MAX(I85:I95) | E85: =MAX(H85:H95)+MAX(J85:J95) | G85: 0 | H85: 0 | I85: 0 | J85: 0 | K85: =EDATE($J$4,18)-1
A86: 1 | D86: =IF(OR(B86="",C86="",C86<B86),0,MAX(0,(YEAR(C86)-YEAR(B86))*12+MONTH(C86)-MONTH(B86)-IF(EDATE(B86,(YEAR(C86)-YEAR(B86))*12+MONTH(C86)-MONTH(B86))-1>C86,1,0))) | E86: =IF(OR(OR(B86="",C86="",C86<B86),M86=""),0,NETWORKDAYS(M86,C86)) | F86: =IF(OR(B86="",C86=""),"",IF(C86<B86,"日付エラー",IF(B86<$J$4,"対象外",IF(B86<=K85,"法定",IF(B86<=WORKDAY(EDATE(K85+1,6+I85)-1,J85),"附加","対象外"))))) | G86: =G85+IF(F86="法定",D86,0) | H86: =H85+IF(F86="法定",E86,0) | I86: =I85+IF(F86="附加",D86,0) | J86: =J85+IF(F86="附加",E86,0) | K86: =WORKDAY(EDATE($J$4,18+G86)-1,H86) | L86: =IF(OR(B86="",C86="",C86<B86),"",EDATE(B86,D86)-1) | M86: =IF(L86="","",IF(L86>=C86,"",L86+1))
A87: 2 | D87: =IF(OR(B87="",C87="",C87<B87),0,MAX(0,(YEAR(C87)-YEAR(B87))*12+MONTH(C87)-MONTH(B87)-IF(EDATE(B87,(YEAR(C87)-YEAR(B87))*12+MONTH(C87)-MONTH(B87))-1>C87,1,0))) | E87: =IF(OR(OR(B87="",C87="",C87<B87),M87=""),0,NETWORKDAYS(M87,C87)) | F87: =IF(OR(B87="",C87=""),"",IF(C87<B87,"日付エラー",IF(B87<$J$4,"対象外",IF(B87<=K86,"法定",IF(B87<=WORKDAY(EDATE(K86+1,6+I86)-1,J86),"附加","対象外"))))) | G87: =G86+IF(F87="法定",D87,0) | H87: =H86+IF(F87="法定",E87,0) | I87: =I86+IF(F87="附加",D87,0) | J87: =J86+IF(F87="附加",E87,0) | K87: =WORKDAY(EDATE($J$4,18+G87)-1,H87) | L87: =IF(OR(B87="",C87="",C87<B87),"",EDATE(B87,D87)-1) | M87: =IF(L87="","",IF(L87>=C87,"",L87+1))
A88: 3 | D88: =IF(OR(B88="",C88="",C88<B88),0,MAX(0,(YEAR(C88)-YEAR(B88))*12+MONTH(C88)-MONTH(B88)-IF(EDATE(B88,(YEAR(C88)-YEAR(B88))*12+MONTH(C88)-MONTH(B88))-1>C88,1,0))) | E88: =IF(OR(OR(B88="",C88="",C88<B88),M88=""),0,NETWORKDAYS(M88,C88)) | F88: =IF(OR(B88="",C88=""),"",IF(C88<B88,"日付エラー",IF(B88<$J$4,"対象外",IF(B88<=K87,"法定",IF(B88<=WORKDAY(EDATE(K87+1,6+I87)-1,J87),"附加","対象外"))))) | G88: =G87+IF(F88="法定",D88,0) | H88: =H87+IF(F88="法定",E88,0) | I88: =I87+IF(F88="附加",D88,0) | J88: =J87+IF(F88="附加",E88,0) | K88: =WORKDAY(EDATE($J$4,18+G88)-1,H88) | L88: =IF(OR(B88="",C88="",C88<B88),"",EDATE(B88,D88)-1) | M88: =IF(L88="","",IF(L88>=C88,"",L88+1))
A89: 4 | D89: =IF(OR(B89="",C89="",C89<B89),0,MAX(0,(YEAR(C89)-YEAR(B89))*12+MONTH(C89)-MONTH(B89)-IF(EDATE(B89,(YEAR(C89)-YEAR(B89))*12+MONTH(C89)-MONTH(B89))-1>C89,1,0))) | E89: =IF(OR(OR(B89="",C89="",C89<B89),M89=""),0,NETWORKDAYS(M89,C89)) | F89: =IF(OR(B89="",C89=""),"",IF(C89<B89,"日付エラー",IF(B89<$J$4,"対象外",IF(B89<=K88,"法定",IF(B89<=WORKDAY(EDATE(K88+1,6+I88)-1,J88),"附加","対象外"))))) | G89: =G88+IF(F89="法定",D89,0) | H89: =H88+IF(F89="法定",E89,0) | I89: =I88+IF(F89="附加",D89,0) | J89: =J88+IF(F89="附加",E89,0) | K89: =WORKDAY(EDATE($J$4,18+G89)-1,H89) | L89: =IF(OR(B89="",C89="",C89<B89),"",EDATE(B89,D89)-1) | M89: =IF(L89="","",IF(L89>=C89,"",L89+1))
A90: 5 | D90: =IF(OR(B90="",C90="",C90<B90),0,MAX(0,(YEAR(C90)-YEAR(B90))*12+MONTH(C90)-MONTH(B90)-IF(EDATE(B90,(YEAR(C90)-YEAR(B90))*12+MONTH(C90)-MONTH(B90))-1>C90,1,0))) | E90: =IF(OR(OR(B90="",C90="",C90<B90),M90=""),0,NETWORKDAYS(M90,C90)) | F90: =IF(OR(B90="",C90=""),"",IF(C90<B90,"日付エラー",IF(B90<$J$4,"対象外",IF(B90<=K89,"法定",IF(B90<=WORKDAY(EDATE(K89+1,6+I89)-1,J89),"附加","対象外"))))) | G90: =G89+IF(F90="法定",D90,0) | H90: =H89+IF(F90="法定",E90,0) | I90: =I89+IF(F90="附加",D90,0) | J90: =J89+IF(F90="附加",E90,0) | K90: =WORKDAY(EDATE($J$4,18+G90)-1,H90) | L90: =IF(OR(B90="",C90="",C90<B90),"",EDATE(B90,D90)-1) | M90: =IF(L90="","",IF(L90>=C90,"",L90+1))
A91: 6 | D91: =IF(OR(B91="",C91="",C91<B91),0,MAX(0,(YEAR(C91)-YEAR(B91))*12+MONTH(C91)-MONTH(B91)-IF(EDATE(B91,(YEAR(C91)-YEAR(B91))*12+MONTH(C91)-MONTH(B91))-1>C91,1,0))) | E91: =IF(OR(OR(B91="",C91="",C91<B91),M91=""),0,NETWORKDAYS(M91,C91)) | F91: =IF(OR(B91="",C91=""),"",IF(C91<B91,"日付エラー",IF(B91<$J$4,"対象外",IF(B91<=K90,"法定",IF(B91<=WORKDAY(EDATE(K90+1,6+I90)-1,J90),"附加","対象外"))))) | G91: =G90+IF(F91="法定",D91,0) | H91: =H90+IF(F91="法定",E91,0) | I91: =I90+IF(F91="附加",D91,0) | J91: =J90+IF(F91="附加",E91,0) | K91: =WORKDAY(EDATE($J$4,18+G91)-1,H91) | L91: =IF(OR(B91="",C91="",C91<B91),"",EDATE(B91,D91)-1) | M91: =IF(L91="","",IF(L91>=C91,"",L91+1))
A92: 7 | D92: =IF(OR(B92="",C92="",C92<B92),0,MAX(0,(YEAR(C92)-YEAR(B92))*12+MONTH(C92)-MONTH(B92)-IF(EDATE(B92,(YEAR(C92)-YEAR(B92))*12+MONTH(C92)-MONTH(B92))-1>C92,1,0))) | E92: =IF(OR(OR(B92="",C92="",C92<B92),M92=""),0,NETWORKDAYS(M92,C92)) | F92: =IF(OR(B92="",C92=""),"",IF(C92<B92,"日付エラー",IF(B92<$J$4,"対象外",IF(B92<=K91,"法定",IF(B92<=WORKDAY(EDATE(K91+1,6+I91)-1,J91),"附加","対象外"))))) | G92: =G91+IF(F92="法定",D92,0) | H92: =H91+IF(F92="法定",E92,0) | I92: =I91+IF(F92="附加",D92,0) | J92: =J91+IF(F92="附加",E92,0) | K92: =WORKDAY(EDATE($J$4,18+G92)-1,H92) | L92: =IF(OR(B92="",C92="",C92<B92),"",EDATE(B92,D92)-1) | M92: =IF(L92="","",IF(L92>=C92,"",L92+1))
A93: 8 | D93: =IF(OR(B93="",C93="",C93<B93),0,MAX(0,(YEAR(C93)-YEAR(B93))*12+MONTH(C93)-MONTH(B93)-IF(EDATE(B93,(YEAR(C93)-YEAR(B93))*12+MONTH(C93)-MONTH(B93))-1>C93,1,0))) | E93: =IF(OR(OR(B93="",C93="",C93<B93),M93=""),0,NETWORKDAYS(M93,C93)) | F93: =IF(OR(B93="",C93=""),"",IF(C93<B93,"日付エラー",IF(B93<$J$4,"対象外",IF(B93<=K92,"法定",IF(B93<=WORKDAY(EDATE(K92+1,6+I92)-1,J92),"附加","対象外"))))) | G93: =G92+IF(F93="法定",D93,0) | H93: =H92+IF(F93="法定",E93,0) | I93: =I92+IF(F93="附加",D93,0) | J93: =J92+IF(F93="附加",E93,0) | K93: =WORKDAY(EDATE($J$4,18+G93)-1,H93) | L93: =IF(OR(B93="",C93="",C93<B93),"",EDATE(B93,D93)-1) | M93: =IF(L93="","",IF(L93>=C93,"",L93+1))
A94: 9 | D94: =IF(OR(B94="",C94="",C94<B94),0,MAX(0,(YEAR(C94)-YEAR(B94))*12+MONTH(C94)-MONTH(B94)-IF(EDATE(B94,(YEAR(C94)-YEAR(B94))*12+MONTH(C94)-MONTH(B94))-1>C94,1,0))) | E94: =IF(OR(OR(B94="",C94="",C94<B94),M94=""),0,NETWORKDAYS(M94,C94)) | F94: =IF(OR(B94="",C94=""),"",IF(C94<B94,"日付エラー",IF(B94<$J$4,"対象外",IF(B94<=K93,"法定",IF(B94<=WORKDAY(EDATE(K93+1,6+I93)-1,J93),"附加","対象外"))))) | G94: =G93+IF(F94="法定",D94,0) | H94: =H93+IF(F94="法定",E94,0) | I94: =I93+IF(F94="附加",D94,0) | J94: =J93+IF(F94="附加",E94,0) | K94: =WORKDAY(EDATE($J$4,18+G94)-1,H94) | L94: =IF(OR(B94="",C94="",C94<B94),"",EDATE(B94,D94)-1) | M94: =IF(L94="","",IF(L94>=C94,"",L94+1))
A95: 10 | D95: =IF(OR(B95="",C95="",C95<B95),0,MAX(0,(YEAR(C95)-YEAR(B95))*12+MONTH(C95)-MONTH(B95)-IF(EDATE(B95,(YEAR(C95)-YEAR(B95))*12+MONTH(C95)-MONTH(B95))-1>C95,1,0))) | E95: =IF(OR(OR(B95="",C95="",C95<B95),M95=""),0,NETWORKDAYS(M95,C95)) | F95: =IF(OR(B95="",C95=""),"",IF(C95<B95,"日付エラー",IF(B95<$J$4,"対象外",IF(B95<=K94,"法定",IF(B95<=WORKDAY(EDATE(K94+1,6+I94)-1,J94),"附加","対象外"))))) | G95: =G94+IF(F95="法定",D95,0) | H95: =H94+IF(F95="法定",E95,0) | I95: =I94+IF(F95="附加",D95,0) | J95: =J94+IF(F95="附加",E95,0) | K95: =WORKDAY(EDATE($J$4,18+G95)-1,H95) | L95: =IF(OR(B95="",C95="",C95<B95),"",EDATE(B95,D95)-1) | M95: =IF(L95="","",IF(L95>=C95,"",L95+1))
A96: ※10件を超えるときは、途中の行を挿入し、挿入した行から最終行までを選択して Ctrl+D（上の行の式をコピー）してください。範囲は自動で広がります。
A97: ※ずらし方（月数・土日を除く日数）を変えるときは、D列・E列の式だけ直せば、すべてに反映されます。

Sheet 月別集計
A1: =算定表!A1
A2: 基幹システム入力用：月ごと・法定／附加ごとに集計します（給与区分で行が分かれる月も1行にまとめています）。
A3: ="支給開始日：" & TEXT(入力!J5,"[$-411]ggge""年""m""月""d""日""") & " 法定給付の末日：" & TEXT(入力!J6,"[$-411]ggge""年""m""月""d""日""") & " 附加給付：" & IF(入力!J9>入力!J6,TEXT(入力!J7,"[$-411]ggge""年""m""月""d""日""") & "～" & TEXT(入力!J8,"[$-411]ggge""年""m""月""d""日"""),"なし") & " 算定の最終日：" & TEXT(入力!J9,"[$-411]ggge""年""m""月""d""日""")
A4: ="傷病手当日額（初めて〇になった月で固定）：" & TEXT(入力!J10,"#,##0") & "円" & IF(OR(入力!D85>0,入力!E85>0)," 出勤による延長：" & IF(入力!D85>0,入力!D85 & "か月","") & IF(AND(入力!D85>0,入力!E85>0),"＋","") & IF(入力!E85>0,入力!E85 & "日（土日を除く）",""),"")
A5: 番号 | B5: 年 | C5: 月 | D5: 給付 区分 | E5: 支給期間 （始） | F5: 支給期間 （終） | G5: 支給日数 | H5: 標準支給額 | I5: 調整額 | J5: 差引支給額 （基幹入力額） | K5: 備考 | L5: 行
A6: =IF(ROW()-5<=MAX(算定表!$Q$6:$Q$53),ROW()-5,"") | B6: =IF(A6="","",INDEX(算定表!$B$6:$B$53,L6)) | C6: =IF(A6="","",INDEX(算定表!$C$6:$C$53,L6)) | D6: =IF(A6="","",INDEX(算定表!$E$6:$E$53,L6)) | E6: =IF(A6="","",INDEX(算定表!$F$6:$F$53,L6)) | F6: =IF(A6="","",LOOKUP(2,1/((算定表!$B$6:$B$53=B6)*(算定表!$C$6:$C$53=C6)*(算定表!$E$6:$E$53=D6)),算定表!$G$6:$G$53)) | G6: =IF(A6="","",SUMIFS(算定表!$I$6:$I$53,算定表!$B$6:$B$53,B6,算定表!$C$6:$C$53,C6,算定表!$E$6:$E$53,D6)) | H6: =IF(A6="","",SUMIFS(算定表!$M$6:$M$53,算定表!$B$6:$B$53,B6,算定表!$C$6:$C$53,C6,算定表!$E$6:$E$53,D6)) | I6: =IF(A6="","",SUMIFS(算定表!$N$6:$N$53,算定表!$B$6:$B$53,B6,算定表!$C$6:$C$53,C6,算定表!$E$6:$E$53,D6)) | J6: =IF(A6="","",SUMIFS(算定表!$O$6:$O$53,算定表!$B$6:$B$53,B6,算定表!$C$6:$C$53,C6,算定表!$E$6:$E$53,D6)) | K6: =IF(A6="","",IF(J6=0,"支給なし","")) | L6: =IF(A6="","",MATCH(A6,算定表!$Q$6:$Q$53,0))
A7: =IF(ROW()-5<=MAX(算定表!$Q$6:$Q$53),ROW()-5,"") | B7: =IF(A7="","",INDEX(算定表!$B$6:$B$53,L7)) | C7: =IF(A7="","",INDEX(算定表!$C$6:$C$53,L7)) | D7: =IF(A7="","",INDEX(算定表!$E$6:$E$53,L7)) | E7: =IF(A7="","",INDEX(算定表!$F$6:$F$53,L7)) | F7: =IF(A7="","",LOOKUP(2,1/((算定表!$B$6:$B$53=B7)*(算定表!$C$6:$C$53=C7)*(算定表!$E$6:$E$53=D7)),算定表!$G$6:$G$53)) | G7: =IF(A7="","",SUMIFS(算定表!$I$6:$I$53,算定表!$B$6:$B$53,B7,算定表!$C$6:$C$53,C7,算定表!$E$6:$E$53,D7)) | H7: =IF(A7="","",SUMIFS(算定表!$M$6:$M$53,算定表!$B$6:$B$53,B7,算定表!$C$6:$C$53,C7,算定表!$E$6:$E$53,D7)) | I7: =IF(A7="","",SUMIFS(算定表!$N$6:$N$53,算定表!$B$6:$B$53,B7,算定表!$C$6:$C$53,C7,算定表!$E$6:$E$53,D7)) | J7: =IF(A7="","",SUMIFS(算定表!$O$6:$O$53,算定表!$B$6:$B$53,B7,算定表!$C$6:$C$53,C7,算定表!$E$6:$E$53,D7)) | K7: =IF(A7="","",IF(J7=0,"支給なし","")) | L7: =IF(A7="","",MATCH(A7,算定表!$Q$6:$Q$53,0))
A8: =IF(ROW()-5<=MAX(算定表!$Q$6:$Q$53),ROW()-5,"") | B8: =IF(A8="","",INDEX(算定表!$B$6:$B$53,L8)) | C8: =IF(A8="","",INDEX(算定表!$C$6:$C$53,L8)) | D8: =IF(A8="","",INDEX(算定表!$E$6:$E$53,L8)) | E8: =IF(A8="","",INDEX(算定表!$F$6:$F$53,L8)) | F8: =IF(A8="","",LOOKUP(2,1/((算定表!$B$6:$B$53=B8)*(算定表!$C$6:$C$53=C8)*(算定表!$E$6:$E$53=D8)),算定表!$G$6:$G$53)) | G8: =IF(A8="","",SUMIFS(算定表!$I$6:$I$53,算定表!$B$6:$B$53,B8,算定表!$C$6:$C$53,C8,算定表!$E$6:$E$53,D8)) | H8: =IF(A8="","",SUMIFS(算定表!$M$6:$M$53,算定表!$B$6:$B$53,B8,算定表!$C$6:$C$53,C8,算定表!$E$6:$E$53,D8)) | I8: =IF(A8="","",SUMIFS(算定表!$N$6:$N$53,算定表!$B$6:$B$53,B8,算定表!$C$6:$C$53,C8,算定表!$E$6:$E$53,D8)) | J8: =IF(A8="","",SUMIFS(算定表!$O$6:$O$53,算定表!$B$6:$B$53,B8,算定表!$C$6:$C$53,C8,算定表!$E$6:$E$53,D8)) | K8: =IF(A8="","",IF(J8=0,"支給なし","")) | L8: =IF(A8="","",MATCH(A8,算定表!$Q$6:$Q$53,0))
A9: =IF(ROW()-5<=MAX(算定表!$Q$6:$Q$53),ROW()-5,"") | B9: =IF(A9="","",INDEX(算定表!$B$6:$B$53,L9)) | C9: =IF(A9="","",INDEX(算定表!$C$6:$C$53,L9)) | D9: =IF(A9="","",INDEX(算定表!$E$6:$E$53,L9)) | E9: =IF(A9="","",INDEX(算定表!$F$6:$F$53,L9)) | F9: =IF(A9="","",LOOKUP(2,1/((算定表!$B$6:$B$53=B9)*(算定表!$C$6:$C$53=C9)*(算定表!$E$6:$E$53=D9)),算定表!$G$6:$G$53)) | G9: =IF(A9="","",SUMIFS(算定表!$I$6:$I$53,算定表!$B$6:$B$53,B9,算定表!$C$6:$C$53,C9,算定表!$E$6:$E$53,D9)) | H9: =IF(A9="","",SUMIFS(算定表!$M$6:$M$53,算定表!$B$6:$B$53,B9,算定表!$C$6:$C$53,C9,算定表!$E$6:$E$53,D9)) | I9: =IF(A9="","",SUMIFS(算定表!$N$6:$N$53,算定表!$B$6:$B$53,B9,算定表!$C$6:$C$53,C9,算定表!$E$6:$E$53,D9)) | J9: =IF(A9="","",SUMIFS(算定表!$O$6:$O$53,算定表!$B$6:$B$53,B9,算定表!$C$6:$C$53,C9,算定表!$E$6:$E$53,D9)) | K9: =IF(A9="","",IF(J9=0,"支給なし","")) | L9: =IF(A9="","",MATCH(A9,算定表!$Q$6:$Q$53,0))
A10: =IF(ROW()-5<=MAX(算定表!$Q$6:$Q$53),ROW()-5,"") | B10: =IF(A10="","",INDEX(算定表!$B$6:$B$53,L10)) | C10: =IF(A10="","",INDEX(算定表!$C$6:$C$53,L10)) | D10: =IF(A10="","",INDEX(算定表!$E$6:$E$53,L10)) | E10: =IF(A10="","",INDEX(算定表!$F$6:$F$53,L10)) | F10: =IF(A10="","",LOOKUP(2,1/((算定表!$B$6:$B$53=B10)*(算定表!$C$6:$C$53=C10)*(算定表!$E$6:$E$53=D10)),算定表!$G$6:$G$53)) | G10: =IF(A10="","",SUMIFS(算定表!$I$6:$I$53,算定表!$B$6:$B$53,B10,算定表!$C$6:$C$53,C10,算定表!$E$6:$E$53,D10)) | H10: =IF(A10="","",SUMIFS(算定表!$M$6:$M$53,算定表!$B$6:$B$53,B10,算定表!$C$6:$C$53,C10,算定表!$E$6:$E$53,D10)) | I10: =IF(A10="","",SUMIFS(算定表!$N$6:$N$53,算定表!$B$6:$B$53,B10,算定表!$C$6:$C$53,C10,算定表!$E$6:$E$53,D10)) | J10: =IF(A10="","",SUMIFS(算定表!$O$6:$O$53,算定表!$B$6:$B$53,B10,算定表!$C$6:$C$53,C10,算定表!$E$6:$E$53,D10)) | K10: =IF(A10="","",IF(J10=0,"支給なし","")) | L10: =IF(A10="","",MATCH(A10,算定表!$Q$6:$Q$53,0))
A11: =IF(ROW()-5<=MAX(算定表!$Q$6:$Q$53),ROW()-5,"") | B11: =IF(A11="","",INDEX(算定表!$B$6:$B$53,L11)) | C11: =IF(A11="","",INDEX(算定表!$C$6:$C$53,L11)) | D11: =IF(A11="","",INDEX(算定表!$E$6:$E$53,L11)) | E11: =IF(A11="","",INDEX(算定表!$F$6:$F$53,L11)) | F11: =IF(A11="","",LOOKUP(2,1/((算定表!$B$6:$B$53=B11)*(算定表!$C$6:$C$53=C11)*(算定表!$E$6:$E$53=D11)),算定表!$G$6:$G$53)) | G11: =IF(A11="","",SUMIFS(算定表!$I$6:$I$53,算定表!$B$6:$B$53,B11,算定表!$C$6:$C$53,C11,算定表!$E$6:$E$53,D11)) | H11: =IF(A11="","",SUMIFS(算定表!$M$6:$M$53,算定表!$B$6:$B$53,B11,算定表!$C$6:$C$53,C11,算定表!$E$6:$E$53,D11)) | I11: =IF(A11="","",SUMIFS(算定表!$N$6:$N$53,算定表!$B$6:$B$53,B11,算定表!$C$6:$C$53,C11,算定表!$E$6:$E$53,D11)) | J11: =IF(A11="","",SUMIFS(算定表!$O$6:$O$53,算定表!$B$6:$B$53,B11,算定表!$C$6:$C$53,C11,算定表!$E$6:$E$53,D11)) | K11: =IF(A11="","",IF(J11=0,"支給なし","")) | L11: =IF(A11="","",MATCH(A11,算定表!$Q$6:$Q$53,0))
A12: =IF(ROW()-5<=MAX(算定表!$Q$6:$Q$53),ROW()-5,"") | B12: =IF(A12="","",INDEX(算定表!$B$6:$B$53,L12)) | C12: =IF(A12="","",INDEX(算定表!$C$6:$C$53,L12)) | D12: =IF(A12="","",INDEX(算定表!$E$6:$E$53,L12)) | E12: =IF(A12="","",INDEX(算定表!$F$6:$F$53,L12)) | F12: =IF(A12="","",LOOKUP(2,1/((算定表!$B$6:$B$53=B12)*(算定表!$C$6:$C$53=C12)*(算定表!$E$6:$E$53=D12)),算定表!$G$6:$G$53)) | G12: =IF(A12="","",SUMIFS(算定表!$I$6:$I$53,算定表!$B$6:$B$53,B12,算定表!$C$6:$C$53,C12,算定表!$E$6:$E$53,D12)) | H12: =IF(A12="","",SUMIFS(算定表!$M$6:$M$53,算定表!$B$6:$B$53,B12,算定表!$C$6:$C$53,C12,算定表!$E$6:$E$53,D12)) | I12: =IF(A12="","",SUMIFS(算定表!$N$6:$N$53,算定表!$B$6:$B$53,B12,算定表!$C$6:$C$53,C12,算定表!$E$6:$E$53,D12)) | J12: =IF(A12="","",SUMIFS(算定表!$O$6:$O$53,算定表!$B$6:$B$53,B12,算定表!$C$6:$C$53,C12,算定表!$E$6:$E$53,D12)) | K12: =IF(A12="","",IF(J12=0,"支給なし","")) | L12: =IF(A12="","",MATCH(A12,算定表!$Q$6:$Q$53,0))
A13: =IF(ROW()-5<=MAX(算定表!$Q$6:$Q$53),ROW()-5,"") | B13: =IF(A13="","",INDEX(算定表!$B$6:$B$53,L13)) | C13: =IF(A13="","",INDEX(算定表!$C$6:$C$53,L13)) | D13: =IF(A13="","",INDEX(算定表!$E$6:$E$53,L13)) | E13: =IF(A13="","",INDEX(算定表!$F$6:$F$53,L13)) | F13: =IF(A13="","",LOOKUP(2,1/((算定表!$B$6:$B$53=B13)*(算定表!$C$6:$C$53=C13)*(算定表!$E$6:$E$53=D13)),算定表!$G$6:$G$53)) | G13: =IF(A13="","",SUMIFS(算定表!$I$6:$I$53,算定表!$B$6:$B$53,B13,算定表!$C$6:$C$53,C13,算定表!$E$6:$E$53,D13)) | H13: =IF(A13="","",SUMIFS(算定表!$M$6:$M$53,算定表!$B$6:$B$53,B13,算定表!$C$6:$C$53,C13,算定表!$E$6:$E$53,D13)) | I13: =IF(A13="","",SUMIFS(算定表!$N$6:$N$53,算定表!$B$6:$B$53,B13,算定表!$C$6:$C$53,C13,算定表!$E$6:$E$53,D13)) | J13: =IF(A13="","",SUMIFS(算定表!$O$6:$O$53,算定表!$B$6:$B$53,B13,算定表!$C$6:$C$53,C13,算定表!$E$6:$E$53,D13)) | K13: =IF(A13="","",IF(J13=0,"支給なし","")) | L13: =IF(A13="","",MATCH(A13,算定表!$Q$6:$Q$53,0))
A14: =IF(ROW()-5<=MAX(算定表!$Q$6:$Q$53),ROW()-5,"") | B14: =IF(A14="","",INDEX(算定表!$B$6:$B$53,L14)) | C14: =IF(A14="","",INDEX(算定表!$C$6:$C$53,L14)) | D14: =IF(A14="","",INDEX(算定表!$E$6:$E$53,L14)) | E14: =IF(A14="","",INDEX(算定表!$F$6:$F$53,L14)) | F14: =IF(A14="","",LOOKUP(2,1/((算定表!$B$6:$B$53=B14)*(算定表!$C$6:$C$53=C14)*(算定表!$E$6:$E$53=D14)),算定表!$G$6:$G$53)) | G14: =IF(A14="","",SUMIFS(算定表!$I$6:$I$53,算定表!$B$6:$B$53,B14,算定表!$C$6:$C$53,C14,算定表!$E$6:$E$53,D14)) | H14: =IF(A14="","",SUMIFS(算定表!$M$6:$M$53,算定表!$B$6:$B$53,B14,算定表!$C$6:$C$53,C14,算定表!$E$6:$E$53,D14)) | I14: =IF(A14="","",SUMIFS(算定表!$N$6:$N$53,算定表!$B$6:$B$53,B14,算定表!$C$6:$C$53,C14,算定表!$E$6:$E$53,D14)) | J14: =IF(A14="","",SUMIFS(算定表!$O$6:$O$53,算定表!$B$6:$B$53,B14,算定表!$C$6:$C$53,C14,算定表!$E$6:$E$53,D14)) | K14: =IF(A14="","",IF(J14=0,"支給なし","")) | L14: =IF(A14="","",MATCH(A14,算定表!$Q$6:$Q$53,0))
A15: =IF(ROW()-5<=MAX(算定表!$Q$6:$Q$53),ROW()-5,"") | B15: =IF(A15="","",INDEX(算定表!$B$6:$B$53,L15)) | C15: =IF(A15="","",INDEX(算定表!$C$6:$C$53,L15)) | D15: =IF(A15="","",INDEX(算定表!$E$6:$E$53,L15)) | E15: =IF(A15="","",INDEX(算定表!$F$6:$F$53,L15)) | F15: =IF(A15="","",LOOKUP(2,1/((算定表!$B$6:$B$53=B15)*(算定表!$C$6:$C$53=C15)*(算定表!$E$6:$E$53=D15)),算定表!$G$6:$G$53)) | G15: =IF(A15="","",SUMIFS(算定表!$I$6:$I$53,算定表!$B$6:$B$53,B15,算定表!$C$6:$C$53,C15,算定表!$E$6:$E$53,D15)) | H15: =IF(A15="","",SUMIFS(算定表!$M$6:$M$53,算定表!$B$6:$B$53,B15,算定表!$C$6:$C$53,C15,算定表!$E$6:$E$53,D15)) | I15: =IF(A15="","",SUMIFS(算定表!$N$6:$N$53,算定表!$B$6:$B$53,B15,算定表!$C$6:$C$53,C15,算定表!$E$6:$E$53,D15)) | J15: =IF(A15="","",SUMIFS(算定表!$O$6:$O$53,算定表!$B$6:$B$53,B15,算定表!$C$6:$C$53,C15,算定表!$E$6:$E$53,D15)) | K15: =IF(A15="","",IF(J15=0,"支給なし","")) | L15: =IF(A15="","",MATCH(A15,算定表!$Q$6:$Q$53,0))
A16: =IF(ROW()-5<=MAX(算定表!$Q$6:$Q$53),ROW()-5,"") | B16: =IF(A16="","",INDEX(算定表!$B$6:$B$53,L16)) | C16: =IF(A16="","",INDEX(算定表!$C$6:$C$53,L16)) | D16: =IF(A16="","",INDEX(算定表!$E$6:$E$53,L16)) | E16: =IF(A16="","",INDEX(算定表!$F$6:$F$53,L16)) | F16: =IF(A16="","",LOOKUP(2,1/((算定表!$B$6:$B$53=B16)*(算定表!$C$6:$C$53=C16)*(算定表!$E$6:$E$53=D16)),算定表!$G$6:$G$53)) | G16: =IF(A16="","",SUMIFS(算定表!$I$6:$I$53,算定表!$B$6:$B$53,B16,算定表!$C$6:$C$53,C16,算定表!$E$6:$E$53,D16)) | H16: =IF(A16="","",SUMIFS(算定表!$M$6:$M$53,算定表!$B$6:$B$53,B16,算定表!$C$6:$C$53,C16,算定表!$E$6:$E$53,D16)) | I16: =IF(A16="","",SUMIFS(算定表!$N$6:$N$53,算定表!$B$6:$B$53,B16,算定表!$C$6:$C$53,C16,算定表!$E$6:$E$53,D16)) | J16: =IF(A16="","",SUMIFS(算定表!$O$6:$O$53,算定表!$B$6:$B$53,B16,算定表!$C$6:$C$53,C16,算定表!$E$6:$E$53,D16)) | K16: =IF(A16="","",IF(J16=0,"支給なし","")) | L16: =IF(A16="","",MATCH(A16,算定表!$Q$6:$Q$53,0))
A17: =IF(ROW()-5<=MAX(算定表!$Q$6:$Q$53),ROW()-5,"") | B17: =IF(A17="","",INDEX(算定表!$B$6:$B$53,L17)) | C17: =IF(A17="","",INDEX(算定表!$C$6:$C$53,L17)) | D17: =IF(A17="","",INDEX(算定表!$E$6:$E$53,L17)) | E17: =IF(A17="","",INDEX(算定表!$F$6:$F$53,L17)) | F17: =IF(A17="","",LOOKUP(2,1/((算定表!$B$6:$B$53=B17)*(算定表!$C$6:$C$53=C17)*(算定表!$E$6:$E$53=D17)),算定表!$G$6:$G$53)) | G17: =IF(A17="","",SUMIFS(算定表!$I$6:$I$53,算定表!$B$6:$B$53,B17,算定表!$C$6:$C$53,C17,算定表!$E$6:$E$53,D17)) | H17: =IF(A17="","",SUMIFS(算定表!$M$6:$M$53,算定表!$B$6:$B$53,B17,算定表!$C$6:$C$53,C17,算定表!$E$6:$E$53,D17)) | I17: =IF(A17="","",SUMIFS(算定表!$N$6:$N$53,算定表!$B$6:$B$53,B17,算定表!$C$6:$C$53,C17,算定表!$E$6:$E$53,D17)) | J17: =IF(A17="","",SUMIFS(算定表!$O$6:$O$53,算定表!$B$6:$B$53,B17,算定表!$C$6:$C$53,C17,算定表!$E$6:$E$53,D17)) | K17: =IF(A17="","",IF(J17=0,"支給なし","")) | L17: =IF(A17="","",MATCH(A17,算定表!$Q$6:$Q$53,0))
... A53: =IF(ROW()-5<=MAX(算定表!$Q$6:$Q$53),ROW()-5,"") | B53: =IF(A53="","",INDEX(算定表!$B$6:$B$53,L53)) | C53: =IF(A53="","",INDEX(算定表!$C$6:$C$53,L53)) | D53: =IF(A53="","",INDEX(算定表!$E$6:$E$53,L53)) | E53: =IF(A53="","",INDEX(算定表!$F$6:$F$53,L53)) | F53: =IF(A53="","",LOOKUP(2,1/((算定表!$B$6:$B$53=B53)*(算定表!$C$6:$C$53=C53)*(算定表!$E$6:$E$53=D53)),算定表!$G$6:$G$53)) | G53: =IF(A53="","",SUMIFS(算定表!$I$6:$I$53,算定表!$B$6:$B$53,B53,算定表!$C$6:$C$53,C53,算定表!$E$6:$E$53,D53)) | H53: =IF(A53="","",SUMIFS(算定表!$M$6:$M$53,算定表!$B$6:$B$53,B53,算定表!$C$6:$C$53,C53,算定表!$E$6:$E$53,D53)) | I53: =IF(A53="","",SUMIFS(算定表!$N$6:$N$53,算定表!$B$6:$B$53,B53,算定表!$C$6:$C$53,C53,算定表!$E$6:$E$53,D53)) | J53: =IF(A53="","",SUMIFS(算定表!$O$6:$O$53,算定表!$B$6:$B$53,B53,算定表!$C$6:$C$53,C53,算定表!$E$6:$E$53,D53)) | K53: =IF(A53="","",IF(J53=0,"支給なし","")) | L53: =IF(A53="","",MATCH(A53,算定表!$Q$6:$Q$53,0))
A55: 法定給付 計 | G55: =SUMIFS(G6:G53,$D$6:$D$53,"法定") | H55: =SUMIFS(H6:H53,$D$6:$D$53,"法定") | I55: =SUMIFS(I6:I53,$D$6:$D$53,"法定") | J55: =SUMIFS(J6:J53,$D$6:$D$53,"法定")
A56: 附加給付 計 | G56: =SUMIFS(G6:G53,$D$6:$D$53,"附加") | H56: =SUMIFS(H6:H53,$D$6:$D$53,"附加") | I56: =SUMIFS(I6:I53,$D$6:$D$53,"附加") | J56: =SUMIFS(J6:J53,$D$6:$D$53,"附加")
A57: 合 計 | G57: =SUM(G55:G56) | H57: =SUM(H55:H56) | I57: =SUM(I55:I56) | J57: =SUM(J55:J56)
A59: ■ 検算（算定表の合計との差。0なら整合）
A60: 差引支給額：月別集計 − 算定表 | J60: =J57-算定表!O57
A61: 支給日数：月別集計 − 算定表 | G61: =G57-算定表!I57
A63: ・基幹システムには、標準支給額（日額×日数）を入れ、報酬との調整分は「調整額」にマイナスで入力します。最終給付額が差引支給額と一致するか確認してください。

Sheet 算定表
A1: ="（"&入力!C4&"） "&入力!C5
A2: ="病気休暇：" & TEXT(入力!C6,"[$-411]ggge""年""m""月""d""日""") & "～ 傷病手当（法定）：" & TEXT(入力!J5,"[$-411]ggge""年""m""月""d""日""") & "～" & TEXT(入力!J6,"[$-411]ggge""年""m""月""d""日""")& IF(入力!J9>入力!J6," 附加給付：" & TEXT(入力!J7,"[$-411]ggge""年""m""月""d""日""") & "～" & TEXT(入力!J9,"[$-411]ggge""年""m""月""d""日""")," 附加給付：なし")
A3: 標準支給額（報酬がないとした場合の額）から、報酬との調整額を差し引いた「差引支給額」を月別・給付区分別に自動計算します。
A5: 番号 | B5: 年 | C5: 月 | D5: 給与 区分 | E5: 給付 区分 | F5: 支給期間 （始） | G5: 支給期間 （終） | H5: 勤務を 要する日 | I5: 支給日数 （A） | J5: 傷病手当 日額（B） | K5: 報酬日額 （C） | L5: 支給 可否 | M5: 標準支給額 （F=B×A） | N5: 調整額 （G） | O5: 差引支給額 （E=F−G） | P5: 参考 月ごとの試算日額 | Q5: 集計用 | R5: 出勤skip1 | S5: 出勤skip2 | U5: 判定_始 | V5: 判定_終 | W5: 判定_skip1 | X5: 判定_skip2 | Y5: 判定_勤務日 | Z5: 判定_日額 | AA5: 判定_報酬日額 | AB5: 判定_〇 | AD5: 初めて〇の行
A6: =IF(F6="","",1) | B6: =IF(F6="","",DATE(YEAR(F6),MONTH(F6),1)) | C6: =IF(F6="","",MONTH(F6)) | D6: =IF(F6="","",INDEX(入力!$A$13:$A$20,MATCH(F6,入力!$B$13:$B$20,1))) | E6: =IF(F6="","",IF(G6<=入力!$J$6,"法定","附加")) | F6: =入力!$J$4 | G6: =IF(F6="","",MIN(EOMONTH(F6,0),入力!$J$9,IF(AND(入力!$B$13<>"",入力!$B$13>F6),入力!$B$13-1,999999),IF(AND(入力!$B$14<>"",入力!$B$14>F6),入力!$B$14-1,999999),IF(AND(入力!$B$15<>"",入力!$B$15>F6),入力!$B$15-1,999999),IF(AND(入力!$B$16<>"",入力!$B$16>F6),入力!$B$16-1,999999),IF(AND(入力!$B$17<>"",入力!$B$17>F6),入力!$B$17-1,999999),IF(AND(入力!$B$18<>"",入力!$B$18>F6),入力!$B$18-1,999999),IF(AND(入力!$B$19<>"",入力!$B$19>F6),入力!$B$19-1,999999),IF(AND(入力!$B$20<>"",入力!$B$20>F6),入力!$B$20-1,999999),IF(AND(入力!$J$7<>"",入力!$J$7>F6),入力!$J$7-1,999999),IFERROR(SMALL(入力!$B$86:$B$95,COUNTIF(入力!$B$86:$B$95,"<="&F6)+1)-1,999999))) | H6: =IF(F6="","",IFERROR(VLOOKUP(B6,カレンダーマスタ!$A$2:$B$301,2,0),NETWORKDAYS(B6,EOMONTH(F6,0)))) | I6: =IF(F6="","",NETWORKDAYS(F6,G6)) | J6: =IF(F6="","",IF(入力!$C$8<>"",入力!$C$8,IF(F6<入力!$J$5,IFERROR(INDEX(入力!$G$37:$G$78,MATCH(B6,入力!$A$37:$A$78,0)),入力!$J$10),入力!$J$10))) | K6: =IF(F6="","",ROUNDDOWN(INDEX(入力!$H$13:$H$20,MATCH(F6,入力!$B$13:$B$20,1))/H6+INDEX(入力!$I$13:$I$20,MATCH(F6,入力!$B$13:$B$20,1))/22,0)) | L6: =IF(F6="","",IF(J6>K6,"〇","×")) | M6: =IF(F6="","",J6*I6) | N6: =IF(F6="","",MIN(J6,K6)*I6) | O6: =IF(F6="","",M6-N6) | P6: =IF(F6="","",IFERROR(INDEX(入力!$G$37:$G$78,MATCH(B6,入力!$A$37:$A$78,0)),"")) | Q6: =IF(F6="","",IF(COUNTIFS($B$6:B6,B6,$C$6:C6,C6,$E$6:E6,E6)=1,MAX($Q$5:Q5)+1,"")) | R6: =IF(G6="","",IF(COUNTIFS(入力!$B$86:$B$95,"<="&(G6+1),入力!$C$86:$C$95,">="&(G6+1))>0,SUMIFS(入力!$C$86:$C$95,入力!$B$86:$B$95,"<="&(G6+1),入力!$C$86:$C$95,">="&(G6+1))+1,G6+1)) | S6: =IF(R6="","",IF(COUNTIFS(入力!$B$86:$B$95,"<="&(R6),入力!$C$86:$C$95,">="&(R6))>0,SUMIFS(入力!$C$86:$C$95,入力!$B$86:$B$95,"<="&(R6),入力!$C$86:$C$95,">="&(R6))+1,R6)) | U6: =入力!$J$4 | V6: =IF(U6="","",MIN(EOMONTH(U6,0),IF(AND(入力!$B$13<>"",入力!$B$13>U6),入力!$B$13-1,999999),IF(AND(入力!$B$14<>"",入力!$B$14>U6),入力!$B$14-1,999999),IF(AND(入力!$B$15<>"",入力!$B$15>U6),入力!$B$15-1,999999),IF(AND(入力!$B$16<>"",入力!$B$16>U6),入力!$B$16-1,999999),IF(AND(入力!$B$17<>"",入力!$B$17>U6),入力!$B$17-1,999999),IF(AND(入力!$B$18<>"",入力!$B$18>U6),入力!$B$18-1,999999),IF(AND(入力!$B$19<>"",入力!$B$19>U6),入力!$B$19-1,999999),IF(AND(入力!$B$20<>"",入力!$B$20>U6),入力!$B$20-1,999999),IFERROR(SMALL(入力!$B$86:$B$95,COUNTIF(入力!$B$86:$B$95,"<="&U6)+1)-1,999999))) | W6: =IF(V6="","",IF(COUNTIFS(入力!$B$86:$B$95,"<="&(V6+1),入力!$C$86:$C$95,">="&(V6+1))>0,SUMIFS(入力!$C$86:$C$95,入力!$B$86:$B$95,"<="&(V6+1),入力!$C$86:$C$95,">="&(V6+1))+1,V6+1)) | X6: =IF(W6="","",IF(COUNTIFS(入力!$B$86:$B$95,"<="&(W6),入力!$C$86:$C$95,">="&(W6))>0,SUMIFS(入力!$C$86:$C$95,入力!$B$86:$B$95,"<="&(W6),入力!$C$86:$C$95,">="&(W6))+1,W6)) | Y6: =IF(U6="","",IFERROR(VLOOKUP(DATE(YEAR(U6),MONTH(U6),1),カレンダーマスタ!$A$2:$B$301,2,0),NETWORKDAYS(DATE(YEAR(U6),MONTH(U6),1),EOMONTH(U6,0)))) | Z6: =IF(U6="","",IF(入力!$C$8<>"",入力!$C$8,IFERROR(INDEX(入力!$G$37:$G$78,MATCH(DATE(YEAR(U6),MONTH(U6),1),入力!$A$37:$A$78,0)),0))) | AA6: =IF(U6="","",ROUNDDOWN(INDEX(入力!$H$13:$H$20,MATCH(U6,入力!$B$13:$B$20,1))/Y6+INDEX(入力!$I$13:$I$20,MATCH(U6,入力!$B$13:$B$20,1))/22,0)) | AB6: =IF(U6="",0,IF(AND(Z6>AA6,NETWORKDAYS(U6,V6)>0),1,0)) | AD6: =IFERROR(MATCH(1,AB6:AB53,0),"")
A7: =IF(F7="","",2) | B7: =IF(F7="","",DATE(YEAR(F7),MONTH(F7),1)) | C7: =IF(F7="","",MONTH(F7)) | D7: =IF(F7="","",INDEX(入力!$A$13:$A$20,MATCH(F7,入力!$B$13:$B$20,1))) | E7: =IF(F7="","",IF(G7<=入力!$J$6,"法定","附加")) | F7: =IF(G6="","",IF(G6>=入力!$J$9,"",IF(S6>入力!$J$9,"",S6))) | G7: =IF(F7="","",MIN(EOMONTH(F7,0),入力!$J$9,IF(AND(入力!$B$13<>"",入力!$B$13>F7),入力!$B$13-1,999999),IF(AND(入力!$B$14<>"",入力!$B$14>F7),入力!$B$14-1,999999),IF(AND(入力!$B$15<>"",入力!$B$15>F7),入力!$B$15-1,999999),IF(AND(入力!$B$16<>"",入力!$B$16>F7),入力!$B$16-1,999999),IF(AND(入力!$B$17<>"",入力!$B$17>F7),入力!$B$17-1,999999),IF(AND(入力!$B$18<>"",入力!$B$18>F7),入力!$B$18-1,999999),IF(AND(入力!$B$19<>"",入力!$B$19>F7),入力!$B$19-1,999999),IF(AND(入力!$B$20<>"",入力!$B$20>F7),入力!$B$20-1,999999),IF(AND(入力!$J$7<>"",入力!$J$7>F7),入力!$J$7-1,999999),IFERROR(SMALL(入力!$B$86:$B$95,COUNTIF(入力!$B$86:$B$95,"<="&F7)+1)-1,999999))) | H7: =IF(F7="","",IFERROR(VLOOKUP(B7,カレンダーマスタ!$A$2:$B$301,2,0),NETWORKDAYS(B7,EOMONTH(F7,0)))) | I7: =IF(F7="","",NETWORKDAYS(F7,G7)) | J7: =IF(F7="","",IF(入力!$C$8<>"",入力!$C$8,IF(F7<入力!$J$5,IFERROR(INDEX(入力!$G$37:$G$78,MATCH(B7,入力!$A$37:$A$78,0)),入力!$J$10),入力!$J$10))) | K7: =IF(F7="","",ROUNDDOWN(INDEX(入力!$H$13:$H$20,MATCH(F7,入力!$B$13:$B$20,1))/H7+INDEX(入力!$I$13:$I$20,MATCH(F7,入力!$B$13:$B$20,1))/22,0)) | L7: =IF(F7="","",IF(J7>K7,"〇","×")) | M7: =IF(F7="","",J7*I7) | N7: =IF(F7="","",MIN(J7,K7)*I7) | O7: =IF(F7="","",M7-N7) | P7: =IF(F7="","",IFERROR(INDEX(入力!$G$37:$G$78,MATCH(B7,入力!$A$37:$A$78,0)),"")) | Q7: =IF(F7="","",IF(COUNTIFS($B$6:B7,B7,$C$6:C7,C7,$E$6:E7,E7)=1,MAX($Q$5:Q6)+1,"")) | R7: =IF(G7="","",IF(COUNTIFS(入力!$B$86:$B$95,"<="&(G7+1),入力!$C$86:$C$95,">="&(G7+1))>0,SUMIFS(入力!$C$86:$C$95,入力!$B$86:$B$95,"<="&(G7+1),入力!$C$86:$C$95,">="&(G7+1))+1,G7+1)) | S7: =IF(R7="","",IF(COUNTIFS(入力!$B$86:$B$95,"<="&(R7),入力!$C$86:$C$95,">="&(R7))>0,SUMIFS(入力!$C$86:$C$95,入力!$B$86:$B$95,"<="&(R7),入力!$C$86:$C$95,">="&(R7))+1,R7)) | U7: =IF(OR(X6="",X6>入力!$J$4+3650),"",X6) | V7: =IF(U7="","",MIN(EOMONTH(U7,0),IF(AND(入力!$B$13<>"",入力!$B$13>U7),入力!$B$13-1,999999),IF(AND(入力!$B$14<>"",入力!$B$14>U7),入力!$B$14-1,999999),IF(AND(入力!$B$15<>"",入力!$B$15>U7),入力!$B$15-1,999999),IF(AND(入力!$B$16<>"",入力!$B$16>U7),入力!$B$16-1,999999),IF(AND(入力!$B$17<>"",入力!$B$17>U7),入力!$B$17-1,999999),IF(AND(入力!$B$18<>"",入力!$B$18>U7),入力!$B$18-1,999999),IF(AND(入力!$B$19<>"",入力!$B$19>U7),入力!$B$19-1,999999),IF(AND(入力!$B$20<>"",入力!$B$20>U7),入力!$B$20-1,999999),IFERROR(SMALL(入力!$B$86:$B$95,COUNTIF(入力!$B$86:$B$95,"<="&U7)+1)-1,999999))) | W7: =IF(V7="","",IF(COUNTIFS(入力!$B$86:$B$95,"<="&(V7+1),入力!$C$86:$C$95,">="&(V7+1))>0,SUMIFS(入力!$C$86:$C$95,入力!$B$86:$B$95,"<="&(V7+1),入力!$C$86:$C$95,">="&(V7+1))+1,V7+1)) | X7: =IF(W7="","",IF(COUNTIFS(入力!$B$86:$B$95,"<="&(W7),入力!$C$86:$C$95,">="&(W7))>0,SUMIFS(入力!$C$86:$C$95,入力!$B$86:$B$95,"<="&(W7),入力!$C$86:$C$95,">="&(W7))+1,W7)) | Y7: =IF(U7="","",IFERROR(VLOOKUP(DATE(YEAR(U7),MONTH(U7),1),カレンダーマスタ!$A$2:$B$301,2,0),NETWORKDAYS(DATE(YEAR(U7),MONTH(U7),1),EOMONTH(U7,0)))) | Z7: =IF(U7="","",IF(入力!$C$8<>"",入力!$C$8,IFERROR(INDEX(入力!$G$37:$G$78,MATCH(DATE(YEAR(U7),MONTH(U7),1),入力!$A$37:$A$78,0)),0))) | AA7: =IF(U7="","",ROUNDDOWN(INDEX(入力!$H$13:$H$20,MATCH(U7,入力!$B$13:$B$20,1))/Y7+INDEX(入力!$I$13:$I$20,MATCH(U7,入力!$B$13:$B$20,1))/22,0)) | AB7: =IF(U7="",0,IF(AND(Z7>AA7,NETWORKDAYS(U7,V7)>0),1,0))
A8: =IF(F8="","",3) | B8: =IF(F8="","",DATE(YEAR(F8),MONTH(F8),1)) | C8: =IF(F8="","",MONTH(F8)) | D8: =IF(F8="","",INDEX(入力!$A$13:$A$20,MATCH(F8,入力!$B$13:$B$20,1))) | E8: =IF(F8="","",IF(G8<=入力!$J$6,"法定","附加")) | F8: =IF(G7="","",IF(G7>=入力!$J$9,"",IF(S7>入力!$J$9,"",S7))) | G8: =IF(F8="","",MIN(EOMONTH(F8,0),入力!$J$9,IF(AND(入力!$B$13<>"",入力!$B$13>F8),入力!$B$13-1,999999),IF(AND(入力!$B$14<>"",入力!$B$14>F8),入力!$B$14-1,999999),IF(AND(入力!$B$15<>"",入力!$B$15>F8),入力!$B$15-1,999999),IF(AND(入力!$B$16<>"",入力!$B$16>F8),入力!$B$16-1,999999),IF(AND(入力!$B$17<>"",入力!$B$17>F8),入力!$B$17-1,999999),IF(AND(入力!$B$18<>"",入力!$B$18>F8),入力!$B$18-1,999999),IF(AND(入力!$B$19<>"",入力!$B$19>F8),入力!$B$19-1,999999),IF(AND(入力!$B$20<>"",入力!$B$20>F8),入力!$B$20-1,999999),IF(AND(入力!$J$7<>"",入力!$J$7>F8),入力!$J$7-1,999999),IFERROR(SMALL(入力!$B$86:$B$95,COUNTIF(入力!$B$86:$B$95,"<="&F8)+1)-1,999999))) | H8: =IF(F8="","",IFERROR(VLOOKUP(B8,カレンダーマスタ!$A$2:$B$301,2,0),NETWORKDAYS(B8,EOMONTH(F8,0)))) | I8: =IF(F8="","",NETWORKDAYS(F8,G8)) | J8: =IF(F8="","",IF(入力!$C$8<>"",入力!$C$8,IF(F8<入力!$J$5,IFERROR(INDEX(入力!$G$37:$G$78,MATCH(B8,入力!$A$37:$A$78,0)),入力!$J$10),入力!$J$10))) | K8: =IF(F8="","",ROUNDDOWN(INDEX(入力!$H$13:$H$20,MATCH(F8,入力!$B$13:$B$20,1))/H8+INDEX(入力!$I$13:$I$20,MATCH(F8,入力!$B$13:$B$20,1))/22,0)) | L8: =IF(F8="","",IF(J8>K8,"〇","×")) | M8: =IF(F8="","",J8*I8) | N8: =IF(F8="","",MIN(J8,K8)*I8) | O8: =IF(F8="","",M8-N8) | P8: =IF(F8="","",IFERROR(INDEX(入力!$G$37:$G$78,MATCH(B8,入力!$A$37:$A$78,0)),"")) | Q8: =IF(F8="","",IF(COUNTIFS($B$6:B8,B8,$C$6:C8,C8,$E$6:E8,E8)=1,MAX($Q$5:Q7)+1,"")) | R8: =IF(G8="","",IF(COUNTIFS(入力!$B$86:$B$95,"<="&(G8+1),入力!$C$86:$C$95,">="&(G8+1))>0,SUMIFS(入力!$C$86:$C$95,入力!$B$86:$B$95,"<="&(G8+1),入力!$C$86:$C$95,">="&(G8+1))+1,G8+1)) | S8: =IF(R8="","",IF(COUNTIFS(入力!$B$86:$B$95,"<="&(R8),入力!$C$86:$C$95,">="&(R8))>0,SUMIFS(入力!$C$86:$C$95,入力!$B$86:$B$95,"<="&(R8),入力!$C$86:$C$95,">="&(R8))+1,R8)) | U8: =IF(OR(X7="",X7>入力!$J$4+3650),"",X7) | V8: =IF(U8="","",MIN(EOMONTH(U8,0),IF(AND(入力!$B$13<>"",入力!$B$13>U8),入力!$B$13-1,999999),IF(AND(入力!$B$14<>"",入力!$B$14>U8),入力!$B$14-1,999999),IF(AND(入力!$B$15<>"",入力!$B$15>U8),入力!$B$15-1,999999),IF(AND(入力!$B$16<>"",入力!$B$16>U8),入力!$B$16-1,999999),IF(AND(入力!$B$17<>"",入力!$B$17>U8),入力!$B$17-1,999999),IF(AND(入力!$B$18<>"",入力!$B$18>U8),入力!$B$18-1,999999),IF(AND(入力!$B$19<>"",入力!$B$19>U8),入力!$B$19-1,999999),IF(AND(入力!$B$20<>"",入力!$B$20>U8),入力!$B$20-1,999999),IFERROR(SMALL(入力!$B$86:$B$95,COUNTIF(入力!$B$86:$B$95,"<="&U8)+1)-1,999999))) | W8: =IF(V8="","",IF(COUNTIFS(入力!$B$86:$B$95,"<="&(V8+1),入力!$C$86:$C$95,">="&(V8+1))>0,SUMIFS(入力!$C$86:$C$95,入力!$B$86:$B$95,"<="&(V8+1),入力!$C$86:$C$95,">="&(V8+1))+1,V8+1)) | X8: =IF(W8="","",IF(COUNTIFS(入力!$B$86:$B$95,"<="&(W8),入力!$C$86:$C$95,">="&(W8))>0,SUMIFS(入力!$C$86:$C$95,入力!$B$86:$B$95,"<="&(W8),入力!$C$86:$C$95,">="&(W8))+1,W8)) | Y8: =IF(U8="","",IFERROR(VLOOKUP(DATE(YEAR(U8),MONTH(U8),1),カレンダーマスタ!$A$2:$B$301,2,0),NETWORKDAYS(DATE(YEAR(U8),MONTH(U8),1),EOMONTH(U8,0)))) | Z8: =IF(U8="","",IF(入力!$C$8<>"",入力!$C$8,IFERROR(INDEX(入力!$G$37:$G$78,MATCH(DATE(YEAR(U8),MONTH(U8),1),入力!$A$37:$A$78,0)),0))) | AA8: =IF(U8="","",ROUNDDOWN(INDEX(入力!$H$13:$H$20,MATCH(U8,入力!$B$13:$B$20,1))/Y8+INDEX(入力!$I$13:$I$20,MATCH(U8,入力!$B$13:$B$20,1))/22,0)) | AB8: =IF(U8="",0,IF(AND(Z8>AA8,NETWORKDAYS(U8,V8)>0),1,0))
A9: =IF(F9="","",4) | B9: =IF(F9="","",DATE(YEAR(F9),MONTH(F9),1)) | C9: =IF(F9="","",MONTH(F9)) | D9: =IF(F9="","",INDEX(入力!$A$13:$A$20,MATCH(F9,入力!$B$13:$B$20,1))) | E9: =IF(F9="","",IF(G9<=入力!$J$6,"法定","附加")) | F9: =IF(G8="","",IF(G8>=入力!$J$9,"",IF(S8>入力!$J$9,"",S8))) | G9: =IF(F9="","",MIN(EOMONTH(F9,0),入力!$J$9,IF(AND(入力!$B$13<>"",入力!$B$13>F9),入力!$B$13-1,999999),IF(AND(入力!$B$14<>"",入力!$B$14>F9),入力!$B$14-1,999999),IF(AND(入力!$B$15<>"",入力!$B$15>F9),入力!$B$15-1,999999),IF(AND(入力!$B$16<>"",入力!$B$16>F9),入力!$B$16-1,999999),IF(AND(入力!$B$17<>"",入力!$B$17>F9),入力!$B$17-1,999999),IF(AND(入力!$B$18<>"",入力!$B$18>F9),入力!$B$18-1,999999),IF(AND(入力!$B$19<>"",入力!$B$19>F9),入力!$B$19-1,999999),IF(AND(入力!$B$20<>"",入力!$B$20>F9),入力!$B$20-1,999999),IF(AND(入力!$J$7<>"",入力!$J$7>F9),入力!$J$7-1,999999),IFERROR(SMALL(入力!$B$86:$B$95,COUNTIF(入力!$B$86:$B$95,"<="&F9)+1)-1,999999))) | H9: =IF(F9="","",IFERROR(VLOOKUP(B9,カレンダーマスタ!$A$2:$B$301,2,0),NETWORKDAYS(B9,EOMONTH(F9,0)))) | I9: =IF(F9="","",NETWORKDAYS(F9,G9)) | J9: =IF(F9="","",IF(入力!$C$8<>"",入力!$C$8,IF(F9<入力!$J$5,IFERROR(INDEX(入力!$G$37:$G$78,MATCH(B9,入力!$A$37:$A$78,0)),入力!$J$10),入力!$J$10))) | K9: =IF(F9="","",ROUNDDOWN(INDEX(入力!$H$13:$H$20,MATCH(F9,入力!$B$13:$B$20,1))/H9+INDEX(入力!$I$13:$I$20,MATCH(F9,入力!$B$13:$B$20,1))/22,0)) | L9: =IF(F9="","",IF(J9>K9,"〇","×")) | M9: =IF(F9="","",J9*I9) | N9: =IF(F9="","",MIN(J9,K9)*I9) | O9: =IF(F9="","",M9-N9) | P9: =IF(F9="","",IFERROR(INDEX(入力!$G$37:$G$78,MATCH(B9,入力!$A$37:$A$78,0)),"")) | Q9: =IF(F9="","",IF(COUNTIFS($B$6:B9,B9,$C$6:C9,C9,$E$6:E9,E9)=1,MAX($Q$5:Q8)+1,"")) | R9: =IF(G9="","",IF(COUNTIFS(入力!$B$86:$B$95,"<="&(G9+1),入力!$C$86:$C$95,">="&(G9+1))>0,SUMIFS(入力!$C$86:$C$95,入力!$B$86:$B$95,"<="&(G9+1),入力!$C$86:$C$95,">="&(G9+1))+1,G9+1)) | S9: =IF(R9="","",IF(COUNTIFS(入力!$B$86:$B$95,"<="&(R9),入力!$C$86:$C$95,">="&(R9))>0,SUMIFS(入力!$C$86:$C$95,入力!$B$86:$B$95,"<="&(R9),入力!$C$86:$C$95,">="&(R9))+1,R9)) | U9: =IF(OR(X8="",X8>入力!$J$4+3650),"",X8) | V9: =IF(U9="","",MIN(EOMONTH(U9,0),IF(AND(入力!$B$13<>"",入力!$B$13>U9),入力!$B$13-1,999999),IF(AND(入力!$B$14<>"",入力!$B$14>U9),入力!$B$14-1,999999),IF(AND(入力!$B$15<>"",入力!$B$15>U9),入力!$B$15-1,999999),IF(AND(入力!$B$16<>"",入力!$B$16>U9),入力!$B$16-1,999999),IF(AND(入力!$B$17<>"",入力!$B$17>U9),入力!$B$17-1,999999),IF(AND(入力!$B$18<>"",入力!$B$18>U9),入力!$B$18-1,999999),IF(AND(入力!$B$19<>"",入力!$B$19>U9),入力!$B$19-1,999999),IF(AND(入力!$B$20<>"",入力!$B$20>U9),入力!$B$20-1,999999),IFERROR(SMALL(入力!$B$86:$B$95,COUNTIF(入力!$B$86:$B$95,"<="&U9)+1)-1,999999))) | W9: =IF(V9="","",IF(COUNTIFS(入力!$B$86:$B$95,"<="&(V9+1),入力!$C$86:$C$95,">="&(V9+1))>0,SUMIFS(入力!$C$86:$C$95,入力!$B$86:$B$95,"<="&(V9+1),入力!$C$86:$C$95,">="&(V9+1))+1,V9+1)) | X9: =IF(W9="","",IF(COUNTIFS(入力!$B$86:$B$95,"<="&(W9),入力!$C$86:$C$95,">="&(W9))>0,SUMIFS(入力!$C$86:$C$95,入力!$B$86:$B$95,"<="&(W9),入力!$C$86:$C$95,">="&(W9))+1,W9)) | Y9: =IF(U9="","",IFERROR(VLOOKUP(DATE(YEAR(U9),MONTH(U9),1),カレンダーマスタ!$A$2:$B$301,2,0),NETWORKDAYS(DATE(YEAR(U9),MONTH(U9),1),EOMONTH(U9,0)))) | Z9: =IF(U9="","",IF(入力!$C$8<>"",入力!$C$8,IFERROR(INDEX(入力!$G$37:$G$78,MATCH(DATE(YEAR(U9),MONTH(U9),1),入力!$A$37:$A$78,0)),0))) | AA9: =IF(U9="","",ROUNDDOWN(INDEX(入力!$H$13:$H$20,MATCH(U9,入力!$B$13:$B$20,1))/Y9+INDEX(入力!$I$13:$I$20,MATCH(U9,入力!$B$13:$B$20,1))/22,0)) | AB9: =IF(U9="",0,IF(AND(Z9>AA9,NETWORKDAYS(U9,V9)>0),1,0))
A10: =IF(F10="","",5) | B10: =IF(F10="","",DATE(YEAR(F10),MONTH(F10),1)) | C10: =IF(F10="","",MONTH(F10)) | D10: =IF(F10="","",INDEX(入力!$A$13:$A$20,MATCH(F10,入力!$B$13:$B$20,1))) | E10: =IF(F10="","",IF(G10<=入力!$J$6,"法定","附加")) | F10: =IF(G9="","",IF(G9>=入力!$J$9,"",IF(S9>入力!$J$9,"",S9))) | G10: =IF(F10="","",MIN(EOMONTH(F10,0),入力!$J$9,IF(AND(入力!$B$13<>"",入力!$B$13>F10),入力!$B$13-1,999999),IF(AND(入力!$B$14<>"",入力!$B$14>F10),入力!$B$14-1,999999),IF(AND(入力!$B$15<>"",入力!$B$15>F10),入力!$B$15-1,999999),IF(AND(入力!$B$16<>"",入力!$B$16>F10),入力!$B$16-1,999999),IF(AND(入力!$B$17<>"",入力!$B$17>F10),入力!$B$17-1,999999),IF(AND(入力!$B$18<>"",入力!$B$18>F10),入力!$B$18-1,999999),IF(AND(入力!$B$19<>"",入力!$B$19>F10),入力!$B$19-1,999999),IF(AND(入力!$B$20<>"",入力!$B$20>F10),入力!$B$20-1,999999),IF(AND(入力!$J$7<>"",入力!$J$7>F10),入力!$J$7-1,999999),IFERROR(SMALL(入力!$B$86:$B$95,COUNTIF(入力!$B$86:$B$95,"<="&F10)+1)-1,999999))) | H10: =IF(F10="","",IFERROR(VLOOKUP(B10,カレンダーマスタ!$A$2:$B$301,2,0),NETWORKDAYS(B10,EOMONTH(F10,0)))) | I10: =IF(F10="","",NETWORKDAYS(F10,G10)) | J10: =IF(F10="","",IF(入力!$C$8<>"",入力!$C$8,IF(F10<入力!$J$5,IFERROR(INDEX(入力!$G$37:$G$78,MATCH(B10,入力!$A$37:$A$78,0)),入力!$J$10),入力!$J$10))) | K10: =IF(F10="","",ROUNDDOWN(INDEX(入力!$H$13:$H$20,MATCH(F10,入力!$B$13:$B$20,1))/H10+INDEX(入力!$I$13:$I$20,MATCH(F10,入力!$B$13:$B$20,1))/22,0)) | L10: =IF(F10="","",IF(J10>K10,"〇","×")) | M10: =IF(F10="","",J10*I10) | N10: =IF(F10="","",MIN(J10,K10)*I10) | O10: =IF(F10="","",M10-N10) | P10: =IF(F10="","",IFERROR(INDEX(入力!$G$37:$G$78,MATCH(B10,入力!$A$37:$A$78,0)),"")) | Q10: =IF(F10="","",IF(COUNTIFS($B$6:B10,B10,$C$6:C10,C10,$E$6:E10,E10)=1,MAX($Q$5:Q9)+1,"")) | R10: =IF(G10="","",IF(COUNTIFS(入力!$B$86:$B$95,"<="&(G10+1),入力!$C$86:$C$95,">="&(G10+1))>0,SUMIFS(入力!$C$86:$C$95,入力!$B$86:$B$95,"<="&(G10+1),入力!$C$86:$C$95,">="&(G10+1))+1,G10+1)) | S10: =IF(R10="","",IF(COUNTIFS(入力!$B$86:$B$95,"<="&(R10),入力!$C$86:$C$95,">="&(R10))>0,SUMIFS(入力!$C$86:$C$95,入力!$B$86:$B$95,"<="&(R10),入力!$C$86:$C$95,">="&(R10))+1,R10)) | U10: =IF(OR(X9="",X9>入力!$J$4+3650),"",X9) | V10: =IF(U10="","",MIN(EOMONTH(U10,0),IF(AND(入力!$B$13<>"",入力!$B$13>U10),入力!$B$13-1,999999),IF(AND(入力!$B$14<>"",入力!$B$14>U10),入力!$B$14-1,999999),IF(AND(入力!$B$15<>"",入力!$B$15>U10),入力!$B$15-1,999999),IF(AND(入力!$B$16<>"",入力!$B$16>U10),入力!$B$16-1,999999),IF(AND(入力!$B$17<>"",入力!$B$17>U10),入力!$B$17-1,999999),IF(AND(入力!$B$18<>"",入力!$B$18>U10),入力!$B$18-1,999999),IF(AND(入力!$B$19<>"",入力!$B$19>U10),入力!$B$19-1,999999),IF(AND(入力!$B$20<>"",入力!$B$20>U10),入力!$B$20-1,999999),IFERROR(SMALL(入力!$B$86:$B$95,COUNTIF(入力!$B$86:$B$95,"<="&U10)+1)-1,999999))) | W10: =IF(V10="","",IF(COUNTIFS(入力!$B$86:$B$95,"<="&(V10+1),入力!$C$86:$C$95,">="&(V10+1))>0,SUMIFS(入力!$C$86:$C$95,入力!$B$86:$B$95,"<="&(V10+1),入力!$C$86:$C$95,">="&(V10+1))+1,V10+1)) | X10: =IF(W10="","",IF(COUNTIFS(入力!$B$86:$B$95,"<="&(W10),入力!$C$86:$C$95,">="&(W10))>0,SUMIFS(入力!$C$86:$C$95,入力!$B$86:$B$95,"<="&(W10),入力!$C$86:$C$95,">="&(W10))+1,W10)) | Y10: =IF(U10="","",IFERROR(VLOOKUP(DATE(YEAR(U10),MONTH(U10),1),カレンダーマスタ!$A$2:$B$301,2,0),NETWORKDAYS(DATE(YEAR(U10),MONTH(U10),1),EOMONTH(U10,0)))) | Z10: =IF(U10="","",IF(入力!$C$8<>"",入力!$C$8,IFERROR(INDEX(入力!$G$37:$G$78,MATCH(DATE(YEAR(U10),MONTH(U10),1),入力!$A$37:$A$78,0)),0))) | AA10: =IF(U10="","",ROUNDDOWN(INDEX(入力!$H$13:$H$20,MATCH(U10,入力!$B$13:$B$20,1))/Y10+INDEX(入力!$I$13:$I$20,MATCH(U10,入力!$B$13:$B$20,1))/22,0)) | AB10: =IF(U10="",0,IF(AND(Z10>AA10,NETWORKDAYS(U10,V10)>0),1,0))
A11: =IF(F11="","",6) | B11: =IF(F11="","",DATE(YEAR(F11),MONTH(F11),1)) | C11: =IF(F11="","",MONTH(F11)) | D11: =IF(F11="","",INDEX(入力!$A$13:$A$20,MATCH(F11,入力!$B$13:$B$20,1))) | E11: =IF(F11="","",IF(G11<=入力!$J$6,"法定","附加")) | F11: =IF(G10="","",IF(G10>=入力!$J$9,"",IF(S10>入力!$J$9,"",S10))) | G11: =IF(F11="","",MIN(EOMONTH(F11,0),入力!$J$9,IF(AND(入力!$B$13<>"",入力!$B$13>F11),入力!$B$13-1,999999),IF(AND(入力!$B$14<>"",入力!$B$14>F11),入力!$B$14-1,999999),IF(AND(入力!$B$15<>"",入力!$B$15>F11),入力!$B$15-1,999999),IF(AND(入力!$B$16<>"",入力!$B$16>F11),入力!$B$16-1,999999),IF(AND(入力!$B$17<>"",入力!$B$17>F11),入力!$B$17-1,999999),IF(AND(入力!$B$18<>"",入力!$B$18>F11),入力!$B$18-1,999999),IF(AND(入力!$B$19<>"",入力!$B$19>F11),入力!$B$19-1,999999),IF(AND(入力!$B$20<>"",入力!$B$20>F11),入力!$B$20-1,999999),IF(AND(入力!$J$7<>"",入力!$J$7>F11),入力!$J$7-1,999999),IFERROR(SMALL(入力!$B$86:$B$95,COUNTIF(入力!$B$86:$B$95,"<="&F11)+1)-1,999999))) | H11: =IF(F11="","",IFERROR(VLOOKUP(B11,カレンダーマスタ!$A$2:$B$301,2,0),NETWORKDAYS(B11,EOMONTH(F11,0)))) | I11: =IF(F11="","",NETWORKDAYS(F11,G11)) | J11: =IF(F11="","",IF(入力!$C$8<>"",入力!$C$8,IF(F11<入力!$J$5,IFERROR(INDEX(入力!$G$37:$G$78,MATCH(B11,入力!$A$37:$A$78,0)),入力!$J$10),入力!$J$10))) | K11: =IF(F11="","",ROUNDDOWN(INDEX(入力!$H$13:$H$20,MATCH(F11,入力!$B$13:$B$20,1))/H11+INDEX(入力!$I$13:$I$20,MATCH(F11,入力!$B$13:$B$20,1))/22,0)) | L11: =IF(F11="","",IF(J11>K11,"〇","×")) | M11: =IF(F11="","",J11*I11) | N11: =IF(F11="","",MIN(J11,K11)*I11) | O11: =IF(F11="","",M11-N11) | P11: =IF(F11="","",IFERROR(INDEX(入力!$G$37:$G$78,MATCH(B11,入力!$A$37:$A$78,0)),"")) | Q11: =IF(F11="","",IF(COUNTIFS($B$6:B11,B11,$C$6:C11,C11,$E$6:E11,E11)=1,MAX($Q$5:Q10)+1,"")) | R11: =IF(G11="","",IF(COUNTIFS(入力!$B$86:$B$95,"<="&(G11+1),入力!$C$86:$C$95,">="&(G11+1))>0,SUMIFS(入力!$C$86:$C$95,入力!$B$86:$B$95,"<="&(G11+1),入力!$C$86:$C$95,">="&(G11+1))+1,G11+1)) | S11: =IF(R11="","",IF(COUNTIFS(入力!$B$86:$B$95,"<="&(R11),入力!$C$86:$C$95,">="&(R11))>0,SUMIFS(入力!$C$86:$C$95,入力!$B$86:$B$95,"<="&(R11),入力!$C$86:$C$95,">="&(R11))+1,R11)) | U11: =IF(OR(X10="",X10>入力!$J$4+3650),"",X10) | V11: =IF(U11="","",MIN(EOMONTH(U11,0),IF(AND(入力!$B$13<>"",入力!$B$13>U11),入力!$B$13-1,999999),IF(AND(入力!$B$14<>"",入力!$B$14>U11),入力!$B$14-1,999999),IF(AND(入力!$B$15<>"",入力!$B$15>U11),入力!$B$15-1,999999),IF(AND(入力!$B$16<>"",入力!$B$16>U11),入力!$B$16-1,999999),IF(AND(入力!$B$17<>"",入力!$B$17>U11),入力!$B$17-1,999999),IF(AND(入力!$B$18<>"",入力!$B$18>U11),入力!$B$18-1,999999),IF(AND(入力!$B$19<>"",入力!$B$19>U11),入力!$B$19-1,999999),IF(AND(入力!$B$20<>"",入力!$B$20>U11),入力!$B$20-1,999999),IFERROR(SMALL(入力!$B$86:$B$95,COUNTIF(入力!$B$86:$B$95,"<="&U11)+1)-1,999999))) | W11: =IF(V11="","",IF(COUNTIFS(入力!$B$86:$B$95,"<="&(V11+1),入力!$C$86:$C$95,">="&(V11+1))>0,SUMIFS(入力!$C$86:$C$95,入力!$B$86:$B$95,"<="&(V11+1),入力!$C$86:$C$95,">="&(V11+1))+1,V11+1)) | X11: =IF(W11="","",IF(COUNTIFS(入力!$B$86:$B$95,"<="&(W11),入力!$C$86:$C$95,">="&(W11))>0,SUMIFS(入力!$C$86:$C$95,入力!$B$86:$B$95,"<="&(W11),入力!$C$86:$C$95,">="&(W11))+1,W11)) | Y11: =IF(U11="","",IFERROR(VLOOKUP(DATE(YEAR(U11),MONTH(U11),1),カレンダーマスタ!$A$2:$B$301,2,0),NETWORKDAYS(DATE(YEAR(U11),MONTH(U11),1),EOMONTH(U11,0)))) | Z11: =IF(U11="","",IF(入力!$C$8<>"",入力!$C$8,IFERROR(INDEX(入力!$G$37:$G$78,MATCH(DATE(YEAR(U11),MONTH(U11),1),入力!$A$37:$A$78,0)),0))) | AA11: =IF(U11="","",ROUNDDOWN(INDEX(入力!$H$13:$H$20,MATCH(U11,入力!$B$13:$B$20,1))/Y11+INDEX(入力!$I$13:$I$20,MATCH(U11,入力!$B$13:$B$20,1))/22,0)) | AB11: =IF(U11="",0,IF(AND(Z11>AA11,NETWORKDAYS(U11,V11)>0),1,0))
A12: =IF(F12="","",7) | B12: =IF(F12="","",DATE(YEAR(F12),MONTH(F12),1)) | C12: =IF(F12="","",MONTH(F12)) | D12: =IF(F12="","",INDEX(入力!$A$13:$A$20,MATCH(F12,入力!$B$13:$B$20,1))) | E12: =IF(F12="","",IF(G12<=入力!$J$6,"法定","附加")) | F12: =IF(G11="","",IF(G11>=入力!$J$9,"",IF(S11>入力!$J$9,"",S11))) | G12: =IF(F12="","",MIN(EOMONTH(F12,0),入力!$J$9,IF(AND(入力!$B$13<>"",入力!$B$13>F12),入力!$B$13-1,999999),IF(AND(入力!$B$14<>"",入力!$B$14>F12),入力!$B$14-1,999999),IF(AND(入力!$B$15<>"",入力!$B$15>F12),入力!$B$15-1,999999),IF(AND(入力!$B$16<>"",入力!$B$16>F12),入力!$B$16-1,999999),IF(AND(入力!$B$17<>"",入力!$B$17>F12),入力!$B$17-1,999999),IF(AND(入力!$B$18<>"",入力!$B$18>F12),入力!$B$18-1,999999),IF(AND(入力!$B$19<>"",入力!$B$19>F12),入力!$B$19-1,999999),IF(AND(入力!$B$20<>"",入力!$B$20>F12),入力!$B$20-1,999999),IF(AND(入力!$J$7<>"",入力!$J$7>F12),入力!$J$7-1,999999),IFERROR(SMALL(入力!$B$86:$B$95,COUNTIF(入力!$B$86:$B$95,"<="&F12)+1)-1,999999))) | H12: =IF(F12="","",IFERROR(VLOOKUP(B12,カレンダーマスタ!$A$2:$B$301,2,0),NETWORKDAYS(B12,EOMONTH(F12,0)))) | I12: =IF(F12="","",NETWORKDAYS(F12,G12)) | J12: =IF(F12="","",IF(入力!$C$8<>"",入力!$C$8,IF(F12<入力!$J$5,IFERROR(INDEX(入力!$G$37:$G$78,MATCH(B12,入力!$A$37:$A$78,0)),入力!$J$10),入力!$J$10))) | K12: =IF(F12="","",ROUNDDOWN(INDEX(入力!$H$13:$H$20,MATCH(F12,入力!$B$13:$B$20,1))/H12+INDEX(入力!$I$13:$I$20,MATCH(F12,入力!$B$13:$B$20,1))/22,0)) | L12: =IF(F12="","",IF(J12>K12,"〇","×")) | M12: =IF(F12="","",J12*I12) | N12: =IF(F12="","",MIN(J12,K12)*I12) | O12: =IF(F12="","",M12-N12) | P12: =IF(F12="","",IFERROR(INDEX(入力!$G$37:$G$78,MATCH(B12,入力!$A$37:$A$78,0)),"")) | Q12: =IF(F12="","",IF(COUNTIFS($B$6:B12,B12,$C$6:C12,C12,$E$6:E12,E12)=1,MAX($Q$5:Q11)+1,"")) | R12: =IF(G12="","",IF(COUNTIFS(入力!$B$86:$B$95,"<="&(G12+1),入力!$C$86:$C$95,">="&(G12+1))>0,SUMIFS(入力!$C$86:$C$95,入力!$B$86:$B$95,"<="&(G12+1),入力!$C$86:$C$95,">="&(G12+1))+1,G12+1)) | S12: =IF(R12="","",IF(COUNTIFS(入力!$B$86:$B$95,"<="&(R12),入力!$C$86:$C$95,">="&(R12))>0,SUMIFS(入力!$C$86:$C$95,入力!$B$86:$B$95,"<="&(R12),入力!$C$86:$C$95,">="&(R12))+1,R12)) | U12: =IF(OR(X11="",X11>入力!$J$4+3650),"",X11) | V12: =IF(U12="","",MIN(EOMONTH(U12,0),IF(AND(入力!$B$13<>"",入力!$B$13>U12),入力!$B$13-1,999999),IF(AND(入力!$B$14<>"",入力!$B$14>U12),入力!$B$14-1,999999),IF(AND(入力!$B$15<>"",入力!$B$15>U12),入力!$B$15-1,999999),IF(AND(入力!$B$16<>"",入力!$B$16>U12),入力!$B$16-1,999999),IF(AND(入力!$B$17<>"",入力!$B$17>U12),入力!$B$17-1,999999),IF(AND(入力!$B$18<>"",入力!$B$18>U12),入力!$B$18-1,999999),IF(AND(入力!$B$19<>"",入力!$B$19>U12),入力!$B$19-1,999999),IF(AND(入力!$B$20<>"",入力!$B$20>U12),入力!$B$20-1,999999),IFERROR(SMALL(入力!$B$86:$B$95,COUNTIF(入力!$B$86:$B$95,"<="&U12)+1)-1,999999))) | W12: =IF(V12="","",IF(COUNTIFS(入力!$B$86:$B$95,"<="&(V12+1),入力!$C$86:$C$95,">="&(V12+1))>0,SUMIFS(入力!$C$86:$C$95,入力!$B$86:$B$95,"<="&(V12+1),入力!$C$86:$C$95,">="&(V12+1))+1,V12+1)) | X12: =IF(W12="","",IF(COUNTIFS(入力!$B$86:$B$95,"<="&(W12),入力!$C$86:$C$95,">="&(W12))>0,SUMIFS(入力!$C$86:$C$95,入力!$B$86:$B$95,"<="&(W12),入力!$C$86:$C$95,">="&(W12))+1,W12)) | Y12: =IF(U12="","",IFERROR(VLOOKUP(DATE(YEAR(U12),MONTH(U12),1),カレンダーマスタ!$A$2:$B$301,2,0),NETWORKDAYS(DATE(YEAR(U12),MONTH(U12),1),EOMONTH(U12,0)))) | Z12: =IF(U12="","",IF(入力!$C$8<>"",入力!$C$8,IFERROR(INDEX(入力!$G$37:$G$78,MATCH(DATE(YEAR(U12),MONTH(U12),1),入力!$A$37:$A$78,0)),0))) | AA12: =IF(U12="","",ROUNDDOWN(INDEX(入力!$H$13:$H$20,MATCH(U12,入力!$B$13:$B$20,1))/Y12+INDEX(入力!$I$13:$I$20,MATCH(U12,入力!$B$13:$B$20,1))/22,0)) | AB12: =IF(U12="",0,IF(AND(Z12>AA12,NETWORKDAYS(U12,V12)>0),1,0))
A13: =IF(F13="","",8) | B13: =IF(F13="","",DATE(YEAR(F13),MONTH(F13),1)) | C13: =IF(F13="","",MONTH(F13)) | D13: =IF(F13="","",INDEX(入力!$A$13:$A$20,MATCH(F13,入力!$B$13:$B$20,1))) | E13: =IF(F13="","",IF(G13<=入力!$J$6,"法定","附加")) | F13: =IF(G12="","",IF(G12>=入力!$J$9,"",IF(S12>入力!$J$9,"",S12))) | G13: =IF(F13="","",MIN(EOMONTH(F13,0),入力!$J$9,IF(AND(入力!$B$13<>"",入力!$B$13>F13),入力!$B$13-1,999999),IF(AND(入力!$B$14<>"",入力!$B$14>F13),入力!$B$14-1,999999),IF(AND(入力!$B$15<>"",入力!$B$15>F13),入力!$B$15-1,999999),IF(AND(入力!$B$16<>"",入力!$B$16>F13),入力!$B$16-1,999999),IF(AND(入力!$B$17<>"",入力!$B$17>F13),入力!$B$17-1,999999),IF(AND(入力!$B$18<>"",入力!$B$18>F13),入力!$B$18-1,999999),IF(AND(入力!$B$19<>"",入力!$B$19>F13),入力!$B$19-1,999999),IF(AND(入力!$B$20<>"",入力!$B$20>F13),入力!$B$20-1,999999),IF(AND(入力!$J$7<>"",入力!$J$7>F13),入力!$J$7-1,999999),IFERROR(SMALL(入力!$B$86:$B$95,COUNTIF(入力!$B$86:$B$95,"<="&F13)+1)-1,999999))) | H13: =IF(F13="","",IFERROR(VLOOKUP(B13,カレンダーマスタ!$A$2:$B$301,2,0),NETWORKDAYS(B13,EOMONTH(F13,0)))) | I13: =IF(F13="","",NETWORKDAYS(F13,G13)) | J13: =IF(F13="","",IF(入力!$C$8<>"",入力!$C$8,IF(F13<入力!$J$5,IFERROR(INDEX(入力!$G$37:$G$78,MATCH(B13,入力!$A$37:$A$78,0)),入力!$J$10),入力!$J$10))) | K13: =IF(F13="","",ROUNDDOWN(INDEX(入力!$H$13:$H$20,MATCH(F13,入力!$B$13:$B$20,1))/H13+INDEX(入力!$I$13:$I$20,MATCH(F13,入力!$B$13:$B$20,1))/22,0)) | L13: =IF(F13="","",IF(J13>K13,"〇","×")) | M13: =IF(F13="","",J13*I13) | N13: =IF(F13="","",MIN(J13,K13)*I13) | O13: =IF(F13="","",M13-N13) | P13: =IF(F13="","",IFERROR(INDEX(入力!$G$37:$G$78,MATCH(B13,入力!$A$37:$A$78,0)),"")) | Q13: =IF(F13="","",IF(COUNTIFS($B$6:B13,B13,$C$6:C13,C13,$E$6:E13,E13)=1,MAX($Q$5:Q12)+1,"")) | R13: =IF(G13="","",IF(COUNTIFS(入力!$B$86:$B$95,"<="&(G13+1),入力!$C$86:$C$95,">="&(G13+1))>0,SUMIFS(入力!$C$86:$C$95,入力!$B$86:$B$95,"<="&(G13+1),入力!$C$86:$C$95,">="&(G13+1))+1,G13+1)) | S13: =IF(R13="","",IF(COUNTIFS(入力!$B$86:$B$95,"<="&(R13),入力!$C$86:$C$95,">="&(R13))>0,SUMIFS(入力!$C$86:$C$95,入力!$B$86:$B$95,"<="&(R13),入力!$C$86:$C$95,">="&(R13))+1,R13)) | U13: =IF(OR(X12="",X12>入力!$J$4+3650),"",X12) | V13: =IF(U13="","",MIN(EOMONTH(U13,0),IF(AND(入力!$B$13<>"",入力!$B$13>U13),入力!$B$13-1,999999),IF(AND(入力!$B$14<>"",入力!$B$14>U13),入力!$B$14-1,999999),IF(AND(入力!$B$15<>"",入力!$B$15>U13),入力!$B$15-1,999999),IF(AND(入力!$B$16<>"",入力!$B$16>U13),入力!$B$16-1,999999),IF(AND(入力!$B$17<>"",入力!$B$17>U13),入力!$B$17-1,999999),IF(AND(入力!$B$18<>"",入力!$B$18>U13),入力!$B$18-1,999999),IF(AND(入力!$B$19<>"",入力!$B$19>U13),入力!$B$19-1,999999),IF(AND(入力!$B$20<>"",入力!$B$20>U13),入力!$B$20-1,999999),IFERROR(SMALL(入力!$B$86:$B$95,COUNTIF(入力!$B$86:$B$95,"<="&U13)+1)-1,999999))) | W13: =IF(V13="","",IF(COUNTIFS(入力!$B$86:$B$95,"<="&(V13+1),入力!$C$86:$C$95,">="&(V13+1))>0,SUMIFS(入力!$C$86:$C$95,入力!$B$86:$B$95,"<="&(V13+1),入力!$C$86:$C$95,">="&(V13+1))+1,V13+1)) | X13: =IF(W13="","",IF(COUNTIFS(入力!$B$86:$B$95,"<="&(W13),入力!$C$86:$C$95,">="&(W13))>0,SUMIFS(入力!$C$86:$C$95,入力!$B$86:$B$95,"<="&(W13),入力!$C$86:$C$95,">="&(W13))+1,W13)) | Y13: =IF(U13="","",IFERROR(VLOOKUP(DATE(YEAR(U13),MONTH(U13),1),カレンダーマスタ!$A$2:$B$301,2,0),NETWORKDAYS(DATE(YEAR(U13),MONTH(U13),1),EOMONTH(U13,0)))) | Z13: =IF(U13="","",IF(入力!$C$8<>"",入力!$C$8,IFERROR(INDEX(入力!$G$37:$G$78,MATCH(DATE(YEAR(U13),MONTH(U13),1),入力!$A$37:$A$78,0)),0))) | AA13: =IF(U13="","",ROUNDDOWN(INDEX(入力!$H$13:$H$20,MATCH(U13,入力!$B$13:$B$20,1))/Y13+INDEX(入力!$I$13:$I$20,MATCH(U13,入力!$B$13:$B$20,1))/22,0)) | AB13: =IF(U13="",0,IF(AND(Z13>AA13,NETWORKDAYS(U13,V13)>0),1,0))
A14: =IF(F14="","",9) | B14: =IF(F14="","",DATE(YEAR(F14),MONTH(F14),1)) | C14: =IF(F14="","",MONTH(F14)) | D14: =IF(F14="","",INDEX(入力!$A$13:$A$20,MATCH(F14,入力!$B$13:$B$20,1))) | E14: =IF(F14="","",IF(G14<=入力!$J$6,"法定","附加")) | F14: =IF(G13="","",IF(G13>=入力!$J$9,"",IF(S13>入力!$J$9,"",S13))) | G14: =IF(F14="","",MIN(EOMONTH(F14,0),入力!$J$9,IF(AND(入力!$B$13<>"",入力!$B$13>F14),入力!$B$13-1,999999),IF(AND(入力!$B$14<>"",入力!$B$14>F14),入力!$B$14-1,999999),IF(AND(入力!$B$15<>"",入力!$B$15>F14),入力!$B$15-1,999999),IF(AND(入力!$B$16<>"",入力!$B$16>F14),入力!$B$16-1,999999),IF(AND(入力!$B$17<>"",入力!$B$17>F14),入力!$B$17-1,999999),IF(AND(入力!$B$18<>"",入力!$B$18>F14),入力!$B$18-1,999999),IF(AND(入力!$B$19<>"",入力!$B$19>F14),入力!$B$19-1,999999),IF(AND(入力!$B$20<>"",入力!$B$20>F14),入力!$B$20-1,999999),IF(AND(入力!$J$7<>"",入力!$J$7>F14),入力!$J$7-1,999999),IFERROR(SMALL(入力!$B$86:$B$95,COUNTIF(入力!$B$86:$B$95,"<="&F14)+1)-1,999999))) | H14: =IF(F14="","",IFERROR(VLOOKUP(B14,カレンダーマスタ!$A$2:$B$301,2,0),NETWORKDAYS(B14,EOMONTH(F14,0)))) | I14: =IF(F14="","",NETWORKDAYS(F14,G14)) | J14: =IF(F14="","",IF(入力!$C$8<>"",入力!$C$8,IF(F14<入力!$J$5,IFERROR(INDEX(入力!$G$37:$G$78,MATCH(B14,入力!$A$37:$A$78,0)),入力!$J$10),入力!$J$10))) | K14: =IF(F14="","",ROUNDDOWN(INDEX(入力!$H$13:$H$20,MATCH(F14,入力!$B$13:$B$20,1))/H14+INDEX(入力!$I$13:$I$20,MATCH(F14,入力!$B$13:$B$20,1))/22,0)) | L14: =IF(F14="","",IF(J14>K14,"〇","×")) | M14: =IF(F14="","",J14*I14) | N14: =IF(F14="","",MIN(J14,K14)*I14) | O14: =IF(F14="","",M14-N14) | P14: =IF(F14="","",IFERROR(INDEX(入力!$G$37:$G$78,MATCH(B14,入力!$A$37:$A$78,0)),"")) | Q14: =IF(F14="","",IF(COUNTIFS($B$6:B14,B14,$C$6:C14,C14,$E$6:E14,E14)=1,MAX($Q$5:Q13)+1,"")) | R14: =IF(G14="","",IF(COUNTIFS(入力!$B$86:$B$95,"<="&(G14+1),入力!$C$86:$C$95,">="&(G14+1))>0,SUMIFS(入力!$C$86:$C$95,入力!$B$86:$B$95,"<="&(G14+1),入力!$C$86:$C$95,">="&(G14+1))+1,G14+1)) | S14: =IF(R14="","",IF(COUNTIFS(入力!$B$86:$B$95,"<="&(R14),入力!$C$86:$C$95,">="&(R14))>0,SUMIFS(入力!$C$86:$C$95,入力!$B$86:$B$95,"<="&(R14),入力!$C$86:$C$95,">="&(R14))+1,R14)) | U14: =IF(OR(X13="",X13>入力!$J$4+3650),"",X13) | V14: =IF(U14="","",MIN(EOMONTH(U14,0),IF(AND(入力!$B$13<>"",入力!$B$13>U14),入力!$B$13-1,999999),IF(AND(入力!$B$14<>"",入力!$B$14>U14),入力!$B$14-1,999999),IF(AND(入力!$B$15<>"",入力!$B$15>U14),入力!$B$15-1,999999),IF(AND(入力!$B$16<>"",入力!$B$16>U14),入力!$B$16-1,999999),IF(AND(入力!$B$17<>"",入力!$B$17>U14),入力!$B$17-1,999999),IF(AND(入力!$B$18<>"",入力!$B$18>U14),入力!$B$18-1,999999),IF(AND(入力!$B$19<>"",入力!$B$19>U14),入力!$B$19-1,999999),IF(AND(入力!$B$20<>"",入力!$B$20>U14),入力!$B$20-1,999999),IFERROR(SMALL(入力!$B$86:$B$95,COUNTIF(入力!$B$86:$B$95,"<="&U14)+1)-1,999999))) | W14: =IF(V14="","",IF(COUNTIFS(入力!$B$86:$B$95,"<="&(V14+1),入力!$C$86:$C$95,">="&(V14+1))>0,SUMIFS(入力!$C$86:$C$95,入力!$B$86:$B$95,"<="&(V14+1),入力!$C$86:$C$95,">="&(V14+1))+1,V14+1)) | X14: =IF(W14="","",IF(COUNTIFS(入力!$B$86:$B$95,"<="&(W14),入力!$C$86:$C$95,">="&(W14))>0,SUMIFS(入力!$C$86:$C$95,入力!$B$86:$B$95,"<="&(W14),入力!$C$86:$C$95,">="&(W14))+1,W14)) | Y14: =IF(U14="","",IFERROR(VLOOKUP(DATE(YEAR(U14),MONTH(U14),1),カレンダーマスタ!$A$2:$B$301,2,0),NETWORKDAYS(DATE(YEAR(U14),MONTH(U14),1),EOMONTH(U14,0)))) | Z14: =IF(U14="","",IF(入力!$C$8<>"",入力!$C$8,IFERROR(INDEX(入力!$G$37:$G$78,MATCH(DATE(YEAR(U14),MONTH(U14),1),入力!$A$37:$A$78,0)),0))) | AA14: =IF(U14="","",ROUNDDOWN(INDEX(入力!$H$13:$H$20,MATCH(U14,入力!$B$13:$B$20,1))/Y14+INDEX(入力!$I$13:$I$20,MATCH(U14,入力!$B$13:$B$20,1))/22,0)) | AB14: =IF(U14="",0,IF(AND(Z14>AA14,NETWORKDAYS(U14,V14)>0),1,0))
A15: =IF(F15="","",10) | B15: =IF(F15="","",DATE(YEAR(F15),MONTH(F15),1)) | C15: =IF(F15="","",MONTH(F15)) | D15: =IF(F15="","",INDEX(入力!$A$13:$A$20,MATCH(F15,入力!$B$13:$B$20,1))) | E15: =IF(F15="","",IF(G15<=入力!$J$6,"法定","附加")) | F15: =IF(G14="","",IF(G14>=入力!$J$9,"",IF(S14>入力!$J$9,"",S14))) | G15: =IF(F15="","",MIN(EOMONTH(F15,0),入力!$J$9,IF(AND(入力!$B$13<>"",入力!$B$13>F15),入力!$B$13-1,999999),IF(AND(入力!$B$14<>"",入力!$B$14>F15),入力!$B$14-1,999999),IF(AND(入力!$B$15<>"",入力!$B$15>F15),入力!$B$15-1,999999),IF(AND(入力!$B$16<>"",入力!$B$16>F15),入力!$B$16-1,999999),IF(AND(入力!$B$17<>"",入力!$B$17>F15),入力!$B$17-1,999999),IF(AND(入力!$B$18<>"",入力!$B$18>F15),入力!$B$18-1,999999),IF(AND(入力!$B$19<>"",入力!$B$19>F15),入力!$B$19-1,999999),IF(AND(入力!$B$20<>"",入力!$B$20>F15),入力!$B$20-1,999999),IF(AND(入力!$J$7<>"",入力!$J$7>F15),入力!$J$7-1,999999),IFERROR(SMALL(入力!$B$86:$B$95,COUNTIF(入力!$B$86:$B$95,"<="&F15)+1)-1,999999))) | H15: =IF(F15="","",IFERROR(VLOOKUP(B15,カレンダーマスタ!$A$2:$B$301,2,0),NETWORKDAYS(B15,EOMONTH(F15,0)))) | I15: =IF(F15="","",NETWORKDAYS(F15,G15)) | J15: =IF(F15="","",IF(入力!$C$8<>"",入力!$C$8,IF(F15<入力!$J$5,IFERROR(INDEX(入力!$G$37:$G$78,MATCH(B15,入力!$A$37:$A$78,0)),入力!$J$10),入力!$J$10))) | K15: =IF(F15="","",ROUNDDOWN(INDEX(入力!$H$13:$H$20,MATCH(F15,入力!$B$13:$B$20,1))/H15+INDEX(入力!$I$13:$I$20,MATCH(F15,入力!$B$13:$B$20,1))/22,0)) | L15: =IF(F15="","",IF(J15>K15,"〇","×")) | M15: =IF(F15="","",J15*I15) | N15: =IF(F15="","",MIN(J15,K15)*I15) | O15: =IF(F15="","",M15-N15) | P15: =IF(F15="","",IFERROR(INDEX(入力!$G$37:$G$78,MATCH(B15,入力!$A$37:$A$78,0)),"")) | Q15: =IF(F15="","",IF(COUNTIFS($B$6:B15,B15,$C$6:C15,C15,$E$6:E15,E15)=1,MAX($Q$5:Q14)+1,"")) | R15: =IF(G15="","",IF(COUNTIFS(入力!$B$86:$B$95,"<="&(G15+1),入力!$C$86:$C$95,">="&(G15+1))>0,SUMIFS(入力!$C$86:$C$95,入力!$B$86:$B$95,"<="&(G15+1),入力!$C$86:$C$95,">="&(G15+1))+1,G15+1)) | S15: =IF(R15="","",IF(COUNTIFS(入力!$B$86:$B$95,"<="&(R15),入力!$C$86:$C$95,">="&(R15))>0,SUMIFS(入力!$C$86:$C$95,入力!$B$86:$B$95,"<="&(R15),入力!$C$86:$C$95,">="&(R15))+1,R15)) | U15: =IF(OR(X14="",X14>入力!$J$4+3650),"",X14) | V15: =IF(U15="","",MIN(EOMONTH(U15,0),IF(AND(入力!$B$13<>"",入力!$B$13>U15),入力!$B$13-1,999999),IF(AND(入力!$B$14<>"",入力!$B$14>U15),入力!$B$14-1,999999),IF(AND(入力!$B$15<>"",入力!$B$15>U15),入力!$B$15-1,999999),IF(AND(入力!$B$16<>"",入力!$B$16>U15),入力!$B$16-1,999999),IF(AND(入力!$B$17<>"",入力!$B$17>U15),入力!$B$17-1,999999),IF(AND(入力!$B$18<>"",入力!$B$18>U15),入力!$B$18-1,999999),IF(AND(入力!$B$19<>"",入力!$B$19>U15),入力!$B$19-1,999999),IF(AND(入力!$B$20<>"",入力!$B$20>U15),入力!$B$20-1,999999),IFERROR(SMALL(入力!$B$86:$B$95,COUNTIF(入力!$B$86:$B$95,"<="&U15)+1)-1,999999))) | W15: =IF(V15="","",IF(COUNTIFS(入力!$B$86:$B$95,"<="&(V15+1),入力!$C$86:$C$95,">="&(V15+1))>0,SUMIFS(入力!$C$86:$C$95,入力!$B$86:$B$95,"<="&(V15+1),入力!$C$86:$C$95,">="&(V15+1))+1,V15+1)) | X15: =IF(W15="","",IF(COUNTIFS(入力!$B$86:$B$95,"<="&(W15),入力!$C$86:$C$95,">="&(W15))>0,SUMIFS(入力!$C$86:$C$95,入力!$B$86:$B$95,"<="&(W15),入力!$C$86:$C$95,">="&(W15))+1,W15)) | Y15: =IF(U15="","",IFERROR(VLOOKUP(DATE(YEAR(U15),MONTH(U15),1),カレンダーマスタ!$A$2:$B$301,2,0),NETWORKDAYS(DATE(YEAR(U15),MONTH(U15),1),EOMONTH(U15,0)))) | Z15: =IF(U15="","",IF(入力!$C$8<>"",入力!$C$8,IFERROR(INDEX(入力!$G$37:$G$78,MATCH(DATE(YEAR(U15),MONTH(U15),1),入力!$A$37:$A$78,0)),0))) | AA15: =IF(U15="","",ROUNDDOWN(INDEX(入力!$H$13:$H$20,MATCH(U15,入力!$B$13:$B$20,1))/Y15+INDEX(入力!$I$13:$I$20,MATCH(U15,入力!$B$13:$B$20,1))/22,0)) | AB15: =IF(U15="",0,IF(AND(Z15>AA15,NETWORKDAYS(U15,V15)>0),1,0))
A16: =IF(F16="","",11) | B16: =IF(F16="","",DATE(YEAR(F16),MONTH(F16),1)) | C16: =IF(F16="","",MONTH(F16)) | D16: =IF(F16="","",INDEX(入力!$A$13:$A$20,MATCH(F16,入力!$B$13:$B$20,1))) | E16: =IF(F16="","",IF(G16<=入力!$J$6,"法定","附加")) | F16: =IF(G15="","",IF(G15>=入力!$J$9,"",IF(S15>入力!$J$9,"",S15))) | G16: =IF(F16="","",MIN(EOMONTH(F16,0),入力!$J$9,IF(AND(入力!$B$13<>"",入力!$B$13>F16),入力!$B$13-1,999999),IF(AND(入力!$B$14<>"",入力!$B$14>F16),入力!$B$14-1,999999),IF(AND(入力!$B$15<>"",入力!$B$15>F16),入力!$B$15-1,999999),IF(AND(入力!$B$16<>"",入力!$B$16>F16),入力!$B$16-1,999999),IF(AND(入力!$B$17<>"",入力!$B$17>F16),入力!$B$17-1,999999),IF(AND(入力!$B$18<>"",入力!$B$18>F16),入力!$B$18-1,999999),IF(AND(入力!$B$19<>"",入力!$B$19>F16),入力!$B$19-1,999999),IF(AND(入力!$B$20<>"",入力!$B$20>F16),入力!$B$20-1,999999),IF(AND(入力!$J$7<>"",入力!$J$7>F16),入力!$J$7-1,999999),IFERROR(SMALL(入力!$B$86:$B$95,COUNTIF(入力!$B$86:$B$95,"<="&F16)+1)-1,999999))) | H16: =IF(F16="","",IFERROR(VLOOKUP(B16,カレンダーマスタ!$A$2:$B$301,2,0),NETWORKDAYS(B16,EOMONTH(F16,0)))) | I16: =IF(F16="","",NETWORKDAYS(F16,G16)) | J16: =IF(F16="","",IF(入力!$C$8<>"",入力!$C$8,IF(F16<入力!$J$5,IFERROR(INDEX(入力!$G$37:$G$78,MATCH(B16,入力!$A$37:$A$78,0)),入力!$J$10),入力!$J$10))) | K16: =IF(F16="","",ROUNDDOWN(INDEX(入力!$H$13:$H$20,MATCH(F16,入力!$B$13:$B$20,1))/H16+INDEX(入力!$I$13:$I$20,MATCH(F16,入力!$B$13:$B$20,1))/22,0)) | L16: =IF(F16="","",IF(J16>K16,"〇","×")) | M16: =IF(F16="","",J16*I16) | N16: =IF(F16="","",MIN(J16,K16)*I16) | O16: =IF(F16="","",M16-N16) | P16: =IF(F16="","",IFERROR(INDEX(入力!$G$37:$G$78,MATCH(B16,入力!$A$37:$A$78,0)),"")) | Q16: =IF(F16="","",IF(COUNTIFS($B$6:B16,B16,$C$6:C16,C16,$E$6:E16,E16)=1,MAX($Q$5:Q15)+1,"")) | R16: =IF(G16="","",IF(COUNTIFS(入力!$B$86:$B$95,"<="&(G16+1),入力!$C$86:$C$95,">="&(G16+1))>0,SUMIFS(入力!$C$86:$C$95,入力!$B$86:$B$95,"<="&(G16+1),入力!$C$86:$C$95,">="&(G16+1))+1,G16+1)) | S16: =IF(R16="","",IF(COUNTIFS(入力!$B$86:$B$95,"<="&(R16),入力!$C$86:$C$95,">="&(R16))>0,SUMIFS(入力!$C$86:$C$95,入力!$B$86:$B$95,"<="&(R16),入力!$C$86:$C$95,">="&(R16))+1,R16)) | U16: =IF(OR(X15="",X15>入力!$J$4+3650),"",X15) | V16: =IF(U16="","",MIN(EOMONTH(U16,0),IF(AND(入力!$B$13<>"",入力!$B$13>U16),入力!$B$13-1,999999),IF(AND(入力!$B$14<>"",入力!$B$14>U16),入力!$B$14-1,999999),IF(AND(入力!$B$15<>"",入力!$B$15>U16),入力!$B$15-1,999999),IF(AND(入力!$B$16<>"",入力!$B$16>U16),入力!$B$16-1,999999),IF(AND(入力!$B$17<>"",入力!$B$17>U16),入力!$B$17-1,999999),IF(AND(入力!$B$18<>"",入力!$B$18>U16),入力!$B$18-1,999999),IF(AND(入力!$B$19<>"",入力!$B$19>U16),入力!$B$19-1,999999),IF(AND(入力!$B$20<>"",入力!$B$20>U16),入力!$B$20-1,999999),IFERROR(SMALL(入力!$B$86:$B$95,COUNTIF(入力!$B$86:$B$95,"<="&U16)+1)-1,999999))) | W16: =IF(V16="","",IF(COUNTIFS(入力!$B$86:$B$95,"<="&(V16+1),入力!$C$86:$C$95,">="&(V16+1))>0,SUMIFS(入力!$C$86:$C$95,入力!$B$86:$B$95,"<="&(V16+1),入力!$C$86:$C$95,">="&(V16+1))+1,V16+1)) | X16: =IF(W16="","",IF(COUNTIFS(入力!$B$86:$B$95,"<="&(W16),入力!$C$86:$C$95,">="&(W16))>0,SUMIFS(入力!$C$86:$C$95,入力!$B$86:$B$95,"<="&(W16),入力!$C$86:$C$95,">="&(W16))+1,W16)) | Y16: =IF(U16="","",IFERROR(VLOOKUP(DATE(YEAR(U16),MONTH(U16),1),カレンダーマスタ!$A$2:$B$301,2,0),NETWORKDAYS(DATE(YEAR(U16),MONTH(U16),1),EOMONTH(U16,0)))) | Z16: =IF(U16="","",IF(入力!$C$8<>"",入力!$C$8,IFERROR(INDEX(入力!$G$37:$G$78,MATCH(DATE(YEAR(U16),MONTH(U16),1),入力!$A$37:$A$78,0)),0))) | AA16: =IF(U16="","",ROUNDDOWN(INDEX(入力!$H$13:$H$20,MATCH(U16,入力!$B$13:$B$20,1))/Y16+INDEX(入力!$I$13:$I$20,MATCH(U16,入力!$B$13:$B$20,1))/22,0)) | AB16: =IF(U16="",0,IF(AND(Z16>AA16,NETWORKDAYS(U16,V16)>0),1,0))
A17: =IF(F17="","",12) | B17: =IF(F17="","",DATE(YEAR(F17),MONTH(F17),1)) | C17: =IF(F17="","",MONTH(F17)) | D17: =IF(F17="","",INDEX(入力!$A$13:$A$20,MATCH(F17,入力!$B$13:$B$20,1))) | E17: =IF(F17="","",IF(G17<=入力!$J$6,"法定","附加")) | F17: =IF(G16="","",IF(G16>=入力!$J$9,"",IF(S16>入力!$J$9,"",S16))) | G17: =IF(F17="","",MIN(EOMONTH(F17,0),入力!$J$9,IF(AND(入力!$B$13<>"",入力!$B$13>F17),入力!$B$13-1,999999),IF(AND(入力!$B$14<>"",入力!$B$14>F17),入力!$B$14-1,999999),IF(AND(入力!$B$15<>"",入力!$B$15>F17),入力!$B$15-1,999999),IF(AND(入力!$B$16<>"",入力!$B$16>F17),入力!$B$16-1,999999),IF(AND(入力!$B$17<>"",入力!$B$17>F17),入力!$B$17-1,999999),IF(AND(入力!$B$18<>"",入力!$B$18>F17),入力!$B$18-1,999999),IF(AND(入力!$B$19<>"",入力!$B$19>F17),入力!$B$19-1,999999),IF(AND(入力!$B$20<>"",入力!$B$20>F17),入力!$B$20-1,999999),IF(AND(入力!$J$7<>"",入力!$J$7>F17),入力!$J$7-1,999999),IFERROR(SMALL(入力!$B$86:$B$95,COUNTIF(入力!$B$86:$B$95,"<="&F17)+1)-1,999999))) | H17: =IF(F17="","",IFERROR(VLOOKUP(B17,カレンダーマスタ!$A$2:$B$301,2,0),NETWORKDAYS(B17,EOMONTH(F17,0)))) | I17: =IF(F17="","",NETWORKDAYS(F17,G17)) | J17: =IF(F17="","",IF(入力!$C$8<>"",入力!$C$8,IF(F17<入力!$J$5,IFERROR(INDEX(入力!$G$37:$G$78,MATCH(B17,入力!$A$37:$A$78,0)),入力!$J$10),入力!$J$10))) | K17: =IF(F17="","",ROUNDDOWN(INDEX(入力!$H$13:$H$20,MATCH(F17,入力!$B$13:$B$20,1))/H17+INDEX(入力!$I$13:$I$20,MATCH(F17,入力!$B$13:$B$20,1))/22,0)) | L17: =IF(F17="","",IF(J17>K17,"〇","×")) | M17: =IF(F17="","",J17*I17) | N17: =IF(F17="","",MIN(J17,K17)*I17) | O17: =IF(F17="","",M17-N17) | P17: =IF(F17="","",IFERROR(INDEX(入力!$G$37:$G$78,MATCH(B17,入力!$A$37:$A$78,0)),"")) | Q17: =IF(F17="","",IF(COUNTIFS($B$6:B17,B17,$C$6:C17,C17,$E$6:E17,E17)=1,MAX($Q$5:Q16)+1,"")) | R17: =IF(G17="","",IF(COUNTIFS(入力!$B$86:$B$95,"<="&(G17+1),入力!$C$86:$C$95,">="&(G17+1))>0,SUMIFS(入力!$C$86:$C$95,入力!$B$86:$B$95,"<="&(G17+1),入力!$C$86:$C$95,">="&(G17+1))+1,G17+1)) | S17: =IF(R17="","",IF(COUNTIFS(入力!$B$86:$B$95,"<="&(R17),入力!$C$86:$C$95,">="&(R17))>0,SUMIFS(入力!$C$86:$C$95,入力!$B$86:$B$95,"<="&(R17),入力!$C$86:$C$95,">="&(R17))+1,R17)) | U17: =IF(OR(X16="",X16>入力!$J$4+3650),"",X16) | V17: =IF(U17="","",MIN(EOMONTH(U17,0),IF(AND(入力!$B$13<>"",入力!$B$13>U17),入力!$B$13-1,999999),IF(AND(入力!$B$14<>"",入力!$B$14>U17),入力!$B$14-1,999999),IF(AND(入力!$B$15<>"",入力!$B$15>U17),入力!$B$15-1,999999),IF(AND(入力!$B$16<>"",入力!$B$16>U17),入力!$B$16-1,999999),IF(AND(入力!$B$17<>"",入力!$B$17>U17),入力!$B$17-1,999999),IF(AND(入力!$B$18<>"",入力!$B$18>U17),入力!$B$18-1,999999),IF(AND(入力!$B$19<>"",入力!$B$19>U17),入力!$B$19-1,999999),IF(AND(入力!$B$20<>"",入力!$B$20>U17),入力!$B$20-1,999999),IFERROR(SMALL(入力!$B$86:$B$95,COUNTIF(入力!$B$86:$B$95,"<="&U17)+1)-1,999999))) | W17: =IF(V17="","",IF(COUNTIFS(入力!$B$86:$B$95,"<="&(V17+1),入力!$C$86:$C$95,">="&(V17+1))>0,SUMIFS(入力!$C$86:$C$95,入力!$B$86:$B$95,"<="&(V17+1),入力!$C$86:$C$95,">="&(V17+1))+1,V17+1)) | X17: =IF(W17="","",IF(COUNTIFS(入力!$B$86:$B$95,"<="&(W17),入力!$C$86:$C$95,">="&(W17))>0,SUMIFS(入力!$C$86:$C$95,入力!$B$86:$B$95,"<="&(W17),入力!$C$86:$C$95,">="&(W17))+1,W17)) | Y17: =IF(U17="","",IFERROR(VLOOKUP(DATE(YEAR(U17),MONTH(U17),1),カレンダーマスタ!$A$2:$B$301,2,0),NETWORKDAYS(DATE(YEAR(U17),MONTH(U17),1),EOMONTH(U17,0)))) | Z17: =IF(U17="","",IF(入力!$C$8<>"",入力!$C$8,IFERROR(INDEX(入力!$G$37:$G$78,MATCH(DATE(YEAR(U17),MONTH(U17),1),入力!$A$37:$A$78,0)),0))) | AA17: =IF(U17="","",ROUNDDOWN(INDEX(入力!$H$13:$H$20,MATCH(U17,入力!$B$13:$B$20,1))/Y17+INDEX(入力!$I$13:$I$20,MATCH(U17,入力!$B$13:$B$20,1))/22,0)) | AB17: =IF(U17="",0,IF(AND(Z17>AA17,NETWORKDAYS(U17,V17)>0),1,0))
A18: =IF(F18="","",13) | B18: =IF(F18="","",DATE(YEAR(F18),MONTH(F18),1)) | C18: =IF(F18="","",MONTH(F18)) | D18: =IF(F18="","",INDEX(入力!$A$13:$A$20,MATCH(F18,入力!$B$13:$B$20,1))) | E18: =IF(F18="","",IF(G18<=入力!$J$6,"法定","附加")) | F18: =IF(G17="","",IF(G17>=入力!$J$9,"",IF(S17>入力!$J$9,"",S17))) | G18: =IF(F18="","",MIN(EOMONTH(F18,0),入力!$J$9,IF(AND(入力!$B$13<>"",入力!$B$13>F18),入力!$B$13-1,999999),IF(AND(入力!$B$14<>"",入力!$B$14>F18),入力!$B$14-1,999999),IF(AND(入力!$B$15<>"",入力!$B$15>F18),入力!$B$15-1,999999),IF(AND(入力!$B$16<>"",入力!$B$16>F18),入力!$B$16-1,999999),IF(AND(入力!$B$17<>"",入力!$B$17>F18),入力!$B$17-1,999999),IF(AND(入力!$B$18<>"",入力!$B$18>F18),入力!$B$18-1,999999),IF(AND(入力!$B$19<>"",入力!$B$19>F18),入力!$B$19-1,999999),IF(AND(入力!$B$20<>"",入力!$B$20>F18),入力!$B$20-1,999999),IF(AND(入力!$J$7<>"",入力!$J$7>F18),入力!$J$7-1,999999),IFERROR(SMALL(入力!$B$86:$B$95,COUNTIF(入力!$B$86:$B$95,"<="&F18)+1)-1,999999))) | H18: =IF(F18="","",IFERROR(VLOOKUP(B18,カレンダーマスタ!$A$2:$B$301,2,0),NETWORKDAYS(B18,EOMONTH(F18,0)))) | I18: =IF(F18="","",NETWORKDAYS(F18,G18)) | J18: =IF(F18="","",IF(入力!$C$8<>"",入力!$C$8,IF(F18<入力!$J$5,IFERROR(INDEX(入力!$G$37:$G$78,MATCH(B18,入力!$A$37:$A$78,0)),入力!$J$10),入力!$J$10))) | K18: =IF(F18="","",ROUNDDOWN(INDEX(入力!$H$13:$H$20,MATCH(F18,入力!$B$13:$B$20,1))/H18+INDEX(入力!$I$13:$I$20,MATCH(F18,入力!$B$13:$B$20,1))/22,0)) | L18: =IF(F18="","",IF(J18>K18,"〇","×")) | M18: =IF(F18="","",J18*I18) | N18: =IF(F18="","",MIN(J18,K18)*I18) | O18: =IF(F18="","",M18-N18) | P18: =IF(F18="","",IFERROR(INDEX(入力!$G$37:$G$78,MATCH(B18,入力!$A$37:$A$78,0)),"")) | Q18: =IF(F18="","",IF(COUNTIFS($B$6:B18,B18,$C$6:C18,C18,$E$6:E18,E18)=1,MAX($Q$5:Q17)+1,"")) | R18: =IF(G18="","",IF(COUNTIFS(入力!$B$86:$B$95,"<="&(G18+1),入力!$C$86:$C$95,">="&(G18+1))>0,SUMIFS(入力!$C$86:$C$95,入力!$B$86:$B$95,"<="&(G18+1),入力!$C$86:$C$95,">="&(G18+1))+1,G18+1)) | S18: =IF(R18="","",IF(COUNTIFS(入力!$B$86:$B$95,"<="&(R18),入力!$C$86:$C$95,">="&(R18))>0,SUMIFS(入力!$C$86:$C$95,入力!$B$86:$B$95,"<="&(R18),入力!$C$86:$C$95,">="&(R18))+1,R18)) | U18: =IF(OR(X17="",X17>入力!$J$4+3650),"",X17) | V18: =IF(U18="","",MIN(EOMONTH(U18,0),IF(AND(入力!$B$13<>"",入力!$B$13>U18),入力!$B$13-1,999999),IF(AND(入力!$B$14<>"",入力!$B$14>U18),入力!$B$14-1,999999),IF(AND(入力!$B$15<>"",入力!$B$15>U18),入力!$B$15-1,999999),IF(AND(入力!$B$16<>"",入力!$B$16>U18),入力!$B$16-1,999999),IF(AND(入力!$B$17<>"",入力!$B$17>U18),入力!$B$17-1,999999),IF(AND(入力!$B$18<>"",入力!$B$18>U18),入力!$B$18-1,999999),IF(AND(入力!$B$19<>"",入力!$B$19>U18),入力!$B$19-1,999999),IF(AND(入力!$B$20<>"",入力!$B$20>U18),入力!$B$20-1,999999),IFERROR(SMALL(入力!$B$86:$B$95,COUNTIF(入力!$B$86:$B$95,"<="&U18)+1)-1,999999))) | W18: =IF(V18="","",IF(COUNTIFS(入力!$B$86:$B$95,"<="&(V18+1),入力!$C$86:$C$95,">="&(V18+1))>0,SUMIFS(入力!$C$86:$C$95,入力!$B$86:$B$95,"<="&(V18+1),入力!$C$86:$C$95,">="&(V18+1))+1,V18+1)) | X18: =IF(W18="","",IF(COUNTIFS(入力!$B$86:$B$95,"<="&(W18),入力!$C$86:$C$95,">="&(W18))>0,SUMIFS(入力!$C$86:$C$95,入力!$B$86:$B$95,"<="&(W18),入力!$C$86:$C$95,">="&(W18))+1,W18)) | Y18: =IF(U18="","",IFERROR(VLOOKUP(DATE(YEAR(U18),MONTH(U18),1),カレンダーマスタ!$A$2:$B$301,2,0),NETWORKDAYS(DATE(YEAR(U18),MONTH(U18),1),EOMONTH(U18,0)))) | Z18: =IF(U18="","",IF(入力!$C$8<>"",入力!$C$8,IFERROR(INDEX(入力!$G$37:$G$78,MATCH(DATE(YEAR(U18),MONTH(U18),1),入力!$A$37:$A$78,0)),0))) | AA18: =IF(U18="","",ROUNDDOWN(INDEX(入力!$H$13:$H$20,MATCH(U18,入力!$B$13:$B$20,1))/Y18+INDEX(入力!$I$13:$I$20,MATCH(U18,入力!$B$13:$B$20,1))/22,0)) | AB18: =IF(U18="",0,IF(AND(Z18>AA18,NETWORKDAYS(U18,V18)>0),1,0))
A19: =IF(F19="","",14) | B19: =IF(F19="","",DATE(YEAR(F19),MONTH(F19),1)) | C19: =IF(F19="","",MONTH(F19)) | D19: =IF(F19="","",INDEX(入力!$A$13:$A$20,MATCH(F19,入力!$B$13:$B$20,1))) | E19: =IF(F19="","",IF(G19<=入力!$J$6,"法定","附加")) | F19: =IF(G18="","",IF(G18>=入力!$J$9,"",IF(S18>入力!$J$9,"",S18))) | G19: =IF(F19="","",MIN(EOMONTH(F19,0),入力!$J$9,IF(AND(入力!$B$13<>"",入力!$B$13>F19),入力!$B$13-1,999999),IF(AND(入力!$B$14<>"",入力!$B$14>F19),入力!$B$14-1,999999),IF(AND(入力!$B$15<>"",入力!$B$15>F19),入力!$B$15-1,999999),IF(AND(入力!$B$16<>"",入力!$B$16>F19),入力!$B$16-1,999999),IF(AND(入力!$B$17<>"",入力!$B$17>F19),入力!$B$17-1,999999),IF(AND(入力!$B$18<>"",入力!$B$18>F19),入力!$B$18-1,999999),IF(AND(入力!$B$19<>"",入力!$B$19>F19),入力!$B$19-1,999999),IF(AND(入力!$B$20<>"",入力!$B$20>F19),入力!$B$20-1,999999),IF(AND(入力!$J$7<>"",入力!$J$7>F19),入力!$J$7-1,999999),IFERROR(SMALL(入力!$B$86:$B$95,COUNTIF(入力!$B$86:$B$95,"<="&F19)+1)-1,999999))) | H19: =IF(F19="","",IFERROR(VLOOKUP(B19,カレンダーマスタ!$A$2:$B$301,2,0),NETWORKDAYS(B19,EOMONTH(F19,0)))) | I19: =IF(F19="","",NETWORKDAYS(F19,G19)) | J19: =IF(F19="","",IF(入力!$C$8<>"",入力!$C$8,IF(F19<入力!$J$5,IFERROR(INDEX(入力!$G$37:$G$78,MATCH(B19,入力!$A$37:$A$78,0)),入力!$J$10),入力!$J$10))) | K19: =IF(F19="","",ROUNDDOWN(INDEX(入力!$H$13:$H$20,MATCH(F19,入力!$B$13:$B$20,1))/H19+INDEX(入力!$I$13:$I$20,MATCH(F19,入力!$B$13:$B$20,1))/22,0)) | L19: =IF(F19="","",IF(J19>K19,"〇","×")) | M19: =IF(F19="","",J19*I19) | N19: =IF(F19="","",MIN(J19,K19)*I19) | O19: =IF(F19="","",M19-N19) | P19: =IF(F19="","",IFERROR(INDEX(入力!$G$37:$G$78,MATCH(B19,入力!$A$37:$A$78,0)),"")) | Q19: =IF(F19="","",IF(COUNTIFS($B$6:B19,B19,$C$6:C19,C19,$E$6:E19,E19)=1,MAX($Q$5:Q18)+1,"")) | R19: =IF(G19="","",IF(COUNTIFS(入力!$B$86:$B$95,"<="&(G19+1),入力!$C$86:$C$95,">="&(G19+1))>0,SUMIFS(入力!$C$86:$C$95,入力!$B$86:$B$95,"<="&(G19+1),入力!$C$86:$C$95,">="&(G19+1))+1,G19+1)) | S19: =IF(R19="","",IF(COUNTIFS(入力!$B$86:$B$95,"<="&(R19),入力!$C$86:$C$95,">="&(R19))>0,SUMIFS(入力!$C$86:$C$95,入力!$B$86:$B$95,"<="&(R19),入力!$C$86:$C$95,">="&(R19))+1,R19)) | U19: =IF(OR(X18="",X18>入力!$J$4+3650),"",X18) | V19: =IF(U19="","",MIN(EOMONTH(U19,0),IF(AND(入力!$B$13<>"",入力!$B$13>U19),入力!$B$13-1,999999),IF(AND(入力!$B$14<>"",入力!$B$14>U19),入力!$B$14-1,999999),IF(AND(入力!$B$15<>"",入力!$B$15>U19),入力!$B$15-1,999999),IF(AND(入力!$B$16<>"",入力!$B$16>U19),入力!$B$16-1,999999),IF(AND(入力!$B$17<>"",入力!$B$17>U19),入力!$B$17-1,999999),IF(AND(入力!$B$18<>"",入力!$B$18>U19),入力!$B$18-1,999999),IF(AND(入力!$B$19<>"",入力!$B$19>U19),入力!$B$19-1,999999),IF(AND(入力!$B$20<>"",入力!$B$20>U19),入力!$B$20-1,999999),IFERROR(SMALL(入力!$B$86:$B$95,COUNTIF(入力!$B$86:$B$95,"<="&U19)+1)-1,999999))) | W19: =IF(V19="","",IF(COUNTIFS(入力!$B$86:$B$95,"<="&(V19+1),入力!$C$86:$C$95,">="&(V19+1))>0,SUMIFS(入力!$C$86:$C$95,入力!$B$86:$B$95,"<="&(V19+1),入力!$C$86:$C$95,">="&(V19+1))+1,V19+1)) | X19: =IF(W19="","",IF(COUNTIFS(入力!$B$86:$B$95,"<="&(W19),入力!$C$86:$C$95,">="&(W19))>0,SUMIFS(入力!$C$86:$C$95,入力!$B$86:$B$95,"<="&(W19),入力!$C$86:$C$95,">="&(W19))+1,W19)) | Y19: =IF(U19="","",IFERROR(VLOOKUP(DATE(YEAR(U19),MONTH(U19),1),カレンダーマスタ!$A$2:$B$301,2,0),NETWORKDAYS(DATE(YEAR(U19),MONTH(U19),1),EOMONTH(U19,0)))) | Z19: =IF(U19="","",IF(入力!$C$8<>"",入力!$C$8,IFERROR(INDEX(入力!$G$37:$G$78,MATCH(DATE(YEAR(U19),MONTH(U19),1),入力!$A$37:$A$78,0)),0))) | AA19: =IF(U19="","",ROUNDDOWN(INDEX(入力!$H$13:$H$20,MATCH(U19,入力!$B$13:$B$20,1))/Y19+INDEX(入力!$I$13:$I$20,MATCH(U19,入力!$B$13:$B$20,1))/22,0)) | AB19: =IF(U19="",0,IF(AND(Z19>AA19,NETWORKDAYS(U19,V19)>0),1,0))
A20: =IF(F20="","",15) | B20: =IF(F20="","",DATE(YEAR(F20),MONTH(F20),1)) | C20: =IF(F20="","",MONTH(F20)) | D20: =IF(F20="","",INDEX(入力!$A$13:$A$20,MATCH(F20,入力!$B$13:$B$20,1))) | E20: =IF(F20="","",IF(G20<=入力!$J$6,"法定","附加")) | F20: =IF(G19="","",IF(G19>=入力!$J$9,"",IF(S19>入力!$J$9,"",S19))) | G20: =IF(F20="","",MIN(EOMONTH(F20,0),入力!$J$9,IF(AND(入力!$B$13<>"",入力!$B$13>F20),入力!$B$13-1,999999),IF(AND(入力!$B$14<>"",入力!$B$14>F20),入力!$B$14-1,999999),IF(AND(入力!$B$15<>"",入力!$B$15>F20),入力!$B$15-1,999999),IF(AND(入力!$B$16<>"",入力!$B$16>F20),入力!$B$16-1,999999),IF(AND(入力!$B$17<>"",入力!$B$17>F20),入力!$B$17-1,999999),IF(AND(入力!$B$18<>"",入力!$B$18>F20),入力!$B$18-1,999999),IF(AND(入力!$B$19<>"",入力!$B$19>F20),入力!$B$19-1,999999),IF(AND(入力!$B$20<>"",入力!$B$20>F20),入力!$B$20-1,999999),IF(AND(入力!$J$7<>"",入力!$J$7>F20),入力!$J$7-1,999999),IFERROR(SMALL(入力!$B$86:$B$95,COUNTIF(入力!$B$86:$B$95,"<="&F20)+1)-1,999999))) | H20: =IF(F20="","",IFERROR(VLOOKUP(B20,カレンダーマスタ!$A$2:$B$301,2,0),NETWORKDAYS(B20,EOMONTH(F20,0)))) | I20: =IF(F20="","",NETWORKDAYS(F20,G20)) | J20: =IF(F20="","",IF(入力!$C$8<>"",入力!$C$8,IF(F20<入力!$J$5,IFERROR(INDEX(入力!$G$37:$G$78,MATCH(B20,入力!$A$37:$A$78,0)),入力!$J$10),入力!$J$10))) | K20: =IF(F20="","",ROUNDDOWN(INDEX(入力!$H$13:$H$20,MATCH(F20,入力!$B$13:$B$20,1))/H20+INDEX(入力!$I$13:$I$20,MATCH(F20,入力!$B$13:$B$20,1))/22,0)) | L20: =IF(F20="","",IF(J20>K20,"〇","×")) | M20: =IF(F20="","",J20*I20) | N20: =IF(F20="","",MIN(J20,K20)*I20) | O20: =IF(F20="","",M20-N20) | P20: =IF(F20="","",IFERROR(INDEX(入力!$G$37:$G$78,MATCH(B20,入力!$A$37:$A$78,0)),"")) | Q20: =IF(F20="","",IF(COUNTIFS($B$6:B20,B20,$C$6:C20,C20,$E$6:E20,E20)=1,MAX($Q$5:Q19)+1,"")) | R20: =IF(G20="","",IF(COUNTIFS(入力!$B$86:$B$95,"<="&(G20+1),入力!$C$86:$C$95,">="&(G20+1))>0,SUMIFS(入力!$C$86:$C$95,入力!$B$86:$B$95,"<="&(G20+1),入力!$C$86:$C$95,">="&(G20+1))+1,G20+1)) | S20: =IF(R20="","",IF(COUNTIFS(入力!$B$86:$B$95,"<="&(R20),入力!$C$86:$C$95,">="&(R20))>0,SUMIFS(入力!$C$86:$C$95,入力!$B$86:$B$95,"<="&(R20),入力!$C$86:$C$95,">="&(R20))+1,R20)) | U20: =IF(OR(X19="",X19>入力!$J$4+3650),"",X19) | V20: =IF(U20="","",MIN(EOMONTH(U20,0),IF(AND(入力!$B$13<>"",入力!$B$13>U20),入力!$B$13-1,999999),IF(AND(入力!$B$14<>"",入力!$B$14>U20),入力!$B$14-1,999999),IF(AND(入力!$B$15<>"",入力!$B$15>U20),入力!$B$15-1,999999),IF(AND(入力!$B$16<>"",入力!$B$16>U20),入力!$B$16-1,999999),IF(AND(入力!$B$17<>"",入力!$B$17>U20),入力!$B$17-1,999999),IF(AND(入力!$B$18<>"",入力!$B$18>U20),入力!$B$18-1,999999),IF(AND(入力!$B$19<>"",入力!$B$19>U20),入力!$B$19-1,999999),IF(AND(入力!$B$20<>"",入力!$B$20>U20),入力!$B$20-1,999999),IFERROR(SMALL(入力!$B$86:$B$95,COUNTIF(入力!$B$86:$B$95,"<="&U20)+1)-1,999999))) | W20: =IF(V20="","",IF(COUNTIFS(入力!$B$86:$B$95,"<="&(V20+1),入力!$C$86:$C$95,">="&(V20+1))>0,SUMIFS(入力!$C$86:$C$95,入力!$B$86:$B$95,"<="&(V20+1),入力!$C$86:$C$95,">="&(V20+1))+1,V20+1)) | X20: =IF(W20="","",IF(COUNTIFS(入力!$B$86:$B$95,"<="&(W20),入力!$C$86:$C$95,">="&(W20))>0,SUMIFS(入力!$C$86:$C$95,入力!$B$86:$B$95,"<="&(W20),入力!$C$86:$C$95,">="&(W20))+1,W20)) | Y20: =IF(U20="","",IFERROR(VLOOKUP(DATE(YEAR(U20),MONTH(U20),1),カレンダーマスタ!$A$2:$B$301,2,0),NETWORKDAYS(DATE(YEAR(U20),MONTH(U20),1),EOMONTH(U20,0)))) | Z20: =IF(U20="","",IF(入力!$C$8<>"",入力!$C$8,IFERROR(INDEX(入力!$G$37:$G$78,MATCH(DATE(YEAR(U20),MONTH(U20),1),入力!$A$37:$A$78,0)),0))) | AA20: =IF(U20="","",ROUNDDOWN(INDEX(入力!$H$13:$H$20,MATCH(U20,入力!$B$13:$B$20,1))/Y20+INDEX(入力!$I$13:$I$20,MATCH(U20,入力!$B$13:$B$20,1))/22,0)) | AB20: =IF(U20="",0,IF(AND(Z20>AA20,NETWORKDAYS(U20,V20)>0),1,0))
A21: =IF(F21="","",16) | B21: =IF(F21="","",DATE(YEAR(F21),MONTH(F21),1)) | C21: =IF(F21="","",MONTH(F21)) | D21: =IF(F21="","",INDEX(入力!$A$13:$A$20,MATCH(F21,入力!$B$13:$B$20,1))) | E21: =IF(F21="","",IF(G21<=入力!$J$6,"法定","附加")) | F21: =IF(G20="","",IF(G20>=入力!$J$9,"",IF(S20>入力!$J$9,"",S20))) | G21: =IF(F21="","",MIN(EOMONTH(F21,0),入力!$J$9,IF(AND(入力!$B$13<>"",入力!$B$13>F21),入力!$B$13-1,999999),IF(AND(入力!$B$14<>"",入力!$B$14>F21),入力!$B$14-1,999999),IF(AND(入力!$B$15<>"",入力!$B$15>F21),入力!$B$15-1,999999),IF(AND(入力!$B$16<>"",入力!$B$16>F21),入力!$B$16-1,999999),IF(AND(入力!$B$17<>"",入力!$B$17>F21),入力!$B$17-1,999999),IF(AND(入力!$B$18<>"",入力!$B$18>F21),入力!$B$18-1,999999),IF(AND(入力!$B$19<>"",入力!$B$19>F21),入力!$B$19-1,999999),IF(AND(入力!$B$20<>"",入力!$B$20>F21),入力!$B$20-1,999999),IF(AND(入力!$J$7<>"",入力!$J$7>F21),入力!$J$7-1,999999),IFERROR(SMALL(入力!$B$86:$B$95,COUNTIF(入力!$B$86:$B$95,"<="&F21)+1)-1,999999))) | H21: =IF(F21="","",IFERROR(VLOOKUP(B21,カレンダーマスタ!$A$2:$B$301,2,0),NETWORKDAYS(B21,EOMONTH(F21,0)))) | I21: =IF(F21="","",NETWORKDAYS(F21,G21)) | J21: =IF(F21="","",IF(入力!$C$8<>"",入力!$C$8,IF(F21<入力!$J$5,IFERROR(INDEX(入力!$G$37:$G$78,MATCH(B21,入力!$A$37:$A$78,0)),入力!$J$10),入力!$J$10))) | K21: =IF(F21="","",ROUNDDOWN(INDEX(入力!$H$13:$H$20,MATCH(F21,入力!$B$13:$B$20,1))/H21+INDEX(入力!$I$13:$I$20,MATCH(F21,入力!$B$13:$B$20,1))/22,0)) | L21: =IF(F21="","",IF(J21>K21,"〇","×")) | M21: =IF(F21="","",J21*I21) | N21: =IF(F21="","",MIN(J21,K21)*I21) | O21: =IF(F21="","",M21-N21) | P21: =IF(F21="","",IFERROR(INDEX(入力!$G$37:$G$78,MATCH(B21,入力!$A$37:$A$78,0)),"")) | Q21: =IF(F21="","",IF(COUNTIFS($B$6:B21,B21,$C$6:C21,C21,$E$6:E21,E21)=1,MAX($Q$5:Q20)+1,"")) | R21: =IF(G21="","",IF(COUNTIFS(入力!$B$86:$B$95,"<="&(G21+1),入力!$C$86:$C$95,">="&(G21+1))>0,SUMIFS(入力!$C$86:$C$95,入力!$B$86:$B$95,"<="&(G21+1),入力!$C$86:$C$95,">="&(G21+1))+1,G21+1)) | S21: =IF(R21="","",IF(COUNTIFS(入力!$B$86:$B$95,"<="&(R21),入力!$C$86:$C$95,">="&(R21))>0,SUMIFS(入力!$C$86:$C$95,入力!$B$86:$B$95,"<="&(R21),入力!$C$86:$C$95,">="&(R21))+1,R21)) | U21: =IF(OR(X20="",X20>入力!$J$4+3650),"",X20) | V21: =IF(U21="","",MIN(EOMONTH(U21,0),IF(AND(入力!$B$13<>"",入力!$B$13>U21),入力!$B$13-1,999999),IF(AND(入力!$B$14<>"",入力!$B$14>U21),入力!$B$14-1,999999),IF(AND(入力!$B$15<>"",入力!$B$15>U21),入力!$B$15-1,999999),IF(AND(入力!$B$16<>"",入力!$B$16>U21),入力!$B$16-1,999999),IF(AND(入力!$B$17<>"",入力!$B$17>U21),入力!$B$17-1,999999),IF(AND(入力!$B$18<>"",入力!$B$18>U21),入力!$B$18-1,999999),IF(AND(入力!$B$19<>"",入力!$B$19>U21),入力!$B$19-1,999999),IF(AND(入力!$B$20<>"",入力!$B$20>U21),入力!$B$20-1,999999),IFERROR(SMALL(入力!$B$86:$B$95,COUNTIF(入力!$B$86:$B$95,"<="&U21)+1)-1,999999))) | W21: =IF(V21="","",IF(COUNTIFS(入力!$B$86:$B$95,"<="&(V21+1),入力!$C$86:$C$95,">="&(V21+1))>0,SUMIFS(入力!$C$86:$C$95,入力!$B$86:$B$95,"<="&(V21+1),入力!$C$86:$C$95,">="&(V21+1))+1,V21+1)) | X21: =IF(W21="","",IF(COUNTIFS(入力!$B$86:$B$95,"<="&(W21),入力!$C$86:$C$95,">="&(W21))>0,SUMIFS(入力!$C$86:$C$95,入力!$B$86:$B$95,"<="&(W21),入力!$C$86:$C$95,">="&(W21))+1,W21)) | Y21: =IF(U21="","",IFERROR(VLOOKUP(DATE(YEAR(U21),MONTH(U21),1),カレンダーマスタ!$A$2:$B$301,2,0),NETWORKDAYS(DATE(YEAR(U21),MONTH(U21),1),EOMONTH(U21,0)))) | Z21: =IF(U21="","",IF(入力!$C$8<>"",入力!$C$8,IFERROR(INDEX(入力!$G$37:$G$78,MATCH(DATE(YEAR(U21),MONTH(U21),1),入力!$A$37:$A$78,0)),0))) | AA21: =IF(U21="","",ROUNDDOWN(INDEX(入力!$H$13:$H$20,MATCH(U21,入力!$B$13:$B$20,1))/Y21+INDEX(入力!$I$13:$I$20,MATCH(U21,入力!$B$13:$B$20,1))/22,0)) | AB21: =IF(U21="",0,IF(AND(Z21>AA21,NETWORKDAYS(U21,V21)>0),1,0))
A22: =IF(F22="","",17) | B22: =IF(F22="","",DATE(YEAR(F22),MONTH(F22),1)) | C22: =IF(F22="","",MONTH(F22)) | D22: =IF(F22="","",INDEX(入力!$A$13:$A$20,MATCH(F22,入力!$B$13:$B$20,1))) | E22: =IF(F22="","",IF(G22<=入力!$J$6,"法定","附加")) | F22: =IF(G21="","",IF(G21>=入力!$J$9,"",IF(S21>入力!$J$9,"",S21))) | G22: =IF(F22="","",MIN(EOMONTH(F22,0),入力!$J$9,IF(AND(入力!$B$13<>"",入力!$B$13>F22),入力!$B$13-1,999999),IF(AND(入力!$B$14<>"",入力!$B$14>F22),入力!$B$14-1,999999),IF(AND(入力!$B$15<>"",入力!$B$15>F22),入力!$B$15-1,999999),IF(AND(入力!$B$16<>"",入力!$B$16>F22),入力!$B$16-1,999999),IF(AND(入力!$B$17<>"",入力!$B$17>F22),入力!$B$17-1,999999),IF(AND(入力!$B$18<>"",入力!$B$18>F22),入力!$B$18-1,999999),IF(AND(入力!$B$19<>"",入力!$B$19>F22),入力!$B$19-1,999999),IF(AND(入力!$B$20<>"",入力!$B$20>F22),入力!$B$20-1,999999),IF(AND(入力!$J$7<>"",入力!$J$7>F22),入力!$J$7-1,999999),IFERROR(SMALL(入力!$B$86:$B$95,COUNTIF(入力!$B$86:$B$95,"<="&F22)+1)-1,999999))) | H22: =IF(F22="","",IFERROR(VLOOKUP(B22,カレンダーマスタ!$A$2:$B$301,2,0),NETWORKDAYS(B22,EOMONTH(F22,0)))) | I22: =IF(F22="","",NETWORKDAYS(F22,G22)) | J22: =IF(F22="","",IF(入力!$C$8<>"",入力!$C$8,IF(F22<入力!$J$5,IFERROR(INDEX(入力!$G$37:$G$78,MATCH(B22,入力!$A$37:$A$78,0)),入力!$J$10),入力!$J$10))) | K22: =IF(F22="","",ROUNDDOWN(INDEX(入力!$H$13:$H$20,MATCH(F22,入力!$B$13:$B$20,1))/H22+INDEX(入力!$I$13:$I$20,MATCH(F22,入力!$B$13:$B$20,1))/22,0)) | L22: =IF(F22="","",IF(J22>K22,"〇","×")) | M22: =IF(F22="","",J22*I22) | N22: =IF(F22="","",MIN(J22,K22)*I22) | O22: =IF(F22="","",M22-N22) | P22: =IF(F22="","",IFERROR(INDEX(入力!$G$37:$G$78,MATCH(B22,入力!$A$37:$A$78,0)),"")) | Q22: =IF(F22="","",IF(COUNTIFS($B$6:B22,B22,$C$6:C22,C22,$E$6:E22,E22)=1,MAX($Q$5:Q21)+1,"")) | R22: =IF(G22="","",IF(COUNTIFS(入力!$B$86:$B$95,"<="&(G22+1),入力!$C$86:$C$95,">="&(G22+1))>0,SUMIFS(入力!$C$86:$C$95,入力!$B$86:$B$95,"<="&(G22+1),入力!$C$86:$C$95,">="&(G22+1))+1,G22+1)) | S22: =IF(R22="","",IF(COUNTIFS(入力!$B$86:$B$95,"<="&(R22),入力!$C$86:$C$95,">="&(R22))>0,SUMIFS(入力!$C$86:$C$95,入力!$B$86:$B$95,"<="&(R22),入力!$C$86:$C$95,">="&(R22))+1,R22)) | U22: =IF(OR(X21="",X21>入力!$J$4+3650),"",X21) | V22: =IF(U22="","",MIN(EOMONTH(U22,0),IF(AND(入力!$B$13<>"",入力!$B$13>U22),入力!$B$13-1,999999),IF(AND(入力!$B$14<>"",入力!$B$14>U22),入力!$B$14-1,999999),IF(AND(入力!$B$15<>"",入力!$B$15>U22),入力!$B$15-1,999999),IF(AND(入力!$B$16<>"",入力!$B$16>U22),入力!$B$16-1,999999),IF(AND(入力!$B$17<>"",入力!$B$17>U22),入力!$B$17-1,999999),IF(AND(入力!$B$18<>"",入力!$B$18>U22),入力!$B$18-1,999999),IF(AND(入力!$B$19<>"",入力!$B$19>U22),入力!$B$19-1,999999),IF(AND(入力!$B$20<>"",入力!$B$20>U22),入力!$B$20-1,999999),IFERROR(SMALL(入力!$B$86:$B$95,COUNTIF(入力!$B$86:$B$95,"<="&U22)+1)-1,999999))) | W22: =IF(V22="","",IF(COUNTIFS(入力!$B$86:$B$95,"<="&(V22+1),入力!$C$86:$C$95,">="&(V22+1))>0,SUMIFS(入力!$C$86:$C$95,入力!$B$86:$B$95,"<="&(V22+1),入力!$C$86:$C$95,">="&(V22+1))+1,V22+1)) | X22: =IF(W22="","",IF(COUNTIFS(入力!$B$86:$B$95,"<="&(W22),入力!$C$86:$C$95,">="&(W22))>0,SUMIFS(入力!$C$86:$C$95,入力!$B$86:$B$95,"<="&(W22),入力!$C$86:$C$95,">="&(W22))+1,W22)) | Y22: =IF(U22="","",IFERROR(VLOOKUP(DATE(YEAR(U22),MONTH(U22),1),カレンダーマスタ!$A$2:$B$301,2,0),NETWORKDAYS(DATE(YEAR(U22),MONTH(U22),1),EOMONTH(U22,0)))) | Z22: =IF(U22="","",IF(入力!$C$8<>"",入力!$C$8,IFERROR(INDEX(入力!$G$37:$G$78,MATCH(DATE(YEAR(U22),MONTH(U22),1),入力!$A$37:$A$78,0)),0))) | AA22: =IF(U22="","",ROUNDDOWN(INDEX(入力!$H$13:$H$20,MATCH(U22,入力!$B$13:$B$20,1))/Y22+INDEX(入力!$I$13:$I$20,MATCH(U22,入力!$B$13:$B$20,1))/22,0)) | AB22: =IF(U22="",0,IF(AND(Z22>AA22,NETWORKDAYS(U22,V22)>0),1,0))
A23: =IF(F23="","",18) | B23: =IF(F23="","",DATE(YEAR(F23),MONTH(F23),1)) | C23: =IF(F23="","",MONTH(F23)) | D23: =IF(F23="","",INDEX(入力!$A$13:$A$20,MATCH(F23,入力!$B$13:$B$20,1))) | E23: =IF(F23="","",IF(G23<=入力!$J$6,"法定","附加")) | F23: =IF(G22="","",IF(G22>=入力!$J$9,"",IF(S22>入力!$J$9,"",S22))) | G23: =IF(F23="","",MIN(EOMONTH(F23,0),入力!$J$9,IF(AND(入力!$B$13<>"",入力!$B$13>F23),入力!$B$13-1,999999),IF(AND(入力!$B$14<>"",入力!$B$14>F23),入力!$B$14-1,999999),IF(AND(入力!$B$15<>"",入力!$B$15>F23),入力!$B$15-1,999999),IF(AND(入力!$B$16<>"",入力!$B$16>F23),入力!$B$16-1,999999),IF(AND(入力!$B$17<>"",入力!$B$17>F23),入力!$B$17-1,999999),IF(AND(入力!$B$18<>"",入力!$B$18>F23),入力!$B$18-1,999999),IF(AND(入力!$B$19<>"",入力!$B$19>F23),入力!$B$19-1,999999),IF(AND(入力!$B$20<>"",入力!$B$20>F23),入力!$B$20-1,999999),IF(AND(入力!$J$7<>"",入力!$J$7>F23),入力!$J$7-1,999999),IFERROR(SMALL(入力!$B$86:$B$95,COUNTIF(入力!$B$86:$B$95,"<="&F23)+1)-1,999999))) | H23: =IF(F23="","",IFERROR(VLOOKUP(B23,カレンダーマスタ!$A$2:$B$301,2,0),NETWORKDAYS(B23,EOMONTH(F23,0)))) | I23: =IF(F23="","",NETWORKDAYS(F23,G23)) | J23: =IF(F23="","",IF(入力!$C$8<>"",入力!$C$8,IF(F23<入力!$J$5,IFERROR(INDEX(入力!$G$37:$G$78,MATCH(B23,入力!$A$37:$A$78,0)),入力!$J$10),入力!$J$10))) | K23: =IF(F23="","",ROUNDDOWN(INDEX(入力!$H$13:$H$20,MATCH(F23,入力!$B$13:$B$20,1))/H23+INDEX(入力!$I$13:$I$20,MATCH(F23,入力!$B$13:$B$20,1))/22,0)) | L23: =IF(F23="","",IF(J23>K23,"〇","×")) | M23: =IF(F23="","",J23*I23) | N23: =IF(F23="","",MIN(J23,K23)*I23) | O23: =IF(F23="","",M23-N23) | P23: =IF(F23="","",IFERROR(INDEX(入力!$G$37:$G$78,MATCH(B23,入力!$A$37:$A$78,0)),"")) | Q23: =IF(F23="","",IF(COUNTIFS($B$6:B23,B23,$C$6:C23,C23,$E$6:E23,E23)=1,MAX($Q$5:Q22)+1,"")) | R23: =IF(G23="","",IF(COUNTIFS(入力!$B$86:$B$95,"<="&(G23+1),入力!$C$86:$C$95,">="&(G23+1))>0,SUMIFS(入力!$C$86:$C$95,入力!$B$86:$B$95,"<="&(G23+1),入力!$C$86:$C$95,">="&(G23+1))+1,G23+1)) | S23: =IF(R23="","",IF(COUNTIFS(入力!$B$86:$B$95,"<="&(R23),入力!$C$86:$C$95,">="&(R23))>0,SUMIFS(入力!$C$86:$C$95,入力!$B$86:$B$95,"<="&(R23),入力!$C$86:$C$95,">="&(R23))+1,R23)) | U23: =IF(OR(X22="",X22>入力!$J$4+3650),"",X22) | V23: =IF(U23="","",MIN(EOMONTH(U23,0),IF(AND(入力!$B$13<>"",入力!$B$13>U23),入力!$B$13-1,999999),IF(AND(入力!$B$14<>"",入力!$B$14>U23),入力!$B$14-1,999999),IF(AND(入力!$B$15<>"",入力!$B$15>U23),入力!$B$15-1,999999),IF(AND(入力!$B$16<>"",入力!$B$16>U23),入力!$B$16-1,999999),IF(AND(入力!$B$17<>"",入力!$B$17>U23),入力!$B$17-1,999999),IF(AND(入力!$B$18<>"",入力!$B$18>U23),入力!$B$18-1,999999),IF(AND(入力!$B$19<>"",入力!$B$19>U23),入力!$B$19-1,999999),IF(AND(入力!$B$20<>"",入力!$B$20>U23),入力!$B$20-1,999999),IFERROR(SMALL(入力!$B$86:$B$95,COUNTIF(入力!$B$86:$B$95,"<="&U23)+1)-1,999999))) | W23: =IF(V23="","",IF(COUNTIFS(入力!$B$86:$B$95,"<="&(V23+1),入力!$C$86:$C$95,">="&(V23+1))>0,SUMIFS(入力!$C$86:$C$95,入力!$B$86:$B$95,"<="&(V23+1),入力!$C$86:$C$95,">="&(V23+1))+1,V23+1)) | X23: =IF(W23="","",IF(COUNTIFS(入力!$B$86:$B$95,"<="&(W23),入力!$C$86:$C$95,">="&(W23))>0,SUMIFS(入力!$C$86:$C$95,入力!$B$86:$B$95,"<="&(W23),入力!$C$86:$C$95,">="&(W23))+1,W23)) | Y23: =IF(U23="","",IFERROR(VLOOKUP(DATE(YEAR(U23),MONTH(U23),1),カレンダーマスタ!$A$2:$B$301,2,0),NETWORKDAYS(DATE(YEAR(U23),MONTH(U23),1),EOMONTH(U23,0)))) | Z23: =IF(U23="","",IF(入力!$C$8<>"",入力!$C$8,IFERROR(INDEX(入力!$G$37:$G$78,MATCH(DATE(YEAR(U23),MONTH(U23),1),入力!$A$37:$A$78,0)),0))) | AA23: =IF(U23="","",ROUNDDOWN(INDEX(入力!$H$13:$H$20,MATCH(U23,入力!$B$13:$B$20,1))/Y23+INDEX(入力!$I$13:$I$20,MATCH(U23,入力!$B$13:$B$20,1))/22,0)) | AB23: =IF(U23="",0,IF(AND(Z23>AA23,NETWORKDAYS(U23,V23)>0),1,0))
A24: =IF(F24="","",19) | B24: =IF(F24="","",DATE(YEAR(F24),MONTH(F24),1)) | C24: =IF(F24="","",MONTH(F24)) | D24: =IF(F24="","",INDEX(入力!$A$13:$A$20,MATCH(F24,入力!$B$13:$B$20,1))) | E24: =IF(F24="","",IF(G24<=入力!$J$6,"法定","附加")) | F24: =IF(G23="","",IF(G23>=入力!$J$9,"",IF(S23>入力!$J$9,"",S23))) | G24: =IF(F24="","",MIN(EOMONTH(F24,0),入力!$J$9,IF(AND(入力!$B$13<>"",入力!$B$13>F24),入力!$B$13-1,999999),IF(AND(入力!$B$14<>"",入力!$B$14>F24),入力!$B$14-1,999999),IF(AND(入力!$B$15<>"",入力!$B$15>F24),入力!$B$15-1,999999),IF(AND(入力!$B$16<>"",入力!$B$16>F24),入力!$B$16-1,999999),IF(AND(入力!$B$17<>"",入力!$B$17>F24),入力!$B$17-1,999999),IF(AND(入力!$B$18<>"",入力!$B$18>F24),入力!$B$18-1,999999),IF(AND(入力!$B$19<>"",入力!$B$19>F24),入力!$B$19-1,999999),IF(AND(入力!$B$20<>"",入力!$B$20>F24),入力!$B$20-1,999999),IF(AND(入力!$J$7<>"",入力!$J$7>F24),入力!$J$7-1,999999),IFERROR(SMALL(入力!$B$86:$B$95,COUNTIF(入力!$B$86:$B$95,"<="&F24)+1)-1,999999))) | H24: =IF(F24="","",IFERROR(VLOOKUP(B24,カレンダーマスタ!$A$2:$B$301,2,0),NETWORKDAYS(B24,EOMONTH(F24,0)))) | I24: =IF(F24="","",NETWORKDAYS(F24,G24)) | J24: =IF(F24="","",IF(入力!$C$8<>"",入力!$C$8,IF(F24<入力!$J$5,IFERROR(INDEX(入力!$G$37:$G$78,MATCH(B24,入力!$A$37:$A$78,0)),入力!$J$10),入力!$J$10))) | K24: =IF(F24="","",ROUNDDOWN(INDEX(入力!$H$13:$H$20,MATCH(F24,入力!$B$13:$B$20,1))/H24+INDEX(入力!$I$13:$I$20,MATCH(F24,入力!$B$13:$B$20,1))/22,0)) | L24: =IF(F24="","",IF(J24>K24,"〇","×")) | M24: =IF(F24="","",J24*I24) | N24: =IF(F24="","",MIN(J24,K24)*I24) | O24: =IF(F24="","",M24-N24) | P24: =IF(F24="","",IFERROR(INDEX(入力!$G$37:$G$78,MATCH(B24,入力!$A$37:$A$78,0)),"")) | Q24: =IF(F24="","",IF(COUNTIFS($B$6:B24,B24,$C$6:C24,C24,$E$6:E24,E24)=1,MAX($Q$5:Q23)+1,"")) | R24: =IF(G24="","",IF(COUNTIFS(入力!$B$86:$B$95,"<="&(G24+1),入力!$C$86:$C$95,">="&(G24+1))>0,SUMIFS(入力!$C$86:$C$95,入力!$B$86:$B$95,"<="&(G24+1),入力!$C$86:$C$95,">="&(G24+1))+1,G24+1)) | S24: =IF(R24="","",IF(COUNTIFS(入力!$B$86:$B$95,"<="&(R24),入力!$C$86:$C$95,">="&(R24))>0,SUMIFS(入力!$C$86:$C$95,入力!$B$86:$B$95,"<="&(R24),入力!$C$86:$C$95,">="&(R24))+1,R24)) | U24: =IF(OR(X23="",X23>入力!$J$4+3650),"",X23) | V24: =IF(U24="","",MIN(EOMONTH(U24,0),IF(AND(入力!$B$13<>"",入力!$B$13>U24),入力!$B$13-1,999999),IF(AND(入力!$B$14<>"",入力!$B$14>U24),入力!$B$14-1,999999),IF(AND(入力!$B$15<>"",入力!$B$15>U24),入力!$B$15-1,999999),IF(AND(入力!$B$16<>"",入力!$B$16>U24),入力!$B$16-1,999999),IF(AND(入力!$B$17<>"",入力!$B$17>U24),入力!$B$17-1,999999),IF(AND(入力!$B$18<>"",入力!$B$18>U24),入力!$B$18-1,999999),IF(AND(入力!$B$19<>"",入力!$B$19>U24),入力!$B$19-1,999999),IF(AND(入力!$B$20<>"",入力!$B$20>U24),入力!$B$20-1,999999),IFERROR(SMALL(入力!$B$86:$B$95,COUNTIF(入力!$B$86:$B$95,"<="&U24)+1)-1,999999))) | W24: =IF(V24="","",IF(COUNTIFS(入力!$B$86:$B$95,"<="&(V24+1),入力!$C$86:$C$95,">="&(V24+1))>0,SUMIFS(入力!$C$86:$C$95,入力!$B$86:$B$95,"<="&(V24+1),入力!$C$86:$C$95,">="&(V24+1))+1,V24+1)) | X24: =IF(W24="","",IF(COUNTIFS(入力!$B$86:$B$95,"<="&(W24),入力!$C$86:$C$95,">="&(W24))>0,SUMIFS(入力!$C$86:$C$95,入力!$B$86:$B$95,"<="&(W24),入力!$C$86:$C$95,">="&(W24))+1,W24)) | Y24: =IF(U24="","",IFERROR(VLOOKUP(DATE(YEAR(U24),MONTH(U24),1),カレンダーマスタ!$A$2:$B$301,2,0),NETWORKDAYS(DATE(YEAR(U24),MONTH(U24),1),EOMONTH(U24,0)))) | Z24: =IF(U24="","",IF(入力!$C$8<>"",入力!$C$8,IFERROR(INDEX(入力!$G$37:$G$78,MATCH(DATE(YEAR(U24),MONTH(U24),1),入力!$A$37:$A$78,0)),0))) | AA24: =IF(U24="","",ROUNDDOWN(INDEX(入力!$H$13:$H$20,MATCH(U24,入力!$B$13:$B$20,1))/Y24+INDEX(入力!$I$13:$I$20,MATCH(U24,入力!$B$13:$B$20,1))/22,0)) | AB24: =IF(U24="",0,IF(AND(Z24>AA24,NETWORKDAYS(U24,V24)>0),1,0))
A25: =IF(F25="","",20) | B25: =IF(F25="","",DATE(YEAR(F25),MONTH(F25),1)) | C25: =IF(F25="","",MONTH(F25)) | D25: =IF(F25="","",INDEX(入力!$A$13:$A$20,MATCH(F25,入力!$B$13:$B$20,1))) | E25: =IF(F25="","",IF(G25<=入力!$J$6,"法定","附加")) | F25: =IF(G24="","",IF(G24>=入力!$J$9,"",IF(S24>入力!$J$9,"",S24))) | G25: =IF(F25="","",MIN(EOMONTH(F25,0),入力!$J$9,IF(AND(入力!$B$13<>"",入力!$B$13>F25),入力!$B$13-1,999999),IF(AND(入力!$B$14<>"",入力!$B$14>F25),入力!$B$14-1,999999),IF(AND(入力!$B$15<>"",入力!$B$15>F25),入力!$B$15-1,999999),IF(AND(入力!$B$16<>"",入力!$B$16>F25),入力!$B$16-1,999999),IF(AND(入力!$B$17<>"",入力!$B$17>F25),入力!$B$17-1,999999),IF(AND(入力!$B$18<>"",入力!$B$18>F25),入力!$B$18-1,999999),IF(AND(入力!$B$19<>"",入力!$B$19>F25),入力!$B$19-1,999999),IF(AND(入力!$B$20<>"",入力!$B$20>F25),入力!$B$20-1,999999),IF(AND(入力!$J$7<>"",入力!$J$7>F25),入力!$J$7-1,999999),IFERROR(SMALL(入力!$B$86:$B$95,COUNTIF(入力!$B$86:$B$95,"<="&F25)+1)-1,999999))) | H25: =IF(F25="","",IFERROR(VLOOKUP(B25,カレンダーマスタ!$A$2:$B$301,2,0),NETWORKDAYS(B25,EOMONTH(F25,0)))) | I25: =IF(F25="","",NETWORKDAYS(F25,G25)) | J25: =IF(F25="","",IF(入力!$C$8<>"",入力!$C$8,IF(F25<入力!$J$5,IFERROR(INDEX(入力!$G$37:$G$78,MATCH(B25,入力!$A$37:$A$78,0)),入力!$J$10),入力!$J$10))) | K25: =IF(F25="","",ROUNDDOWN(INDEX(入力!$H$13:$H$20,MATCH(F25,入力!$B$13:$B$20,1))/H25+INDEX(入力!$I$13:$I$20,MATCH(F25,入力!$B$13:$B$20,1))/22,0)) | L25: =IF(F25="","",IF(J25>K25,"〇","×")) | M25: =IF(F25="","",J25*I25) | N25: =IF(F25="","",MIN(J25,K25)*I25) | O25: =IF(F25="","",M25-N25) | P25: =IF(F25="","",IFERROR(INDEX(入力!$G$37:$G$78,MATCH(B25,入力!$A$37:$A$78,0)),"")) | Q25: =IF(F25="","",IF(COUNTIFS($B$6:B25,B25,$C$6:C25,C25,$E$6:E25,E25)=1,MAX($Q$5:Q24)+1,"")) | R25: =IF(G25="","",IF(COUNTIFS(入力!$B$86:$B$95,"<="&(G25+1),入力!$C$86:$C$95,">="&(G25+1))>0,SUMIFS(入力!$C$86:$C$95,入力!$B$86:$B$95,"<="&(G25+1),入力!$C$86:$C$95,">="&(G25+1))+1,G25+1)) | S25: =IF(R25="","",IF(COUNTIFS(入力!$B$86:$B$95,"<="&(R25),入力!$C$86:$C$95,">="&(R25))>0,SUMIFS(入力!$C$86:$C$95,入力!$B$86:$B$95,"<="&(R25),入力!$C$86:$C$95,">="&(R25))+1,R25)) | U25: =IF(OR(X24="",X24>入力!$J$4+3650),"",X24) | V25: =IF(U25="","",MIN(EOMONTH(U25,0),IF(AND(入力!$B$13<>"",入力!$B$13>U25),入力!$B$13-1,999999),IF(AND(入力!$B$14<>"",入力!$B$14>U25),入力!$B$14-1,999999),IF(AND(入力!$B$15<>"",入力!$B$15>U25),入力!$B$15-1,999999),IF(AND(入力!$B$16<>"",入力!$B$16>U25),入力!$B$16-1,999999),IF(AND(入力!$B$17<>"",入力!$B$17>U25),入力!$B$17-1,999999),IF(AND(入力!$B$18<>"",入力!$B$18>U25),入力!$B$18-1,999999),IF(AND(入力!$B$19<>"",入力!$B$19>U25),入力!$B$19-1,999999),IF(AND(入力!$B$20<>"",入力!$B$20>U25),入力!$B$20-1,999999),IFERROR(SMALL(入力!$B$86:$B$95,COUNTIF(入力!$B$86:$B$95,"<="&U25)+1)-1,999999))) | W25: =IF(V25="","",IF(COUNTIFS(入力!$B$86:$B$95,"<="&(V25+1),入力!$C$86:$C$95,">="&(V25+1))>0,SUMIFS(入力!$C$86:$C$95,入力!$B$86:$B$95,"<="&(V25+1),入力!$C$86:$C$95,">="&(V25+1))+1,V25+1)) | X25: =IF(W25="","",IF(COUNTIFS(入力!$B$86:$B$95,"<="&(W25),入力!$C$86:$C$95,">="&(W25))>0,SUMIFS(入力!$C$86:$C$95,入力!$B$86:$B$95,"<="&(W25),入力!$C$86:$C$95,">="&(W25))+1,W25)) | Y25: =IF(U25="","",IFERROR(VLOOKUP(DATE(YEAR(U25),MONTH(U25),1),カレンダーマスタ!$A$2:$B$301,2,0),NETWORKDAYS(DATE(YEAR(U25),MONTH(U25),1),EOMONTH(U25,0)))) | Z25: =IF(U25="","",IF(入力!$C$8<>"",入力!$C$8,IFERROR(INDEX(入力!$G$37:$G$78,MATCH(DATE(YEAR(U25),MONTH(U25),1),入力!$A$37:$A$78,0)),0))) | AA25: =IF(U25="","",ROUNDDOWN(INDEX(入力!$H$13:$H$20,MATCH(U25,入力!$B$13:$B$20,1))/Y25+INDEX(入力!$I$13:$I$20,MATCH(U25,入力!$B$13:$B$20,1))/22,0)) | AB25: =IF(U25="",0,IF(AND(Z25>AA25,NETWORKDAYS(U25,V25)>0),1,0))
A26: =IF(F26="","",21) | B26: =IF(F26="","",DATE(YEAR(F26),MONTH(F26),1)) | C26: =IF(F26="","",MONTH(F26)) | D26: =IF(F26="","",INDEX(入力!$A$13:$A$20,MATCH(F26,入力!$B$13:$B$20,1))) | E26: =IF(F26="","",IF(G26<=入力!$J$6,"法定","附加")) | F26: =IF(G25="","",IF(G25>=入力!$J$9,"",IF(S25>入力!$J$9,"",S25))) | G26: =IF(F26="","",MIN(EOMONTH(F26,0),入力!$J$9,IF(AND(入力!$B$13<>"",入力!$B$13>F26),入力!$B$13-1,999999),IF(AND(入力!$B$14<>"",入力!$B$14>F26),入力!$B$14-1,999999),IF(AND(入力!$B$15<>"",入力!$B$15>F26),入力!$B$15-1,999999),IF(AND(入力!$B$16<>"",入力!$B$16>F26),入力!$B$16-1,999999),IF(AND(入力!$B$17<>"",入力!$B$17>F26),入力!$B$17-1,999999),IF(AND(入力!$B$18<>"",入力!$B$18>F26),入力!$B$18-1,999999),IF(AND(入力!$B$19<>"",入力!$B$19>F26),入力!$B$19-1,999999),IF(AND(入力!$B$20<>"",入力!$B$20>F26),入力!$B$20-1,999999),IF(AND(入力!$J$7<>"",入力!$J$7>F26),入力!$J$7-1,999999),IFERROR(SMALL(入力!$B$86:$B$95,COUNTIF(入力!$B$86:$B$95,"<="&F26)+1)-1,999999))) | H26: =IF(F26="","",IFERROR(VLOOKUP(B26,カレンダーマスタ!$A$2:$B$301,2,0),NETWORKDAYS(B26,EOMONTH(F26,0)))) | I26: =IF(F26="","",NETWORKDAYS(F26,G26)) | J26: =IF(F26="","",IF(入力!$C$8<>"",入力!$C$8,IF(F26<入力!$J$5,IFERROR(INDEX(入力!$G$37:$G$78,MATCH(B26,入力!$A$37:$A$78,0)),入力!$J$10),入力!$J$10))) | K26: =IF(F26="","",ROUNDDOWN(INDEX(入力!$H$13:$H$20,MATCH(F26,入力!$B$13:$B$20,1))/H26+INDEX(入力!$I$13:$I$20,MATCH(F26,入力!$B$13:$B$20,1))/22,0)) | L26: =IF(F26="","",IF(J26>K26,"〇","×")) | M26: =IF(F26="","",J26*I26) | N26: =IF(F26="","",MIN(J26,K26)*I26) | O26: =IF(F26="","",M26-N26) | P26: =IF(F26="","",IFERROR(INDEX(入力!$G$37:$G$78,MATCH(B26,入力!$A$37:$A$78,0)),"")) | Q26: =IF(F26="","",IF(COUNTIFS($B$6:B26,B26,$C$6:C26,C26,$E$6:E26,E26)=1,MAX($Q$5:Q25)+1,"")) | R26: =IF(G26="","",IF(COUNTIFS(入力!$B$86:$B$95,"<="&(G26+1),入力!$C$86:$C$95,">="&(G26+1))>0,SUMIFS(入力!$C$86:$C$95,入力!$B$86:$B$95,"<="&(G26+1),入力!$C$86:$C$95,">="&(G26+1))+1,G26+1)) | S26: =IF(R26="","",IF(COUNTIFS(入力!$B$86:$B$95,"<="&(R26),入力!$C$86:$C$95,">="&(R26))>0,SUMIFS(入力!$C$86:$C$95,入力!$B$86:$B$95,"<="&(R26),入力!$C$86:$C$95,">="&(R26))+1,R26)) | U26: =IF(OR(X25="",X25>入力!$J$4+3650),"",X25) | V26: =IF(U26="","",MIN(EOMONTH(U26,0),IF(AND(入力!$B$13<>"",入力!$B$13>U26),入力!$B$13-1,999999),IF(AND(入力!$B$14<>"",入力!$B$14>U26),入力!$B$14-1,999999),IF(AND(入力!$B$15<>"",入力!$B$15>U26),入力!$B$15-1,999999),IF(AND(入力!$B$16<>"",入力!$B$16>U26),入力!$B$16-1,999999),IF(AND(入力!$B$17<>"",入力!$B$17>U26),入力!$B$17-1,999999),IF(AND(入力!$B$18<>"",入力!$B$18>U26),入力!$B$18-1,999999),IF(AND(入力!$B$19<>"",入力!$B$19>U26),入力!$B$19-1,999999),IF(AND(入力!$B$20<>"",入力!$B$20>U26),入力!$B$20-1,999999),IFERROR(SMALL(入力!$B$86:$B$95,COUNTIF(入力!$B$86:$B$95,"<="&U26)+1)-1,999999))) | W26: =IF(V26="","",IF(COUNTIFS(入力!$B$86:$B$95,"<="&(V26+1),入力!$C$86:$C$95,">="&(V26+1))>0,SUMIFS(入力!$C$86:$C$95,入力!$B$86:$B$95,"<="&(V26+1),入力!$C$86:$C$95,">="&(V26+1))+1,V26+1)) | X26: =IF(W26="","",IF(COUNTIFS(入力!$B$86:$B$95,"<="&(W26),入力!$C$86:$C$95,">="&(W26))>0,SUMIFS(入力!$C$86:$C$95,入力!$B$86:$B$95,"<="&(W26),入力!$C$86:$C$95,">="&(W26))+1,W26)) | Y26: =IF(U26="","",IFERROR(VLOOKUP(DATE(YEAR(U26),MONTH(U26),1),カレンダーマスタ!$A$2:$B$301,2,0),NETWORKDAYS(DATE(YEAR(U26),MONTH(U26),1),EOMONTH(U26,0)))) | Z26: =IF(U26="","",IF(入力!$C$8<>"",入力!$C$8,IFERROR(INDEX(入力!$G$37:$G$78,MATCH(DATE(YEAR(U26),MONTH(U26),1),入力!$A$37:$A$78,0)),0))) | AA26: =IF(U26="","",ROUNDDOWN(INDEX(入力!$H$13:$H$20,MATCH(U26,入力!$B$13:$B$20,1))/Y26+INDEX(入力!$I$13:$I$20,MATCH(U26,入力!$B$13:$B$20,1))/22,0)) | AB26: =IF(U26="",0,IF(AND(Z26>AA26,NETWORKDAYS(U26,V26)>0),1,0))
A27: =IF(F27="","",22) | B27: =IF(F27="","",DATE(YEAR(F27),MONTH(F27),1)) | C27: =IF(F27="","",MONTH(F27)) | D27: =IF(F27="","",INDEX(入力!$A$13:$A$20,MATCH(F27,入力!$B$13:$B$20,1))) | E27: =IF(F27="","",IF(G27<=入力!$J$6,"法定","附加")) | F27: =IF(G26="","",IF(G26>=入力!$J$9,"",IF(S26>入力!$J$9,"",S26))) | G27: =IF(F27="","",MIN(EOMONTH(F27,0),入力!$J$9,IF(AND(入力!$B$13<>"",入力!$B$13>F27),入力!$B$13-1,999999),IF(AND(入力!$B$14<>"",入力!$B$14>F27),入力!$B$14-1,999999),IF(AND(入力!$B$15<>"",入力!$B$15>F27),入力!$B$15-1,999999),IF(AND(入力!$B$16<>"",入力!$B$16>F27),入力!$B$16-1,999999),IF(AND(入力!$B$17<>"",入力!$B$17>F27),入力!$B$17-1,999999),IF(AND(入力!$B$18<>"",入力!$B$18>F27),入力!$B$18-1,999999),IF(AND(入力!$B$19<>"",入力!$B$19>F27),入力!$B$19-1,999999),IF(AND(入力!$B$20<>"",入力!$B$20>F27),入力!$B$20-1,999999),IF(AND(入力!$J$7<>"",入力!$J$7>F27),入力!$J$7-1,999999),IFERROR(SMALL(入力!$B$86:$B$95,COUNTIF(入力!$B$86:$B$95,"<="&F27)+1)-1,999999))) | H27: =IF(F27="","",IFERROR(VLOOKUP(B27,カレンダーマスタ!$A$2:$B$301,2,0),NETWORKDAYS(B27,EOMONTH(F27,0)))) | I27: =IF(F27="","",NETWORKDAYS(F27,G27)) | J27: =IF(F27="","",IF(入力!$C$8<>"",入力!$C$8,IF(F27<入力!$J$5,IFERROR(INDEX(入力!$G$37:$G$78,MATCH(B27,入力!$A$37:$A$78,0)),入力!$J$10),入力!$J$10))) | K27: =IF(F27="","",ROUNDDOWN(INDEX(入力!$H$13:$H$20,MATCH(F27,入力!$B$13:$B$20,1))/H27+INDEX(入力!$I$13:$I$20,MATCH(F27,入力!$B$13:$B$20,1))/22,0)) | L27: =IF(F27="","",IF(J27>K27,"〇","×")) | M27: =IF(F27="","",J27*I27) | N27: =IF(F27="","",MIN(J27,K27)*I27) | O27: =IF(F27="","",M27-N27) | P27: =IF(F27="","",IFERROR(INDEX(入力!$G$37:$G$78,MATCH(B27,入力!$A$37:$A$78,0)),"")) | Q27: =IF(F27="","",IF(COUNTIFS($B$6:B27,B27,$C$6:C27,C27,$E$6:E27,E27)=1,MAX($Q$5:Q26)+1,"")) | R27: =IF(G27="","",IF(COUNTIFS(入力!$B$86:$B$95,"<="&(G27+1),入力!$C$86:$C$95,">="&(G27+1))>0,SUMIFS(入力!$C$86:$C$95,入力!$B$86:$B$95,"<="&(G27+1),入力!$C$86:$C$95,">="&(G27+1))+1,G27+1)) | S27: =IF(R27="","",IF(COUNTIFS(入力!$B$86:$B$95,"<="&(R27),入力!$C$86:$C$95,">="&(R27))>0,SUMIFS(入力!$C$86:$C$95,入力!$B$86:$B$95,"<="&(R27),入力!$C$86:$C$95,">="&(R27))+1,R27)) | U27: =IF(OR(X26="",X26>入力!$J$4+3650),"",X26) | V27: =IF(U27="","",MIN(EOMONTH(U27,0),IF(AND(入力!$B$13<>"",入力!$B$13>U27),入力!$B$13-1,999999),IF(AND(入力!$B$14<>"",入力!$B$14>U27),入力!$B$14-1,999999),IF(AND(入力!$B$15<>"",入力!$B$15>U27),入力!$B$15-1,999999),IF(AND(入力!$B$16<>"",入力!$B$16>U27),入力!$B$16-1,999999),IF(AND(入力!$B$17<>"",入力!$B$17>U27),入力!$B$17-1,999999),IF(AND(入力!$B$18<>"",入力!$B$18>U27),入力!$B$18-1,999999),IF(AND(入力!$B$19<>"",入力!$B$19>U27),入力!$B$19-1,999999),IF(AND(入力!$B$20<>"",入力!$B$20>U27),入力!$B$20-1,999999),IFERROR(SMALL(入力!$B$86:$B$95,COUNTIF(入力!$B$86:$B$95,"<="&U27)+1)-1,999999))) | W27: =IF(V27="","",IF(COUNTIFS(入力!$B$86:$B$95,"<="&(V27+1),入力!$C$86:$C$95,">="&(V27+1))>0,SUMIFS(入力!$C$86:$C$95,入力!$B$86:$B$95,"<="&(V27+1),入力!$C$86:$C$95,">="&(V27+1))+1,V27+1)) | X27: =IF(W27="","",IF(COUNTIFS(入力!$B$86:$B$95,"<="&(W27),入力!$C$86:$C$95,">="&(W27))>0,SUMIFS(入力!$C$86:$C$95,入力!$B$86:$B$95,"<="&(W27),入力!$C$86:$C$95,">="&(W27))+1,W27)) | Y27: =IF(U27="","",IFERROR(VLOOKUP(DATE(YEAR(U27),MONTH(U27),1),カレンダーマスタ!$A$2:$B$301,2,0),NETWORKDAYS(DATE(YEAR(U27),MONTH(U27),1),EOMONTH(U27,0)))) | Z27: =IF(U27="","",IF(入力!$C$8<>"",入力!$C$8,IFERROR(INDEX(入力!$G$37:$G$78,MATCH(DATE(YEAR(U27),MONTH(U27),1),入力!$A$37:$A$78,0)),0))) | AA27: =IF(U27="","",ROUNDDOWN(INDEX(入力!$H$13:$H$20,MATCH(U27,入力!$B$13:$B$20,1))/Y27+INDEX(入力!$I$13:$I$20,MATCH(U27,入力!$B$13:$B$20,1))/22,0)) | AB27: =IF(U27="",0,IF(AND(Z27>AA27,NETWORKDAYS(U27,V27)>0),1,0))
A28: =IF(F28="","",23) | B28: =IF(F28="","",DATE(YEAR(F28),MONTH(F28),1)) | C28: =IF(F28="","",MONTH(F28)) | D28: =IF(F28="","",INDEX(入力!$A$13:$A$20,MATCH(F28,入力!$B$13:$B$20,1))) | E28: =IF(F28="","",IF(G28<=入力!$J$6,"法定","附加")) | F28: =IF(G27="","",IF(G27>=入力!$J$9,"",IF(S27>入力!$J$9,"",S27))) | G28: =IF(F28="","",MIN(EOMONTH(F28,0),入力!$J$9,IF(AND(入力!$B$13<>"",入力!$B$13>F28),入力!$B$13-1,999999),IF(AND(入力!$B$14<>"",入力!$B$14>F28),入力!$B$14-1,999999),IF(AND(入力!$B$15<>"",入力!$B$15>F28),入力!$B$15-1,999999),IF(AND(入力!$B$16<>"",入力!$B$16>F28),入力!$B$16-1,999999),IF(AND(入力!$B$17<>"",入力!$B$17>F28),入力!$B$17-1,999999),IF(AND(入力!$B$18<>"",入力!$B$18>F28),入力!$B$18-1,999999),IF(AND(入力!$B$19<>"",入力!$B$19>F28),入力!$B$19-1,999999),IF(AND(入力!$B$20<>"",入力!$B$20>F28),入力!$B$20-1,999999),IF(AND(入力!$J$7<>"",入力!$J$7>F28),入力!$J$7-1,999999),IFERROR(SMALL(入力!$B$86:$B$95,COUNTIF(入力!$B$86:$B$95,"<="&F28)+1)-1,999999))) | H28: =IF(F28="","",IFERROR(VLOOKUP(B28,カレンダーマスタ!$A$2:$B$301,2,0),NETWORKDAYS(B28,EOMONTH(F28,0)))) | I28: =IF(F28="","",NETWORKDAYS(F28,G28)) | J28: =IF(F28="","",IF(入力!$C$8<>"",入力!$C$8,IF(F28<入力!$J$5,IFERROR(INDEX(入力!$G$37:$G$78,MATCH(B28,入力!$A$37:$A$78,0)),入力!$J$10),入力!$J$10))) | K28: =IF(F28="","",ROUNDDOWN(INDEX(入力!$H$13:$H$20,MATCH(F28,入力!$B$13:$B$20,1))/H28+INDEX(入力!$I$13:$I$20,MATCH(F28,入力!$B$13:$B$20,1))/22,0)) | L28: =IF(F28="","",IF(J28>K28,"〇","×")) | M28: =IF(F28="","",J28*I28) | N28: =IF(F28="","",MIN(J28,K28)*I28) | O28: =IF(F28="","",M28-N28) | P28: =IF(F28="","",IFERROR(INDEX(入力!$G$37:$G$78,MATCH(B28,入力!$A$37:$A$78,0)),"")) | Q28: =IF(F28="","",IF(COUNTIFS($B$6:B28,B28,$C$6:C28,C28,$E$6:E28,E28)=1,MAX($Q$5:Q27)+1,"")) | R28: =IF(G28="","",IF(COUNTIFS(入力!$B$86:$B$95,"<="&(G28+1),入力!$C$86:$C$95,">="&(G28+1))>0,SUMIFS(入力!$C$86:$C$95,入力!$B$86:$B$95,"<="&(G28+1),入力!$C$86:$C$95,">="&(G28+1))+1,G28+1)) | S28: =IF(R28="","",IF(COUNTIFS(入力!$B$86:$B$95,"<="&(R28),入力!$C$86:$C$95,">="&(R28))>0,SUMIFS(入力!$C$86:$C$95,入力!$B$86:$B$95,"<="&(R28),入力!$C$86:$C$95,">="&(R28))+1,R28)) | U28: =IF(OR(X27="",X27>入力!$J$4+3650),"",X27) | V28: =IF(U28="","",MIN(EOMONTH(U28,0),IF(AND(入力!$B$13<>"",入力!$B$13>U28),入力!$B$13-1,999999),IF(AND(入力!$B$14<>"",入力!$B$14>U28),入力!$B$14-1,999999),IF(AND(入力!$B$15<>"",入力!$B$15>U28),入力!$B$15-1,999999),IF(AND(入力!$B$16<>"",入力!$B$16>U28),入力!$B$16-1,999999),IF(AND(入力!$B$17<>"",入力!$B$17>U28),入力!$B$17-1,999999),IF(AND(入力!$B$18<>"",入力!$B$18>U28),入力!$B$18-1,999999),IF(AND(入力!$B$19<>"",入力!$B$19>U28),入力!$B$19-1,999999),IF(AND(入力!$B$20<>"",入力!$B$20>U28),入力!$B$20-1,999999),IFERROR(SMALL(入力!$B$86:$B$95,COUNTIF(入力!$B$86:$B$95,"<="&U28)+1)-1,999999))) | W28: =IF(V28="","",IF(COUNTIFS(入力!$B$86:$B$95,"<="&(V28+1),入力!$C$86:$C$95,">="&(V28+1))>0,SUMIFS(入力!$C$86:$C$95,入力!$B$86:$B$95,"<="&(V28+1),入力!$C$86:$C$95,">="&(V28+1))+1,V28+1)) | X28: =IF(W28="","",IF(COUNTIFS(入力!$B$86:$B$95,"<="&(W28),入力!$C$86:$C$95,">="&(W28))>0,SUMIFS(入力!$C$86:$C$95,入力!$B$86:$B$95,"<="&(W28),入力!$C$86:$C$95,">="&(W28))+1,W28)) | Y28: =IF(U28="","",IFERROR(VLOOKUP(DATE(YEAR(U28),MONTH(U28),1),カレンダーマスタ!$A$2:$B$301,2,0),NETWORKDAYS(DATE(YEAR(U28),MONTH(U28),1),EOMONTH(U28,0)))) | Z28: =IF(U28="","",IF(入力!$C$8<>"",入力!$C$8,IFERROR(INDEX(入力!$G$37:$G$78,MATCH(DATE(YEAR(U28),MONTH(U28),1),入力!$A$37:$A$78,0)),0))) | AA28: =IF(U28="","",ROUNDDOWN(INDEX(入力!$H$13:$H$20,MATCH(U28,入力!$B$13:$B$20,1))/Y28+INDEX(入力!$I$13:$I$20,MATCH(U28,入力!$B$13:$B$20,1))/22,0)) | AB28: =IF(U28="",0,IF(AND(Z28>AA28,NETWORKDAYS(U28,V28)>0),1,0))
A29: =IF(F29="","",24) | B29: =IF(F29="","",DATE(YEAR(F29),MONTH(F29),1)) | C29: =IF(F29="","",MONTH(F29)) | D29: =IF(F29="","",INDEX(入力!$A$13:$A$20,MATCH(F29,入力!$B$13:$B$20,1))) | E29: =IF(F29="","",IF(G29<=入力!$J$6,"法定","附加")) | F29: =IF(G28="","",IF(G28>=入力!$J$9,"",IF(S28>入力!$J$9,"",S28))) | G29: =IF(F29="","",MIN(EOMONTH(F29,0),入力!$J$9,IF(AND(入力!$B$13<>"",入力!$B$13>F29),入力!$B$13-1,999999),IF(AND(入力!$B$14<>"",入力!$B$14>F29),入力!$B$14-1,999999),IF(AND(入力!$B$15<>"",入力!$B$15>F29),入力!$B$15-1,999999),IF(AND(入力!$B$16<>"",入力!$B$16>F29),入力!$B$16-1,999999),IF(AND(入力!$B$17<>"",入力!$B$17>F29),入力!$B$17-1,999999),IF(AND(入力!$B$18<>"",入力!$B$18>F29),入力!$B$18-1,999999),IF(AND(入力!$B$19<>"",入力!$B$19>F29),入力!$B$19-1,999999),IF(AND(入力!$B$20<>"",入力!$B$20>F29),入力!$B$20-1,999999),IF(AND(入力!$J$7<>"",入力!$J$7>F29),入力!$J$7-1,999999),IFERROR(SMALL(入力!$B$86:$B$95,COUNTIF(入力!$B$86:$B$95,"<="&F29)+1)-1,999999))) | H29: =IF(F29="","",IFERROR(VLOOKUP(B29,カレンダーマスタ!$A$2:$B$301,2,0),NETWORKDAYS(B29,EOMONTH(F29,0)))) | I29: =IF(F29="","",NETWORKDAYS(F29,G29)) | J29: =IF(F29="","",IF(入力!$C$8<>"",入力!$C$8,IF(F29<入力!$J$5,IFERROR(INDEX(入力!$G$37:$G$78,MATCH(B29,入力!$A$37:$A$78,0)),入力!$J$10),入力!$J$10))) | K29: =IF(F29="","",ROUNDDOWN(INDEX(入力!$H$13:$H$20,MATCH(F29,入力!$B$13:$B$20,1))/H29+INDEX(入力!$I$13:$I$20,MATCH(F29,入力!$B$13:$B$20,1))/22,0)) | L29: =IF(F29="","",IF(J29>K29,"〇","×")) | M29: =IF(F29="","",J29*I29) | N29: =IF(F29="","",MIN(J29,K29)*I29) | O29: =IF(F29="","",M29-N29) | P29: =IF(F29="","",IFERROR(INDEX(入力!$G$37:$G$78,MATCH(B29,入力!$A$37:$A$78,0)),"")) | Q29: =IF(F29="","",IF(COUNTIFS($B$6:B29,B29,$C$6:C29,C29,$E$6:E29,E29)=1,MAX($Q$5:Q28)+1,"")) | R29: =IF(G29="","",IF(COUNTIFS(入力!$B$86:$B$95,"<="&(G29+1),入力!$C$86:$C$95,">="&(G29+1))>0,SUMIFS(入力!$C$86:$C$95,入力!$B$86:$B$95,"<="&(G29+1),入力!$C$86:$C$95,">="&(G29+1))+1,G29+1)) | S29: =IF(R29="","",IF(COUNTIFS(入力!$B$86:$B$95,"<="&(R29),入力!$C$86:$C$95,">="&(R29))>0,SUMIFS(入力!$C$86:$C$95,入力!$B$86:$B$95,"<="&(R29),入力!$C$86:$C$95,">="&(R29))+1,R29)) | U29: =IF(OR(X28="",X28>入力!$J$4+3650),"",X28) | V29: =IF(U29="","",MIN(EOMONTH(U29,0),IF(AND(入力!$B$13<>"",入力!$B$13>U29),入力!$B$13-1,999999),IF(AND(入力!$B$14<>"",入力!$B$14>U29),入力!$B$14-1,999999),IF(AND(入力!$B$15<>"",入力!$B$15>U29),入力!$B$15-1,999999),IF(AND(入力!$B$16<>"",入力!$B$16>U29),入力!$B$16-1,999999),IF(AND(入力!$B$17<>"",入力!$B$17>U29),入力!$B$17-1,999999),IF(AND(入力!$B$18<>"",入力!$B$18>U29),入力!$B$18-1,999999),IF(AND(入力!$B$19<>"",入力!$B$19>U29),入力!$B$19-1,999999),IF(AND(入力!$B$20<>"",入力!$B$20>U29),入力!$B$20-1,999999),IFERROR(SMALL(入力!$B$86:$B$95,COUNTIF(入力!$B$86:$B$95,"<="&U29)+1)-1,999999))) | W29: =IF(V29="","",IF(COUNTIFS(入力!$B$86:$B$95,"<="&(V29+1),入力!$C$86:$C$95,">="&(V29+1))>0,SUMIFS(入力!$C$86:$C$95,入力!$B$86:$B$95,"<="&(V29+1),入力!$C$86:$C$95,">="&(V29+1))+1,V29+1)) | X29: =IF(W29="","",IF(COUNTIFS(入力!$B$86:$B$95,"<="&(W29),入力!$C$86:$C$95,">="&(W29))>0,SUMIFS(入力!$C$86:$C$95,入力!$B$86:$B$95,"<="&(W29),入力!$C$86:$C$95,">="&(W29))+1,W29)) | Y29: =IF(U29="","",IFERROR(VLOOKUP(DATE(YEAR(U29),MONTH(U29),1),カレンダーマスタ!$A$2:$B$301,2,0),NETWORKDAYS(DATE(YEAR(U29),MONTH(U29),1),EOMONTH(U29,0)))) | Z29: =IF(U29="","",IF(入力!$C$8<>"",入力!$C$8,IFERROR(INDEX(入力!$G$37:$G$78,MATCH(DATE(YEAR(U29),MONTH(U29),1),入力!$A$37:$A$78,0)),0))) | AA29: =IF(U29="","",ROUNDDOWN(INDEX(入力!$H$13:$H$20,MATCH(U29,入力!$B$13:$B$20,1))/Y29+INDEX(入力!$I$13:$I$20,MATCH(U29,入力!$B$13:$B$20,1))/22,0)) | AB29: =IF(U29="",0,IF(AND(Z29>AA29,NETWORKDAYS(U29,V29)>0),1,0))
A30: =IF(F30="","",25) | B30: =IF(F30="","",DATE(YEAR(F30),MONTH(F30),1)) | C30: =IF(F30="","",MONTH(F30)) | D30: =IF(F30="","",INDEX(入力!$A$13:$A$20,MATCH(F30,入力!$B$13:$B$20,1))) | E30: =IF(F30="","",IF(G30<=入力!$J$6,"法定","附加")) | F30: =IF(G29="","",IF(G29>=入力!$J$9,"",IF(S29>入力!$J$9,"",S29))) | G30: =IF(F30="","",MIN(EOMONTH(F30,0),入力!$J$9,IF(AND(入力!$B$13<>"",入力!$B$13>F30),入力!$B$13-1,999999),IF(AND(入力!$B$14<>"",入力!$B$14>F30),入力!$B$14-1,999999),IF(AND(入力!$B$15<>"",入力!$B$15>F30),入力!$B$15-1,999999),IF(AND(入力!$B$16<>"",入力!$B$16>F30),入力!$B$16-1,999999),IF(AND(入力!$B$17<>"",入力!$B$17>F30),入力!$B$17-1,999999),IF(AND(入力!$B$18<>"",入力!$B$18>F30),入力!$B$18-1,999999),IF(AND(入力!$B$19<>"",入力!$B$19>F30),入力!$B$19-1,999999),IF(AND(入力!$B$20<>"",入力!$B$20>F30),入力!$B$20-1,999999),IF(AND(入力!$J$7<>"",入力!$J$7>F30),入力!$J$7-1,999999),IFERROR(SMALL(入力!$B$86:$B$95,COUNTIF(入力!$B$86:$B$95,"<="&F30)+1)-1,999999))) | H30: =IF(F30="","",IFERROR(VLOOKUP(B30,カレンダーマスタ!$A$2:$B$301,2,0),NETWORKDAYS(B30,EOMONTH(F30,0)))) | I30: =IF(F30="","",NETWORKDAYS(F30,G30)) | J30: =IF(F30="","",IF(入力!$C$8<>"",入力!$C$8,IF(F30<入力!$J$5,IFERROR(INDEX(入力!$G$37:$G$78,MATCH(B30,入力!$A$37:$A$78,0)),入力!$J$10),入力!$J$10))) | K30: =IF(F30="","",ROUNDDOWN(INDEX(入力!$H$13:$H$20,MATCH(F30,入力!$B$13:$B$20,1))/H30+INDEX(入力!$I$13:$I$20,MATCH(F30,入力!$B$13:$B$20,1))/22,0)) | L30: =IF(F30="","",IF(J30>K30,"〇","×")) | M30: =IF(F30="","",J30*I30) | N30: =IF(F30="","",MIN(J30,K30)*I30) | O30: =IF(F30="","",M30-N30) | P30: =IF(F30="","",IFERROR(INDEX(入力!$G$37:$G$78,MATCH(B30,入力!$A$37:$A$78,0)),"")) | Q30: =IF(F30="","",IF(COUNTIFS($B$6:B30,B30,$C$6:C30,C30,$E$6:E30,E30)=1,MAX($Q$5:Q29)+1,"")) | R30: =IF(G30="","",IF(COUNTIFS(入力!$B$86:$B$95,"<="&(G30+1),入力!$C$86:$C$95,">="&(G30+1))>0,SUMIFS(入力!$C$86:$C$95,入力!$B$86:$B$95,"<="&(G30+1),入力!$C$86:$C$95,">="&(G30+1))+1,G30+1)) | S30: =IF(R30="","",IF(COUNTIFS(入力!$B$86:$B$95,"<="&(R30),入力!$C$86:$C$95,">="&(R30))>0,SUMIFS(入力!$C$86:$C$95,入力!$B$86:$B$95,"<="&(R30),入力!$C$86:$C$95,">="&(R30))+1,R30)) | U30: =IF(OR(X29="",X29>入力!$J$4+3650),"",X29) | V30: =IF(U30="","",MIN(EOMONTH(U30,0),IF(AND(入力!$B$13<>"",入力!$B$13>U30),入力!$B$13-1,999999),IF(AND(入力!$B$14<>"",入力!$B$14>U30),入力!$B$14-1,999999),IF(AND(入力!$B$15<>"",入力!$B$15>U30),入力!$B$15-1,999999),IF(AND(入力!$B$16<>"",入力!$B$16>U30),入力!$B$16-1,999999),IF(AND(入力!$B$17<>"",入力!$B$17>U30),入力!$B$17-1,999999),IF(AND(入力!$B$18<>"",入力!$B$18>U30),入力!$B$18-1,999999),IF(AND(入力!$B$19<>"",入力!$B$19>U30),入力!$B$19-1,999999),IF(AND(入力!$B$20<>"",入力!$B$20>U30),入力!$B$20-1,999999),IFERROR(SMALL(入力!$B$86:$B$95,COUNTIF(入力!$B$86:$B$95,"<="&U30)+1)-1,999999))) | W30: =IF(V30="","",IF(COUNTIFS(入力!$B$86:$B$95,"<="&(V30+1),入力!$C$86:$C$95,">="&(V30+1))>0,SUMIFS(入力!$C$86:$C$95,入力!$B$86:$B$95,"<="&(V30+1),入力!$C$86:$C$95,">="&(V30+1))+1,V30+1)) | X30: =IF(W30="","",IF(COUNTIFS(入力!$B$86:$B$95,"<="&(W30),入力!$C$86:$C$95,">="&(W30))>0,SUMIFS(入力!$C$86:$C$95,入力!$B$86:$B$95,"<="&(W30),入力!$C$86:$C$95,">="&(W30))+1,W30)) | Y30: =IF(U30="","",IFERROR(VLOOKUP(DATE(YEAR(U30),MONTH(U30),1),カレンダーマスタ!$A$2:$B$301,2,0),NETWORKDAYS(DATE(YEAR(U30),MONTH(U30),1),EOMONTH(U30,0)))) | Z30: =IF(U30="","",IF(入力!$C$8<>"",入力!$C$8,IFERROR(INDEX(入力!$G$37:$G$78,MATCH(DATE(YEAR(U30),MONTH(U30),1),入力!$A$37:$A$78,0)),0))) | AA30: =IF(U30="","",ROUNDDOWN(INDEX(入力!$H$13:$H$20,MATCH(U30,入力!$B$13:$B$20,1))/Y30+INDEX(入力!$I$13:$I$20,MATCH(U30,入力!$B$13:$B$20,1))/22,0)) | AB30: =IF(U30="",0,IF(AND(Z30>AA30,NETWORKDAYS(U30,V30)>0),1,0))
A31: =IF(F31="","",26) | B31: =IF(F31="","",DATE(YEAR(F31),MONTH(F31),1)) | C31: =IF(F31="","",MONTH(F31)) | D31: =IF(F31="","",INDEX(入力!$A$13:$A$20,MATCH(F31,入力!$B$13:$B$20,1))) | E31: =IF(F31="","",IF(G31<=入力!$J$6,"法定","附加")) | F31: =IF(G30="","",IF(G30>=入力!$J$9,"",IF(S30>入力!$J$9,"",S30))) | G31: =IF(F31="","",MIN(EOMONTH(F31,0),入力!$J$9,IF(AND(入力!$B$13<>"",入力!$B$13>F31),入力!$B$13-1,999999),IF(AND(入力!$B$14<>"",入力!$B$14>F31),入力!$B$14-1,999999),IF(AND(入力!$B$15<>"",入力!$B$15>F31),入力!$B$15-1,999999),IF(AND(入力!$B$16<>"",入力!$B$16>F31),入力!$B$16-1,999999),IF(AND(入力!$B$17<>"",入力!$B$17>F31),入力!$B$17-1,999999),IF(AND(入力!$B$18<>"",入力!$B$18>F31),入力!$B$18-1,999999),IF(AND(入力!$B$19<>"",入力!$B$19>F31),入力!$B$19-1,999999),IF(AND(入力!$B$20<>"",入力!$B$20>F31),入力!$B$20-1,999999),IF(AND(入力!$J$7<>"",入力!$J$7>F31),入力!$J$7-1,999999),IFERROR(SMALL(入力!$B$86:$B$95,COUNTIF(入力!$B$86:$B$95,"<="&F31)+1)-1,999999))) | H31: =IF(F31="","",IFERROR(VLOOKUP(B31,カレンダーマスタ!$A$2:$B$301,2,0),NETWORKDAYS(B31,EOMONTH(F31,0)))) | I31: =IF(F31="","",NETWORKDAYS(F31,G31)) | J31: =IF(F31="","",IF(入力!$C$8<>"",入力!$C$8,IF(F31<入力!$J$5,IFERROR(INDEX(入力!$G$37:$G$78,MATCH(B31,入力!$A$37:$A$78,0)),入力!$J$10),入力!$J$10))) | K31: =IF(F31="","",ROUNDDOWN(INDEX(入力!$H$13:$H$20,MATCH(F31,入力!$B$13:$B$20,1))/H31+INDEX(入力!$I$13:$I$20,MATCH(F31,入力!$B$13:$B$20,1))/22,0)) | L31: =IF(F31="","",IF(J31>K31,"〇","×")) | M31: =IF(F31="","",J31*I31) | N31: =IF(F31="","",MIN(J31,K31)*I31) | O31: =IF(F31="","",M31-N31) | P31: =IF(F31="","",IFERROR(INDEX(入力!$G$37:$G$78,MATCH(B31,入力!$A$37:$A$78,0)),"")) | Q31: =IF(F31="","",IF(COUNTIFS($B$6:B31,B31,$C$6:C31,C31,$E$6:E31,E31)=1,MAX($Q$5:Q30)+1,"")) | R31: =IF(G31="","",IF(COUNTIFS(入力!$B$86:$B$95,"<="&(G31+1),入力!$C$86:$C$95,">="&(G31+1))>0,SUMIFS(入力!$C$86:$C$95,入力!$B$86:$B$95,"<="&(G31+1),入力!$C$86:$C$95,">="&(G31+1))+1,G31+1)) | S31: =IF(R31="","",IF(COUNTIFS(入力!$B$86:$B$95,"<="&(R31),入力!$C$86:$C$95,">="&(R31))>0,SUMIFS(入力!$C$86:$C$95,入力!$B$86:$B$95,"<="&(R31),入力!$C$86:$C$95,">="&(R31))+1,R31)) | U31: =IF(OR(X30="",X30>入力!$J$4+3650),"",X30) | V31: =IF(U31="","",MIN(EOMONTH(U31,0),IF(AND(入力!$B$13<>"",入力!$B$13>U31),入力!$B$13-1,999999),IF(AND(入力!$B$14<>"",入力!$B$14>U31),入力!$B$14-1,999999),IF(AND(入力!$B$15<>"",入力!$B$15>U31),入力!$B$15-1,999999),IF(AND(入力!$B$16<>"",入力!$B$16>U31),入力!$B$16-1,999999),IF(AND(入力!$B$17<>"",入力!$B$17>U31),入力!$B$17-1,999999),IF(AND(入力!$B$18<>"",入力!$B$18>U31),入力!$B$18-1,999999),IF(AND(入力!$B$19<>"",入力!$B$19>U31),入力!$B$19-1,999999),IF(AND(入力!$B$20<>"",入力!$B$20>U31),入力!$B$20-1,999999),IFERROR(SMALL(入力!$B$86:$B$95,COUNTIF(入力!$B$86:$B$95,"<="&U31)+1)-1,999999))) | W31: =IF(V31="","",IF(COUNTIFS(入力!$B$86:$B$95,"<="&(V31+1),入力!$C$86:$C$95,">="&(V31+1))>0,SUMIFS(入力!$C$86:$C$95,入力!$B$86:$B$95,"<="&(V31+1),入力!$C$86:$C$95,">="&(V31+1))+1,V31+1)) | X31: =IF(W31="","",IF(COUNTIFS(入力!$B$86:$B$95,"<="&(W31),入力!$C$86:$C$95,">="&(W31))>0,SUMIFS(入力!$C$86:$C$95,入力!$B$86:$B$95,"<="&(W31),入力!$C$86:$C$95,">="&(W31))+1,W31)) | Y31: =IF(U31="","",IFERROR(VLOOKUP(DATE(YEAR(U31),MONTH(U31),1),カレンダーマスタ!$A$2:$B$301,2,0),NETWORKDAYS(DATE(YEAR(U31),MONTH(U31),1),EOMONTH(U31,0)))) | Z31: =IF(U31="","",IF(入力!$C$8<>"",入力!$C$8,IFERROR(INDEX(入力!$G$37:$G$78,MATCH(DATE(YEAR(U31),MONTH(U31),1),入力!$A$37:$A$78,0)),0))) | AA31: =IF(U31="","",ROUNDDOWN(INDEX(入力!$H$13:$H$20,MATCH(U31,入力!$B$13:$B$20,1))/Y31+INDEX(入力!$I$13:$I$20,MATCH(U31,入力!$B$13:$B$20,1))/22,0)) | AB31: =IF(U31="",0,IF(AND(Z31>AA31,NETWORKDAYS(U31,V31)>0),1,0))
A32: =IF(F32="","",27) | B32: =IF(F32="","",DATE(YEAR(F32),MONTH(F32),1)) | C32: =IF(F32="","",MONTH(F32)) | D32: =IF(F32="","",INDEX(入力!$A$13:$A$20,MATCH(F32,入力!$B$13:$B$20,1))) | E32: =IF(F32="","",IF(G32<=入力!$J$6,"法定","附加")) | F32: =IF(G31="","",IF(G31>=入力!$J$9,"",IF(S31>入力!$J$9,"",S31))) | G32: =IF(F32="","",MIN(EOMONTH(F32,0),入力!$J$9,IF(AND(入力!$B$13<>"",入力!$B$13>F32),入力!$B$13-1,999999),IF(AND(入力!$B$14<>"",入力!$B$14>F32),入力!$B$14-1,999999),IF(AND(入力!$B$15<>"",入力!$B$15>F32),入力!$B$15-1,999999),IF(AND(入力!$B$16<>"",入力!$B$16>F32),入力!$B$16-1,999999),IF(AND(入力!$B$17<>"",入力!$B$17>F32),入力!$B$17-1,999999),IF(AND(入力!$B$18<>"",入力!$B$18>F32),入力!$B$18-1,999999),IF(AND(入力!$B$19<>"",入力!$B$19>F32),入力!$B$19-1,999999),IF(AND(入力!$B$20<>"",入力!$B$20>F32),入力!$B$20-1,999999),IF(AND(入力!$J$7<>"",入力!$J$7>F32),入力!$J$7-1,999999),IFERROR(SMALL(入力!$B$86:$B$95,COUNTIF(入力!$B$86:$B$95,"<="&F32)+1)-1,999999))) | H32: =IF(F32="","",IFERROR(VLOOKUP(B32,カレンダーマスタ!$A$2:$B$301,2,0),NETWORKDAYS(B32,EOMONTH(F32,0)))) | I32: =IF(F32="","",NETWORKDAYS(F32,G32)) | J32: =IF(F32="","",IF(入力!$C$8<>"",入力!$C$8,IF(F32<入力!$J$5,IFERROR(INDEX(入力!$G$37:$G$78,MATCH(B32,入力!$A$37:$A$78,0)),入力!$J$10),入力!$J$10))) | K32: =IF(F32="","",ROUNDDOWN(INDEX(入力!$H$13:$H$20,MATCH(F32,入力!$B$13:$B$20,1))/H32+INDEX(入力!$I$13:$I$20,MATCH(F32,入力!$B$13:$B$20,1))/22,0)) | L32: =IF(F32="","",IF(J32>K32,"〇","×")) | M32: =IF(F32="","",J32*I32) | N32: =IF(F32="","",MIN(J32,K32)*I32) | O32: =IF(F32="","",M32-N32) | P32: =IF(F32="","",IFERROR(INDEX(入力!$G$37:$G$78,MATCH(B32,入力!$A$37:$A$78,0)),"")) | Q32: =IF(F32="","",IF(COUNTIFS($B$6:B32,B32,$C$6:C32,C32,$E$6:E32,E32)=1,MAX($Q$5:Q31)+1,"")) | R32: =IF(G32="","",IF(COUNTIFS(入力!$B$86:$B$95,"<="&(G32+1),入力!$C$86:$C$95,">="&(G32+1))>0,SUMIFS(入力!$C$86:$C$95,入力!$B$86:$B$95,"<="&(G32+1),入力!$C$86:$C$95,">="&(G32+1))+1,G32+1)) | S32: =IF(R32="","",IF(COUNTIFS(入力!$B$86:$B$95,"<="&(R32),入力!$C$86:$C$95,">="&(R32))>0,SUMIFS(入力!$C$86:$C$95,入力!$B$86:$B$95,"<="&(R32),入力!$C$86:$C$95,">="&(R32))+1,R32)) | U32: =IF(OR(X31="",X31>入力!$J$4+3650),"",X31) | V32: =IF(U32="","",MIN(EOMONTH(U32,0),IF(AND(入力!$B$13<>"",入力!$B$13>U32),入力!$B$13-1,999999),IF(AND(入力!$B$14<>"",入力!$B$14>U32),入力!$B$14-1,999999),IF(AND(入力!$B$15<>"",入力!$B$15>U32),入力!$B$15-1,999999),IF(AND(入力!$B$16<>"",入力!$B$16>U32),入力!$B$16-1,999999),IF(AND(入力!$B$17<>"",入力!$B$17>U32),入力!$B$17-1,999999),IF(AND(入力!$B$18<>"",入力!$B$18>U32),入力!$B$18-1,999999),IF(AND(入力!$B$19<>"",入力!$B$19>U32),入力!$B$19-1,999999),IF(AND(入力!$B$20<>"",入力!$B$20>U32),入力!$B$20-1,999999),IFERROR(SMALL(入力!$B$86:$B$95,COUNTIF(入力!$B$86:$B$95,"<="&U32)+1)-1,999999))) | W32: =IF(V32="","",IF(COUNTIFS(入力!$B$86:$B$95,"<="&(V32+1),入力!$C$86:$C$95,">="&(V32+1))>0,SUMIFS(入力!$C$86:$C$95,入力!$B$86:$B$95,"<="&(V32+1),入力!$C$86:$C$95,">="&(V32+1))+1,V32+1)) | X32: =IF(W32="","",IF(COUNTIFS(入力!$B$86:$B$95,"<="&(W32),入力!$C$86:$C$95,">="&(W32))>0,SUMIFS(入力!$C$86:$C$95,入力!$B$86:$B$95,"<="&(W32),入力!$C$86:$C$95,">="&(W32))+1,W32)) | Y32: =IF(U32="","",IFERROR(VLOOKUP(DATE(YEAR(U32),MONTH(U32),1),カレンダーマスタ!$A$2:$B$301,2,0),NETWORKDAYS(DATE(YEAR(U32),MONTH(U32),1),EOMONTH(U32,0)))) | Z32: =IF(U32="","",IF(入力!$C$8<>"",入力!$C$8,IFERROR(INDEX(入力!$G$37:$G$78,MATCH(DATE(YEAR(U32),MONTH(U32),1),入力!$A$37:$A$78,0)),0))) | AA32: =IF(U32="","",ROUNDDOWN(INDEX(入力!$H$13:$H$20,MATCH(U32,入力!$B$13:$B$20,1))/Y32+INDEX(入力!$I$13:$I$20,MATCH(U32,入力!$B$13:$B$20,1))/22,0)) | AB32: =IF(U32="",0,IF(AND(Z32>AA32,NETWORKDAYS(U32,V32)>0),1,0))
A33: =IF(F33="","",28) | B33: =IF(F33="","",DATE(YEAR(F33),MONTH(F33),1)) | C33: =IF(F33="","",MONTH(F33)) | D33: =IF(F33="","",INDEX(入力!$A$13:$A$20,MATCH(F33,入力!$B$13:$B$20,1))) | E33: =IF(F33="","",IF(G33<=入力!$J$6,"法定","附加")) | F33: =IF(G32="","",IF(G32>=入力!$J$9,"",IF(S32>入力!$J$9,"",S32))) | G33: =IF(F33="","",MIN(EOMONTH(F33,0),入力!$J$9,IF(AND(入力!$B$13<>"",入力!$B$13>F33),入力!$B$13-1,999999),IF(AND(入力!$B$14<>"",入力!$B$14>F33),入力!$B$14-1,999999),IF(AND(入力!$B$15<>"",入力!$B$15>F33),入力!$B$15-1,999999),IF(AND(入力!$B$16<>"",入力!$B$16>F33),入力!$B$16-1,999999),IF(AND(入力!$B$17<>"",入力!$B$17>F33),入力!$B$17-1,999999),IF(AND(入力!$B$18<>"",入力!$B$18>F33),入力!$B$18-1,999999),IF(AND(入力!$B$19<>"",入力!$B$19>F33),入力!$B$19-1,999999),IF(AND(入力!$B$20<>"",入力!$B$20>F33),入力!$B$20-1,999999),IF(AND(入力!$J$7<>"",入力!$J$7>F33),入力!$J$7-1,999999),IFERROR(SMALL(入力!$B$86:$B$95,COUNTIF(入力!$B$86:$B$95,"<="&F33)+1)-1,999999))) | H33: =IF(F33="","",IFERROR(VLOOKUP(B33,カレンダーマスタ!$A$2:$B$301,2,0),NETWORKDAYS(B33,EOMONTH(F33,0)))) | I33: =IF(F33="","",NETWORKDAYS(F33,G33)) | J33: =IF(F33="","",IF(入力!$C$8<>"",入力!$C$8,IF(F33<入力!$J$5,IFERROR(INDEX(入力!$G$37:$G$78,MATCH(B33,入力!$A$37:$A$78,0)),入力!$J$10),入力!$J$10))) | K33: =IF(F33="","",ROUNDDOWN(INDEX(入力!$H$13:$H$20,MATCH(F33,入力!$B$13:$B$20,1))/H33+INDEX(入力!$I$13:$I$20,MATCH(F33,入力!$B$13:$B$20,1))/22,0)) | L33: =IF(F33="","",IF(J33>K33,"〇","×")) | M33: =IF(F33="","",J33*I33) | N33: =IF(F33="","",MIN(J33,K33)*I33) | O33: =IF(F33="","",M33-N33) | P33: =IF(F33="","",IFERROR(INDEX(入力!$G$37:$G$78,MATCH(B33,入力!$A$37:$A$78,0)),"")) | Q33: =IF(F33="","",IF(COUNTIFS($B$6:B33,B33,$C$6:C33,C33,$E$6:E33,E33)=1,MAX($Q$5:Q32)+1,"")) | R33: =IF(G33="","",IF(COUNTIFS(入力!$B$86:$B$95,"<="&(G33+1),入力!$C$86:$C$95,">="&(G33+1))>0,SUMIFS(入力!$C$86:$C$95,入力!$B$86:$B$95,"<="&(G33+1),入力!$C$86:$C$95,">="&(G33+1))+1,G33+1)) | S33: =IF(R33="","",IF(COUNTIFS(入力!$B$86:$B$95,"<="&(R33),入力!$C$86:$C$95,">="&(R33))>0,SUMIFS(入力!$C$86:$C$95,入力!$B$86:$B$95,"<="&(R33),入力!$C$86:$C$95,">="&(R33))+1,R33)) | U33: =IF(OR(X32="",X32>入力!$J$4+3650),"",X32) | V33: =IF(U33="","",MIN(EOMONTH(U33,0),IF(AND(入力!$B$13<>"",入力!$B$13>U33),入力!$B$13-1,999999),IF(AND(入力!$B$14<>"",入力!$B$14>U33),入力!$B$14-1,999999),IF(AND(入力!$B$15<>"",入力!$B$15>U33),入力!$B$15-1,999999),IF(AND(入力!$B$16<>"",入力!$B$16>U33),入力!$B$16-1,999999),IF(AND(入力!$B$17<>"",入力!$B$17>U33),入力!$B$17-1,999999),IF(AND(入力!$B$18<>"",入力!$B$18>U33),入力!$B$18-1,999999),IF(AND(入力!$B$19<>"",入力!$B$19>U33),入力!$B$19-1,999999),IF(AND(入力!$B$20<>"",入力!$B$20>U33),入力!$B$20-1,999999),IFERROR(SMALL(入力!$B$86:$B$95,COUNTIF(入力!$B$86:$B$95,"<="&U33)+1)-1,999999))) | W33: =IF(V33="","",IF(COUNTIFS(入力!$B$86:$B$95,"<="&(V33+1),入力!$C$86:$C$95,">="&(V33+1))>0,SUMIFS(入力!$C$86:$C$95,入力!$B$86:$B$95,"<="&(V33+1),入力!$C$86:$C$95,">="&(V33+1))+1,V33+1)) | X33: =IF(W33="","",IF(COUNTIFS(入力!$B$86:$B$95,"<="&(W33),入力!$C$86:$C$95,">="&(W33))>0,SUMIFS(入力!$C$86:$C$95,入力!$B$86:$B$95,"<="&(W33),入力!$C$86:$C$95,">="&(W33))+1,W33)) | Y33: =IF(U33="","",IFERROR(VLOOKUP(DATE(YEAR(U33),MONTH(U33),1),カレンダーマスタ!$A$2:$B$301,2,0),NETWORKDAYS(DATE(YEAR(U33),MONTH(U33),1),EOMONTH(U33,0)))) | Z33: =IF(U33="","",IF(入力!$C$8<>"",入力!$C$8,IFERROR(INDEX(入力!$G$37:$G$78,MATCH(DATE(YEAR(U33),MONTH(U33),1),入力!$A$37:$A$78,0)),0))) | AA33: =IF(U33="","",ROUNDDOWN(INDEX(入力!$H$13:$H$20,MATCH(U33,入力!$B$13:$B$20,1))/Y33+INDEX(入力!$I$13:$I$20,MATCH(U33,入力!$B$13:$B$20,1))/22,0)) | AB33: =IF(U33="",0,IF(AND(Z33>AA33,NETWORKDAYS(U33,V33)>0),1,0))
A34: =IF(F34="","",29) | B34: =IF(F34="","",DATE(YEAR(F34),MONTH(F34),1)) | C34: =IF(F34="","",MONTH(F34)) | D34: =IF(F34="","",INDEX(入力!$A$13:$A$20,MATCH(F34,入力!$B$13:$B$20,1))) | E34: =IF(F34="","",IF(G34<=入力!$J$6,"法定","附加")) | F34: =IF(G33="","",IF(G33>=入力!$J$9,"",IF(S33>入力!$J$9,"",S33))) | G34: =IF(F34="","",MIN(EOMONTH(F34,0),入力!$J$9,IF(AND(入力!$B$13<>"",入力!$B$13>F34),入力!$B$13-1,999999),IF(AND(入力!$B$14<>"",入力!$B$14>F34),入力!$B$14-1,999999),IF(AND(入力!$B$15<>"",入力!$B$15>F34),入力!$B$15-1,999999),IF(AND(入力!$B$16<>"",入力!$B$16>F34),入力!$B$16-1,999999),IF(AND(入力!$B$17<>"",入力!$B$17>F34),入力!$B$17-1,999999),IF(AND(入力!$B$18<>"",入力!$B$18>F34),入力!$B$18-1,999999),IF(AND(入力!$B$19<>"",入力!$B$19>F34),入力!$B$19-1,999999),IF(AND(入力!$B$20<>"",入力!$B$20>F34),入力!$B$20-1,999999),IF(AND(入力!$J$7<>"",入力!$J$7>F34),入力!$J$7-1,999999),IFERROR(SMALL(入力!$B$86:$B$95,COUNTIF(入力!$B$86:$B$95,"<="&F34)+1)-1,999999))) | H34: =IF(F34="","",IFERROR(VLOOKUP(B34,カレンダーマスタ!$A$2:$B$301,2,0),NETWORKDAYS(B34,EOMONTH(F34,0)))) | I34: =IF(F34="","",NETWORKDAYS(F34,G34)) | J34: =IF(F34="","",IF(入力!$C$8<>"",入力!$C$8,IF(F34<入力!$J$5,IFERROR(INDEX(入力!$G$37:$G$78,MATCH(B34,入力!$A$37:$A$78,0)),入力!$J$10),入力!$J$10))) | K34: =IF(F34="","",ROUNDDOWN(INDEX(入力!$H$13:$H$20,MATCH(F34,入力!$B$13:$B$20,1))/H34+INDEX(入力!$I$13:$I$20,MATCH(F34,入力!$B$13:$B$20,1))/22,0)) | L34: =IF(F34="","",IF(J34>K34,"〇","×")) | M34: =IF(F34="","",J34*I34) | N34: =IF(F34="","",MIN(J34,K34)*I34) | O34: =IF(F34="","",M34-N34) | P34: =IF(F34="","",IFERROR(INDEX(入力!$G$37:$G$78,MATCH(B34,入力!$A$37:$A$78,0)),"")) | Q34: =IF(F34="","",IF(COUNTIFS($B$6:B34,B34,$C$6:C34,C34,$E$6:E34,E34)=1,MAX($Q$5:Q33)+1,"")) | R34: =IF(G34="","",IF(COUNTIFS(入力!$B$86:$B$95,"<="&(G34+1),入力!$C$86:$C$95,">="&(G34+1))>0,SUMIFS(入力!$C$86:$C$95,入力!$B$86:$B$95,"<="&(G34+1),入力!$C$86:$C$95,">="&(G34+1))+1,G34+1)) | S34: =IF(R34="","",IF(COUNTIFS(入力!$B$86:$B$95,"<="&(R34),入力!$C$86:$C$95,">="&(R34))>0,SUMIFS(入力!$C$86:$C$95,入力!$B$86:$B$95,"<="&(R34),入力!$C$86:$C$95,">="&(R34))+1,R34)) | U34: =IF(OR(X33="",X33>入力!$J$4+3650),"",X33) | V34: =IF(U34="","",MIN(EOMONTH(U34,0),IF(AND(入力!$B$13<>"",入力!$B$13>U34),入力!$B$13-1,999999),IF(AND(入力!$B$14<>"",入力!$B$14>U34),入力!$B$14-1,999999),IF(AND(入力!$B$15<>"",入力!$B$15>U34),入力!$B$15-1,999999),IF(AND(入力!$B$16<>"",入力!$B$16>U34),入力!$B$16-1,999999),IF(AND(入力!$B$17<>"",入力!$B$17>U34),入力!$B$17-1,999999),IF(AND(入力!$B$18<>"",入力!$B$18>U34),入力!$B$18-1,999999),IF(AND(入力!$B$19<>"",入力!$B$19>U34),入力!$B$19-1,999999),IF(AND(入力!$B$20<>"",入力!$B$20>U34),入力!$B$20-1,999999),IFERROR(SMALL(入力!$B$86:$B$95,COUNTIF(入力!$B$86:$B$95,"<="&U34)+1)-1,999999))) | W34: =IF(V34="","",IF(COUNTIFS(入力!$B$86:$B$95,"<="&(V34+1),入力!$C$86:$C$95,">="&(V34+1))>0,SUMIFS(入力!$C$86:$C$95,入力!$B$86:$B$95,"<="&(V34+1),入力!$C$86:$C$95,">="&(V34+1))+1,V34+1)) | X34: =IF(W34="","",IF(COUNTIFS(入力!$B$86:$B$95,"<="&(W34),入力!$C$86:$C$95,">="&(W34))>0,SUMIFS(入力!$C$86:$C$95,入力!$B$86:$B$95,"<="&(W34),入力!$C$86:$C$95,">="&(W34))+1,W34)) | Y34: =IF(U34="","",IFERROR(VLOOKUP(DATE(YEAR(U34),MONTH(U34),1),カレンダーマスタ!$A$2:$B$301,2,0),NETWORKDAYS(DATE(YEAR(U34),MONTH(U34),1),EOMONTH(U34,0)))) | Z34: =IF(U34="","",IF(入力!$C$8<>"",入力!$C$8,IFERROR(INDEX(入力!$G$37:$G$78,MATCH(DATE(YEAR(U34),MONTH(U34),1),入力!$A$37:$A$78,0)),0))) | AA34: =IF(U34="","",ROUNDDOWN(INDEX(入力!$H$13:$H$20,MATCH(U34,入力!$B$13:$B$20,1))/Y34+INDEX(入力!$I$13:$I$20,MATCH(U34,入力!$B$13:$B$20,1))/22,0)) | AB34: =IF(U34="",0,IF(AND(Z34>AA34,NETWORKDAYS(U34,V34)>0),1,0))
A35: =IF(F35="","",30) | B35: =IF(F35="","",DATE(YEAR(F35),MONTH(F35),1)) | C35: =IF(F35="","",MONTH(F35)) | D35: =IF(F35="","",INDEX(入力!$A$13:$A$20,MATCH(F35,入力!$B$13:$B$20,1))) | E35: =IF(F35="","",IF(G35<=入力!$J$6,"法定","附加")) | F35: =IF(G34="","",IF(G34>=入力!$J$9,"",IF(S34>入力!$J$9,"",S34))) | G35: =IF(F35="","",MIN(EOMONTH(F35,0),入力!$J$9,IF(AND(入力!$B$13<>"",入力!$B$13>F35),入力!$B$13-1,999999),IF(AND(入力!$B$14<>"",入力!$B$14>F35),入力!$B$14-1,999999),IF(AND(入力!$B$15<>"",入力!$B$15>F35),入力!$B$15-1,999999),IF(AND(入力!$B$16<>"",入力!$B$16>F35),入力!$B$16-1,999999),IF(AND(入力!$B$17<>"",入力!$B$17>F35),入力!$B$17-1,999999),IF(AND(入力!$B$18<>"",入力!$B$18>F35),入力!$B$18-1,999999),IF(AND(入力!$B$19<>"",入力!$B$19>F35),入力!$B$19-1,999999),IF(AND(入力!$B$20<>"",入力!$B$20>F35),入力!$B$20-1,999999),IF(AND(入力!$J$7<>"",入力!$J$7>F35),入力!$J$7-1,999999),IFERROR(SMALL(入力!$B$86:$B$95,COUNTIF(入力!$B$86:$B$95,"<="&F35)+1)-1,999999))) | H35: =IF(F35="","",IFERROR(VLOOKUP(B35,カレンダーマスタ!$A$2:$B$301,2,0),NETWORKDAYS(B35,EOMONTH(F35,0)))) | I35: =IF(F35="","",NETWORKDAYS(F35,G35)) | J35: =IF(F35="","",IF(入力!$C$8<>"",入力!$C$8,IF(F35<入力!$J$5,IFERROR(INDEX(入力!$G$37:$G$78,MATCH(B35,入力!$A$37:$A$78,0)),入力!$J$10),入力!$J$10))) | K35: =IF(F35="","",ROUNDDOWN(INDEX(入力!$H$13:$H$20,MATCH(F35,入力!$B$13:$B$20,1))/H35+INDEX(入力!$I$13:$I$20,MATCH(F35,入力!$B$13:$B$20,1))/22,0)) | L35: =IF(F35="","",IF(J35>K35,"〇","×")) | M35: =IF(F35="","",J35*I35) | N35: =IF(F35="","",MIN(J35,K35)*I35) | O35: =IF(F35="","",M35-N35) | P35: =IF(F35="","",IFERROR(INDEX(入力!$G$37:$G$78,MATCH(B35,入力!$A$37:$A$78,0)),"")) | Q35: =IF(F35="","",IF(COUNTIFS($B$6:B35,B35,$C$6:C35,C35,$E$6:E35,E35)=1,MAX($Q$5:Q34)+1,"")) | R35: =IF(G35="","",IF(COUNTIFS(入力!$B$86:$B$95,"<="&(G35+1),入力!$C$86:$C$95,">="&(G35+1))>0,SUMIFS(入力!$C$86:$C$95,入力!$B$86:$B$95,"<="&(G35+1),入力!$C$86:$C$95,">="&(G35+1))+1,G35+1)) | S35: =IF(R35="","",IF(COUNTIFS(入力!$B$86:$B$95,"<="&(R35),入力!$C$86:$C$95,">="&(R35))>0,SUMIFS(入力!$C$86:$C$95,入力!$B$86:$B$95,"<="&(R35),入力!$C$86:$C$95,">="&(R35))+1,R35)) | U35: =IF(OR(X34="",X34>入力!$J$4+3650),"",X34) | V35: =IF(U35="","",MIN(EOMONTH(U35,0),IF(AND(入力!$B$13<>"",入力!$B$13>U35),入力!$B$13-1,999999),IF(AND(入力!$B$14<>"",入力!$B$14>U35),入力!$B$14-1,999999),IF(AND(入力!$B$15<>"",入力!$B$15>U35),入力!$B$15-1,999999),IF(AND(入力!$B$16<>"",入力!$B$16>U35),入力!$B$16-1,999999),IF(AND(入力!$B$17<>"",入力!$B$17>U35),入力!$B$17-1,999999),IF(AND(入力!$B$18<>"",入力!$B$18>U35),入力!$B$18-1,999999),IF(AND(入力!$B$19<>"",入力!$B$19>U35),入力!$B$19-1,999999),IF(AND(入力!$B$20<>"",入力!$B$20>U35),入力!$B$20-1,999999),IFERROR(SMALL(入力!$B$86:$B$95,COUNTIF(入力!$B$86:$B$95,"<="&U35)+1)-1,999999))) | W35: =IF(V35="","",IF(COUNTIFS(入力!$B$86:$B$95,"<="&(V35+1),入力!$C$86:$C$95,">="&(V35+1))>0,SUMIFS(入力!$C$86:$C$95,入力!$B$86:$B$95,"<="&(V35+1),入力!$C$86:$C$95,">="&(V35+1))+1,V35+1)) | X35: =IF(W35="","",IF(COUNTIFS(入力!$B$86:$B$95,"<="&(W35),入力!$C$86:$C$95,">="&(W35))>0,SUMIFS(入力!$C$86:$C$95,入力!$B$86:$B$95,"<="&(W35),入力!$C$86:$C$95,">="&(W35))+1,W35)) | Y35: =IF(U35="","",IFERROR(VLOOKUP(DATE(YEAR(U35),MONTH(U35),1),カレンダーマスタ!$A$2:$B$301,2,0),NETWORKDAYS(DATE(YEAR(U35),MONTH(U35),1),EOMONTH(U35,0)))) | Z35: =IF(U35="","",IF(入力!$C$8<>"",入力!$C$8,IFERROR(INDEX(入力!$G$37:$G$78,MATCH(DATE(YEAR(U35),MONTH(U35),1),入力!$A$37:$A$78,0)),0))) | AA35: =IF(U35="","",ROUNDDOWN(INDEX(入力!$H$13:$H$20,MATCH(U35,入力!$B$13:$B$20,1))/Y35+INDEX(入力!$I$13:$I$20,MATCH(U35,入力!$B$13:$B$20,1))/22,0)) | AB35: =IF(U35="",0,IF(AND(Z35>AA35,NETWORKDAYS(U35,V35)>0),1,0))
A36: =IF(F36="","",31) | B36: =IF(F36="","",DATE(YEAR(F36),MONTH(F36),1)) | C36: =IF(F36="","",MONTH(F36)) | D36: =IF(F36="","",INDEX(入力!$A$13:$A$20,MATCH(F36,入力!$B$13:$B$20,1))) | E36: =IF(F36="","",IF(G36<=入力!$J$6,"法定","附加")) | F36: =IF(G35="","",IF(G35>=入力!$J$9,"",IF(S35>入力!$J$9,"",S35))) | G36: =IF(F36="","",MIN(EOMONTH(F36,0),入力!$J$9,IF(AND(入力!$B$13<>"",入力!$B$13>F36),入力!$B$13-1,999999),IF(AND(入力!$B$14<>"",入力!$B$14>F36),入力!$B$14-1,999999),IF(AND(入力!$B$15<>"",入力!$B$15>F36),入力!$B$15-1,999999),IF(AND(入力!$B$16<>"",入力!$B$16>F36),入力!$B$16-1,999999),IF(AND(入力!$B$17<>"",入力!$B$17>F36),入力!$B$17-1,999999),IF(AND(入力!$B$18<>"",入力!$B$18>F36),入力!$B$18-1,999999),IF(AND(入力!$B$19<>"",入力!$B$19>F36),入力!$B$19-1,999999),IF(AND(入力!$B$20<>"",入力!$B$20>F36),入力!$B$20-1,999999),IF(AND(入力!$J$7<>"",入力!$J$7>F36),入力!$J$7-1,999999),IFERROR(SMALL(入力!$B$86:$B$95,COUNTIF(入力!$B$86:$B$95,"<="&F36)+1)-1,999999))) | H36: =IF(F36="","",IFERROR(VLOOKUP(B36,カレンダーマスタ!$A$2:$B$301,2,0),NETWORKDAYS(B36,EOMONTH(F36,0)))) | I36: =IF(F36="","",NETWORKDAYS(F36,G36)) | J36: =IF(F36="","",IF(入力!$C$8<>"",入力!$C$8,IF(F36<入力!$J$5,IFERROR(INDEX(入力!$G$37:$G$78,MATCH(B36,入力!$A$37:$A$78,0)),入力!$J$10),入力!$J$10))) | K36: =IF(F36="","",ROUNDDOWN(INDEX(入力!$H$13:$H$20,MATCH(F36,入力!$B$13:$B$20,1))/H36+INDEX(入力!$I$13:$I$20,MATCH(F36,入力!$B$13:$B$20,1))/22,0)) | L36: =IF(F36="","",IF(J36>K36,"〇","×")) | M36: =IF(F36="","",J36*I36) | N36: =IF(F36="","",MIN(J36,K36)*I36) | O36: =IF(F36="","",M36-N36) | P36: =IF(F36="","",IFERROR(INDEX(入力!$G$37:$G$78,MATCH(B36,入力!$A$37:$A$78,0)),"")) | Q36: =IF(F36="","",IF(COUNTIFS($B$6:B36,B36,$C$6:C36,C36,$E$6:E36,E36)=1,MAX($Q$5:Q35)+1,"")) | R36: =IF(G36="","",IF(COUNTIFS(入力!$B$86:$B$95,"<="&(G36+1),入力!$C$86:$C$95,">="&(G36+1))>0,SUMIFS(入力!$C$86:$C$95,入力!$B$86:$B$95,"<="&(G36+1),入力!$C$86:$C$95,">="&(G36+1))+1,G36+1)) | S36: =IF(R36="","",IF(COUNTIFS(入力!$B$86:$B$95,"<="&(R36),入力!$C$86:$C$95,">="&(R36))>0,SUMIFS(入力!$C$86:$C$95,入力!$B$86:$B$95,"<="&(R36),入力!$C$86:$C$95,">="&(R36))+1,R36)) | U36: =IF(OR(X35="",X35>入力!$J$4+3650),"",X35) | V36: =IF(U36="","",MIN(EOMONTH(U36,0),IF(AND(入力!$B$13<>"",入力!$B$13>U36),入力!$B$13-1,999999),IF(AND(入力!$B$14<>"",入力!$B$14>U36),入力!$B$14-1,999999),IF(AND(入力!$B$15<>"",入力!$B$15>U36),入力!$B$15-1,999999),IF(AND(入力!$B$16<>"",入力!$B$16>U36),入力!$B$16-1,999999),IF(AND(入力!$B$17<>"",入力!$B$17>U36),入力!$B$17-1,999999),IF(AND(入力!$B$18<>"",入力!$B$18>U36),入力!$B$18-1,999999),IF(AND(入力!$B$19<>"",入力!$B$19>U36),入力!$B$19-1,999999),IF(AND(入力!$B$20<>"",入力!$B$20>U36),入力!$B$20-1,999999),IFERROR(SMALL(入力!$B$86:$B$95,COUNTIF(入力!$B$86:$B$95,"<="&U36)+1)-1,999999))) | W36: =IF(V36="","",IF(COUNTIFS(入力!$B$86:$B$95,"<="&(V36+1),入力!$C$86:$C$95,">="&(V36+1))>0,SUMIFS(入力!$C$86:$C$95,入力!$B$86:$B$95,"<="&(V36+1),入力!$C$86:$C$95,">="&(V36+1))+1,V36+1)) | X36: =IF(W36="","",IF(COUNTIFS(入力!$B$86:$B$95,"<="&(W36),入力!$C$86:$C$95,">="&(W36))>0,SUMIFS(入力!$C$86:$C$95,入力!$B$86:$B$95,"<="&(W36),入力!$C$86:$C$95,">="&(W36))+1,W36)) | Y36: =IF(U36="","",IFERROR(VLOOKUP(DATE(YEAR(U36),MONTH(U36),1),カレンダーマスタ!$A$2:$B$301,2,0),NETWORKDAYS(DATE(YEAR(U36),MONTH(U36),1),EOMONTH(U36,0)))) | Z36: =IF(U36="","",IF(入力!$C$8<>"",入力!$C$8,IFERROR(INDEX(入力!$G$37:$G$78,MATCH(DATE(YEAR(U36),MONTH(U36),1),入力!$A$37:$A$78,0)),0))) | AA36: =IF(U36="","",ROUNDDOWN(INDEX(入力!$H$13:$H$20,MATCH(U36,入力!$B$13:$B$20,1))/Y36+INDEX(入力!$I$13:$I$20,MATCH(U36,入力!$B$13:$B$20,1))/22,0)) | AB36: =IF(U36="",0,IF(AND(Z36>AA36,NETWORKDAYS(U36,V36)>0),1,0))
A37: =IF(F37="","",32) | B37: =IF(F37="","",DATE(YEAR(F37),MONTH(F37),1)) | C37: =IF(F37="","",MONTH(F37)) | D37: =IF(F37="","",INDEX(入力!$A$13:$A$20,MATCH(F37,入力!$B$13:$B$20,1))) | E37: =IF(F37="","",IF(G37<=入力!$J$6,"法定","附加")) | F37: =IF(G36="","",IF(G36>=入力!$J$9,"",IF(S36>入力!$J$9,"",S36))) | G37: =IF(F37="","",MIN(EOMONTH(F37,0),入力!$J$9,IF(AND(入力!$B$13<>"",入力!$B$13>F37),入力!$B$13-1,999999),IF(AND(入力!$B$14<>"",入力!$B$14>F37),入力!$B$14-1,999999),IF(AND(入力!$B$15<>"",入力!$B$15>F37),入力!$B$15-1,999999),IF(AND(入力!$B$16<>"",入力!$B$16>F37),入力!$B$16-1,999999),IF(AND(入力!$B$17<>"",入力!$B$17>F37),入力!$B$17-1,999999),IF(AND(入力!$B$18<>"",入力!$B$18>F37),入力!$B$18-1,999999),IF(AND(入力!$B$19<>"",入力!$B$19>F37),入力!$B$19-1,999999),IF(AND(入力!$B$20<>"",入力!$B$20>F37),入力!$B$20-1,999999),IF(AND(入力!$J$7<>"",入力!$J$7>F37),入力!$J$7-1,999999),IFERROR(SMALL(入力!$B$86:$B$95,COUNTIF(入力!$B$86:$B$95,"<="&F37)+1)-1,999999))) | H37: =IF(F37="","",IFERROR(VLOOKUP(B37,カレンダーマスタ!$A$2:$B$301,2,0),NETWORKDAYS(B37,EOMONTH(F37,0)))) | I37: =IF(F37="","",NETWORKDAYS(F37,G37)) | J37: =IF(F37="","",IF(入力!$C$8<>"",入力!$C$8,IF(F37<入力!$J$5,IFERROR(INDEX(入力!$G$37:$G$78,MATCH(B37,入力!$A$37:$A$78,0)),入力!$J$10),入力!$J$10))) | K37: =IF(F37="","",ROUNDDOWN(INDEX(入力!$H$13:$H$20,MATCH(F37,入力!$B$13:$B$20,1))/H37+INDEX(入力!$I$13:$I$20,MATCH(F37,入力!$B$13:$B$20,1))/22,0)) | L37: =IF(F37="","",IF(J37>K37,"〇","×")) | M37: =IF(F37="","",J37*I37) | N37: =IF(F37="","",MIN(J37,K37)*I37) | O37: =IF(F37="","",M37-N37) | P37: =IF(F37="","",IFERROR(INDEX(入力!$G$37:$G$78,MATCH(B37,入力!$A$37:$A$78,0)),"")) | Q37: =IF(F37="","",IF(COUNTIFS($B$6:B37,B37,$C$6:C37,C37,$E$6:E37,E37)=1,MAX($Q$5:Q36)+1,"")) | R37: =IF(G37="","",IF(COUNTIFS(入力!$B$86:$B$95,"<="&(G37+1),入力!$C$86:$C$95,">="&(G37+1))>0,SUMIFS(入力!$C$86:$C$95,入力!$B$86:$B$95,"<="&(G37+1),入力!$C$86:$C$95,">="&(G37+1))+1,G37+1)) | S37: =IF(R37="","",IF(COUNTIFS(入力!$B$86:$B$95,"<="&(R37),入力!$C$86:$C$95,">="&(R37))>0,SUMIFS(入力!$C$86:$C$95,入力!$B$86:$B$95,"<="&(R37),入力!$C$86:$C$95,">="&(R37))+1,R37)) | U37: =IF(OR(X36="",X36>入力!$J$4+3650),"",X36) | V37: =IF(U37="","",MIN(EOMONTH(U37,0),IF(AND(入力!$B$13<>"",入力!$B$13>U37),入力!$B$13-1,999999),IF(AND(入力!$B$14<>"",入力!$B$14>U37),入力!$B$14-1,999999),IF(AND(入力!$B$15<>"",入力!$B$15>U37),入力!$B$15-1,999999),IF(AND(入力!$B$16<>"",入力!$B$16>U37),入力!$B$16-1,999999),IF(AND(入力!$B$17<>"",入力!$B$17>U37),入力!$B$17-1,999999),IF(AND(入力!$B$18<>"",入力!$B$18>U37),入力!$B$18-1,999999),IF(AND(入力!$B$19<>"",入力!$B$19>U37),入力!$B$19-1,999999),IF(AND(入力!$B$20<>"",入力!$B$20>U37),入力!$B$20-1,999999),IFERROR(SMALL(入力!$B$86:$B$95,COUNTIF(入力!$B$86:$B$95,"<="&U37)+1)-1,999999))) | W37: =IF(V37="","",IF(COUNTIFS(入力!$B$86:$B$95,"<="&(V37+1),入力!$C$86:$C$95,">="&(V37+1))>0,SUMIFS(入力!$C$86:$C$95,入力!$B$86:$B$95,"<="&(V37+1),入力!$C$86:$C$95,">="&(V37+1))+1,V37+1)) | X37: =IF(W37="","",IF(COUNTIFS(入力!$B$86:$B$95,"<="&(W37),入力!$C$86:$C$95,">="&(W37))>0,SUMIFS(入力!$C$86:$C$95,入力!$B$86:$B$95,"<="&(W37),入力!$C$86:$C$95,">="&(W37))+1,W37)) | Y37: =IF(U37="","",IFERROR(VLOOKUP(DATE(YEAR(U37),MONTH(U37),1),カレンダーマスタ!$A$2:$B$301,2,0),NETWORKDAYS(DATE(YEAR(U37),MONTH(U37),1),EOMONTH(U37,0)))) | Z37: =IF(U37="","",IF(入力!$C$8<>"",入力!$C$8,IFERROR(INDEX(入力!$G$37:$G$78,MATCH(DATE(YEAR(U37),MONTH(U37),1),入力!$A$37:$A$78,0)),0))) | AA37: =IF(U37="","",ROUNDDOWN(INDEX(入力!$H$13:$H$20,MATCH(U37,入力!$B$13:$B$20,1))/Y37+INDEX(入力!$I$13:$I$20,MATCH(U37,入力!$B$13:$B$20,1))/22,0)) | AB37: =IF(U37="",0,IF(AND(Z37>AA37,NETWORKDAYS(U37,V37)>0),1,0))
A38: =IF(F38="","",33) | B38: =IF(F38="","",DATE(YEAR(F38),MONTH(F38),1)) | C38: =IF(F38="","",MONTH(F38)) | D38: =IF(F38="","",INDEX(入力!$A$13:$A$20,MATCH(F38,入力!$B$13:$B$20,1))) | E38: =IF(F38="","",IF(G38<=入力!$J$6,"法定","附加")) | F38: =IF(G37="","",IF(G37>=入力!$J$9,"",IF(S37>入力!$J$9,"",S37))) | G38: =IF(F38="","",MIN(EOMONTH(F38,0),入力!$J$9,IF(AND(入力!$B$13<>"",入力!$B$13>F38),入力!$B$13-1,999999),IF(AND(入力!$B$14<>"",入力!$B$14>F38),入力!$B$14-1,999999),IF(AND(入力!$B$15<>"",入力!$B$15>F38),入力!$B$15-1,999999),IF(AND(入力!$B$16<>"",入力!$B$16>F38),入力!$B$16-1,999999),IF(AND(入力!$B$17<>"",入力!$B$17>F38),入力!$B$17-1,999999),IF(AND(入力!$B$18<>"",入力!$B$18>F38),入力!$B$18-1,999999),IF(AND(入力!$B$19<>"",入力!$B$19>F38),入力!$B$19-1,999999),IF(AND(入力!$B$20<>"",入力!$B$20>F38),入力!$B$20-1,999999),IF(AND(入力!$J$7<>"",入力!$J$7>F38),入力!$J$7-1,999999),IFERROR(SMALL(入力!$B$86:$B$95,COUNTIF(入力!$B$86:$B$95,"<="&F38)+1)-1,999999))) | H38: =IF(F38="","",IFERROR(VLOOKUP(B38,カレンダーマスタ!$A$2:$B$301,2,0),NETWORKDAYS(B38,EOMONTH(F38,0)))) | I38: =IF(F38="","",NETWORKDAYS(F38,G38)) | J38: =IF(F38="","",IF(入力!$C$8<>"",入力!$C$8,IF(F38<入力!$J$5,IFERROR(INDEX(入力!$G$37:$G$78,MATCH(B38,入力!$A$37:$A$78,0)),入力!$J$10),入力!$J$10))) | K38: =IF(F38="","",ROUNDDOWN(INDEX(入力!$H$13:$H$20,MATCH(F38,入力!$B$13:$B$20,1))/H38+INDEX(入力!$I$13:$I$20,MATCH(F38,入力!$B$13:$B$20,1))/22,0)) | L38: =IF(F38="","",IF(J38>K38,"〇","×")) | M38: =IF(F38="","",J38*I38) | N38: =IF(F38="","",MIN(J38,K38)*I38) | O38: =IF(F38="","",M38-N38) | P38: =IF(F38="","",IFERROR(INDEX(入力!$G$37:$G$78,MATCH(B38,入力!$A$37:$A$78,0)),"")) | Q38: =IF(F38="","",IF(COUNTIFS($B$6:B38,B38,$C$6:C38,C38,$E$6:E38,E38)=1,MAX($Q$5:Q37)+1,"")) | R38: =IF(G38="","",IF(COUNTIFS(入力!$B$86:$B$95,"<="&(G38+1),入力!$C$86:$C$95,">="&(G38+1))>0,SUMIFS(入力!$C$86:$C$95,入力!$B$86:$B$95,"<="&(G38+1),入力!$C$86:$C$95,">="&(G38+1))+1,G38+1)) | S38: =IF(R38="","",IF(COUNTIFS(入力!$B$86:$B$95,"<="&(R38),入力!$C$86:$C$95,">="&(R38))>0,SUMIFS(入力!$C$86:$C$95,入力!$B$86:$B$95,"<="&(R38),入力!$C$86:$C$95,">="&(R38))+1,R38)) | U38: =IF(OR(X37="",X37>入力!$J$4+3650),"",X37) | V38: =IF(U38="","",MIN(EOMONTH(U38,0),IF(AND(入力!$B$13<>"",入力!$B$13>U38),入力!$B$13-1,999999),IF(AND(入力!$B$14<>"",入力!$B$14>U38),入力!$B$14-1,999999),IF(AND(入力!$B$15<>"",入力!$B$15>U38),入力!$B$15-1,999999),IF(AND(入力!$B$16<>"",入力!$B$16>U38),入力!$B$16-1,999999),IF(AND(入力!$B$17<>"",入力!$B$17>U38),入力!$B$17-1,999999),IF(AND(入力!$B$18<>"",入力!$B$18>U38),入力!$B$18-1,999999),IF(AND(入力!$B$19<>"",入力!$B$19>U38),入力!$B$19-1,999999),IF(AND(入力!$B$20<>"",入力!$B$20>U38),入力!$B$20-1,999999),IFERROR(SMALL(入力!$B$86:$B$95,COUNTIF(入力!$B$86:$B$95,"<="&U38)+1)-1,999999))) | W38: =IF(V38="","",IF(COUNTIFS(入力!$B$86:$B$95,"<="&(V38+1),入力!$C$86:$C$95,">="&(V38+1))>0,SUMIFS(入力!$C$86:$C$95,入力!$B$86:$B$95,"<="&(V38+1),入力!$C$86:$C$95,">="&(V38+1))+1,V38+1)) | X38: =IF(W38="","",IF(COUNTIFS(入力!$B$86:$B$95,"<="&(W38),入力!$C$86:$C$95,">="&(W38))>0,SUMIFS(入力!$C$86:$C$95,入力!$B$86:$B$95,"<="&(W38),入力!$C$86:$C$95,">="&(W38))+1,W38)) | Y38: =IF(U38="","",IFERROR(VLOOKUP(DATE(YEAR(U38),MONTH(U38),1),カレンダーマスタ!$A$2:$B$301,2,0),NETWORKDAYS(DATE(YEAR(U38),MONTH(U38),1),EOMONTH(U38,0)))) | Z38: =IF(U38="","",IF(入力!$C$8<>"",入力!$C$8,IFERROR(INDEX(入力!$G$37:$G$78,MATCH(DATE(YEAR(U38),MONTH(U38),1),入力!$A$37:$A$78,0)),0))) | AA38: =IF(U38="","",ROUNDDOWN(INDEX(入力!$H$13:$H$20,MATCH(U38,入力!$B$13:$B$20,1))/Y38+INDEX(入力!$I$13:$I$20,MATCH(U38,入力!$B$13:$B$20,1))/22,0)) | AB38: =IF(U38="",0,IF(AND(Z38>AA38,NETWORKDAYS(U38,V38)>0),1,0))
A39: =IF(F39="","",34) | B39: =IF(F39="","",DATE(YEAR(F39),MONTH(F39),1)) | C39: =IF(F39="","",MONTH(F39)) | D39: =IF(F39="","",INDEX(入力!$A$13:$A$20,MATCH(F39,入力!$B$13:$B$20,1))) | E39: =IF(F39="","",IF(G39<=入力!$J$6,"法定","附加")) | F39: =IF(G38="","",IF(G38>=入力!$J$9,"",IF(S38>入力!$J$9,"",S38))) | G39: =IF(F39="","",MIN(EOMONTH(F39,0),入力!$J$9,IF(AND(入力!$B$13<>"",入力!$B$13>F39),入力!$B$13-1,999999),IF(AND(入力!$B$14<>"",入力!$B$14>F39),入力!$B$14-1,999999),IF(AND(入力!$B$15<>"",入力!$B$15>F39),入力!$B$15-1,999999),IF(AND(入力!$B$16<>"",入力!$B$16>F39),入力!$B$16-1,999999),IF(AND(入力!$B$17<>"",入力!$B$17>F39),入力!$B$17-1,999999),IF(AND(入力!$B$18<>"",入力!$B$18>F39),入力!$B$18-1,999999),IF(AND(入力!$B$19<>"",入力!$B$19>F39),入力!$B$19-1,999999),IF(AND(入力!$B$20<>"",入力!$B$20>F39),入力!$B$20-1,999999),IF(AND(入力!$J$7<>"",入力!$J$7>F39),入力!$J$7-1,999999),IFERROR(SMALL(入力!$B$86:$B$95,COUNTIF(入力!$B$86:$B$95,"<="&F39)+1)-1,999999))) | H39: =IF(F39="","",IFERROR(VLOOKUP(B39,カレンダーマスタ!$A$2:$B$301,2,0),NETWORKDAYS(B39,EOMONTH(F39,0)))) | I39: =IF(F39="","",NETWORKDAYS(F39,G39)) | J39: =IF(F39="","",IF(入力!$C$8<>"",入力!$C$8,IF(F39<入力!$J$5,IFERROR(INDEX(入力!$G$37:$G$78,MATCH(B39,入力!$A$37:$A$78,0)),入力!$J$10),入力!$J$10))) | K39: =IF(F39="","",ROUNDDOWN(INDEX(入力!$H$13:$H$20,MATCH(F39,入力!$B$13:$B$20,1))/H39+INDEX(入力!$I$13:$I$20,MATCH(F39,入力!$B$13:$B$20,1))/22,0)) | L39: =IF(F39="","",IF(J39>K39,"〇","×")) | M39: =IF(F39="","",J39*I39) | N39: =IF(F39="","",MIN(J39,K39)*I39) | O39: =IF(F39="","",M39-N39) | P39: =IF(F39="","",IFERROR(INDEX(入力!$G$37:$G$78,MATCH(B39,入力!$A$37:$A$78,0)),"")) | Q39: =IF(F39="","",IF(COUNTIFS($B$6:B39,B39,$C$6:C39,C39,$E$6:E39,E39)=1,MAX($Q$5:Q38)+1,"")) | R39: =IF(G39="","",IF(COUNTIFS(入力!$B$86:$B$95,"<="&(G39+1),入力!$C$86:$C$95,">="&(G39+1))>0,SUMIFS(入力!$C$86:$C$95,入力!$B$86:$B$95,"<="&(G39+1),入力!$C$86:$C$95,">="&(G39+1))+1,G39+1)) | S39: =IF(R39="","",IF(COUNTIFS(入力!$B$86:$B$95,"<="&(R39),入力!$C$86:$C$95,">="&(R39))>0,SUMIFS(入力!$C$86:$C$95,入力!$B$86:$B$95,"<="&(R39),入力!$C$86:$C$95,">="&(R39))+1,R39)) | U39: =IF(OR(X38="",X38>入力!$J$4+3650),"",X38) | V39: =IF(U39="","",MIN(EOMONTH(U39,0),IF(AND(入力!$B$13<>"",入力!$B$13>U39),入力!$B$13-1,999999),IF(AND(入力!$B$14<>"",入力!$B$14>U39),入力!$B$14-1,999999),IF(AND(入力!$B$15<>"",入力!$B$15>U39),入力!$B$15-1,999999),IF(AND(入力!$B$16<>"",入力!$B$16>U39),入力!$B$16-1,999999),IF(AND(入力!$B$17<>"",入力!$B$17>U39),入力!$B$17-1,999999),IF(AND(入力!$B$18<>"",入力!$B$18>U39),入力!$B$18-1,999999),IF(AND(入力!$B$19<>"",入力!$B$19>U39),入力!$B$19-1,999999),IF(AND(入力!$B$20<>"",入力!$B$20>U39),入力!$B$20-1,999999),IFERROR(SMALL(入力!$B$86:$B$95,COUNTIF(入力!$B$86:$B$95,"<="&U39)+1)-1,999999))) | W39: =IF(V39="","",IF(COUNTIFS(入力!$B$86:$B$95,"<="&(V39+1),入力!$C$86:$C$95,">="&(V39+1))>0,SUMIFS(入力!$C$86:$C$95,入力!$B$86:$B$95,"<="&(V39+1),入力!$C$86:$C$95,">="&(V39+1))+1,V39+1)) | X39: =IF(W39="","",IF(COUNTIFS(入力!$B$86:$B$95,"<="&(W39),入力!$C$86:$C$95,">="&(W39))>0,SUMIFS(入力!$C$86:$C$95,入力!$B$86:$B$95,"<="&(W39),入力!$C$86:$C$95,">="&(W39))+1,W39)) | Y39: =IF(U39="","",IFERROR(VLOOKUP(DATE(YEAR(U39),MONTH(U39),1),カレンダーマスタ!$A$2:$B$301,2,0),NETWORKDAYS(DATE(YEAR(U39),MONTH(U39),1),EOMONTH(U39,0)))) | Z39: =IF(U39="","",IF(入力!$C$8<>"",入力!$C$8,IFERROR(INDEX(入力!$G$37:$G$78,MATCH(DATE(YEAR(U39),MONTH(U39),1),入力!$A$37:$A$78,0)),0))) | AA39: =IF(U39="","",ROUNDDOWN(INDEX(入力!$H$13:$H$20,MATCH(U39,入力!$B$13:$B$20,1))/Y39+INDEX(入力!$I$13:$I$20,MATCH(U39,入力!$B$13:$B$20,1))/22,0)) | AB39: =IF(U39="",0,IF(AND(Z39>AA39,NETWORKDAYS(U39,V39)>0),1,0))
A40: =IF(F40="","",35) | B40: =IF(F40="","",DATE(YEAR(F40),MONTH(F40),1)) | C40: =IF(F40="","",MONTH(F40)) | D40: =IF(F40="","",INDEX(入力!$A$13:$A$20,MATCH(F40,入力!$B$13:$B$20,1))) | E40: =IF(F40="","",IF(G40<=入力!$J$6,"法定","附加")) | F40: =IF(G39="","",IF(G39>=入力!$J$9,"",IF(S39>入力!$J$9,"",S39))) | G40: =IF(F40="","",MIN(EOMONTH(F40,0),入力!$J$9,IF(AND(入力!$B$13<>"",入力!$B$13>F40),入力!$B$13-1,999999),IF(AND(入力!$B$14<>"",入力!$B$14>F40),入力!$B$14-1,999999),IF(AND(入力!$B$15<>"",入力!$B$15>F40),入力!$B$15-1,999999),IF(AND(入力!$B$16<>"",入力!$B$16>F40),入力!$B$16-1,999999),IF(AND(入力!$B$17<>"",入力!$B$17>F40),入力!$B$17-1,999999),IF(AND(入力!$B$18<>"",入力!$B$18>F40),入力!$B$18-1,999999),IF(AND(入力!$B$19<>"",入力!$B$19>F40),入力!$B$19-1,999999),IF(AND(入力!$B$20<>"",入力!$B$20>F40),入力!$B$20-1,999999),IF(AND(入力!$J$7<>"",入力!$J$7>F40),入力!$J$7-1,999999),IFERROR(SMALL(入力!$B$86:$B$95,COUNTIF(入力!$B$86:$B$95,"<="&F40)+1)-1,999999))) | H40: =IF(F40="","",IFERROR(VLOOKUP(B40,カレンダーマスタ!$A$2:$B$301,2,0),NETWORKDAYS(B40,EOMONTH(F40,0)))) | I40: =IF(F40="","",NETWORKDAYS(F40,G40)) | J40: =IF(F40="","",IF(入力!$C$8<>"",入力!$C$8,IF(F40<入力!$J$5,IFERROR(INDEX(入力!$G$37:$G$78,MATCH(B40,入力!$A$37:$A$78,0)),入力!$J$10),入力!$J$10))) | K40: =IF(F40="","",ROUNDDOWN(INDEX(入力!$H$13:$H$20,MATCH(F40,入力!$B$13:$B$20,1))/H40+INDEX(入力!$I$13:$I$20,MATCH(F40,入力!$B$13:$B$20,1))/22,0)) | L40: =IF(F40="","",IF(J40>K40,"〇","×")) | M40: =IF(F40="","",J40*I40) | N40: =IF(F40="","",MIN(J40,K40)*I40) | O40: =IF(F40="","",M40-N40) | P40: =IF(F40="","",IFERROR(INDEX(入力!$G$37:$G$78,MATCH(B40,入力!$A$37:$A$78,0)),"")) | Q40: =IF(F40="","",IF(COUNTIFS($B$6:B40,B40,$C$6:C40,C40,$E$6:E40,E40)=1,MAX($Q$5:Q39)+1,"")) | R40: =IF(G40="","",IF(COUNTIFS(入力!$B$86:$B$95,"<="&(G40+1),入力!$C$86:$C$95,">="&(G40+1))>0,SUMIFS(入力!$C$86:$C$95,入力!$B$86:$B$95,"<="&(G40+1),入力!$C$86:$C$95,">="&(G40+1))+1,G40+1)) | S40: =IF(R40="","",IF(COUNTIFS(入力!$B$86:$B$95,"<="&(R40),入力!$C$86:$C$95,">="&(R40))>0,SUMIFS(入力!$C$86:$C$95,入力!$B$86:$B$95,"<="&(R40),入力!$C$86:$C$95,">="&(R40))+1,R40)) | U40: =IF(OR(X39="",X39>入力!$J$4+3650),"",X39) | V40: =IF(U40="","",MIN(EOMONTH(U40,0),IF(AND(入力!$B$13<>"",入力!$B$13>U40),入力!$B$13-1,999999),IF(AND(入力!$B$14<>"",入力!$B$14>U40),入力!$B$14-1,999999),IF(AND(入力!$B$15<>"",入力!$B$15>U40),入力!$B$15-1,999999),IF(AND(入力!$B$16<>"",入力!$B$16>U40),入力!$B$16-1,999999),IF(AND(入力!$B$17<>"",入力!$B$17>U40),入力!$B$17-1,999999),IF(AND(入力!$B$18<>"",入力!$B$18>U40),入力!$B$18-1,999999),IF(AND(入力!$B$19<>"",入力!$B$19>U40),入力!$B$19-1,999999),IF(AND(入力!$B$20<>"",入力!$B$20>U40),入力!$B$20-1,999999),IFERROR(SMALL(入力!$B$86:$B$95,COUNTIF(入力!$B$86:$B$95,"<="&U40)+1)-1,999999))) | W40: =IF(V40="","",IF(COUNTIFS(入力!$B$86:$B$95,"<="&(V40+1),入力!$C$86:$C$95,">="&(V40+1))>0,SUMIFS(入力!$C$86:$C$95,入力!$B$86:$B$95,"<="&(V40+1),入力!$C$86:$C$95,">="&(V40+1))+1,V40+1)) | X40: =IF(W40="","",IF(COUNTIFS(入力!$B$86:$B$95,"<="&(W40),入力!$C$86:$C$95,">="&(W40))>0,SUMIFS(入力!$C$86:$C$95,入力!$B$86:$B$95,"<="&(W40),入力!$C$86:$C$95,">="&(W40))+1,W40)) | Y40: =IF(U40="","",IFERROR(VLOOKUP(DATE(YEAR(U40),MONTH(U40),1),カレンダーマスタ!$A$2:$B$301,2,0),NETWORKDAYS(DATE(YEAR(U40),MONTH(U40),1),EOMONTH(U40,0)))) | Z40: =IF(U40="","",IF(入力!$C$8<>"",入力!$C$8,IFERROR(INDEX(入力!$G$37:$G$78,MATCH(DATE(YEAR(U40),MONTH(U40),1),入力!$A$37:$A$78,0)),0))) | AA40: =IF(U40="","",ROUNDDOWN(INDEX(入力!$H$13:$H$20,MATCH(U40,入力!$B$13:$B$20,1))/Y40+INDEX(入力!$I$13:$I$20,MATCH(U40,入力!$B$13:$B$20,1))/22,0)) | AB40: =IF(U40="",0,IF(AND(Z40>AA40,NETWORKDAYS(U40,V40)>0),1,0))
A41: =IF(F41="","",36) | B41: =IF(F41="","",DATE(YEAR(F41),MONTH(F41),1)) | C41: =IF(F41="","",MONTH(F41)) | D41: =IF(F41="","",INDEX(入力!$A$13:$A$20,MATCH(F41,入力!$B$13:$B$20,1))) | E41: =IF(F41="","",IF(G41<=入力!$J$6,"法定","附加")) | F41: =IF(G40="","",IF(G40>=入力!$J$9,"",IF(S40>入力!$J$9,"",S40))) | G41: =IF(F41="","",MIN(EOMONTH(F41,0),入力!$J$9,IF(AND(入力!$B$13<>"",入力!$B$13>F41),入力!$B$13-1,999999),IF(AND(入力!$B$14<>"",入力!$B$14>F41),入力!$B$14-1,999999),IF(AND(入力!$B$15<>"",入力!$B$15>F41),入力!$B$15-1,999999),IF(AND(入力!$B$16<>"",入力!$B$16>F41),入力!$B$16-1,999999),IF(AND(入力!$B$17<>"",入力!$B$17>F41),入力!$B$17-1,999999),IF(AND(入力!$B$18<>"",入力!$B$18>F41),入力!$B$18-1,999999),IF(AND(入力!$B$19<>"",入力!$B$19>F41),入力!$B$19-1,999999),IF(AND(入力!$B$20<>"",入力!$B$20>F41),入力!$B$20-1,999999),IF(AND(入力!$J$7<>"",入力!$J$7>F41),入力!$J$7-1,999999),IFERROR(SMALL(入力!$B$86:$B$95,COUNTIF(入力!$B$86:$B$95,"<="&F41)+1)-1,999999))) | H41: =IF(F41="","",IFERROR(VLOOKUP(B41,カレンダーマスタ!$A$2:$B$301,2,0),NETWORKDAYS(B41,EOMONTH(F41,0)))) | I41: =IF(F41="","",NETWORKDAYS(F41,G41)) | J41: =IF(F41="","",IF(入力!$C$8<>"",入力!$C$8,IF(F41<入力!$J$5,IFERROR(INDEX(入力!$G$37:$G$78,MATCH(B41,入力!$A$37:$A$78,0)),入力!$J$10),入力!$J$10))) | K41: =IF(F41="","",ROUNDDOWN(INDEX(入力!$H$13:$H$20,MATCH(F41,入力!$B$13:$B$20,1))/H41+INDEX(入力!$I$13:$I$20,MATCH(F41,入力!$B$13:$B$20,1))/22,0)) | L41: =IF(F41="","",IF(J41>K41,"〇","×")) | M41: =IF(F41="","",J41*I41) | N41: =IF(F41="","",MIN(J41,K41)*I41) | O41: =IF(F41="","",M41-N41) | P41: =IF(F41="","",IFERROR(INDEX(入力!$G$37:$G$78,MATCH(B41,入力!$A$37:$A$78,0)),"")) | Q41: =IF(F41="","",IF(COUNTIFS($B$6:B41,B41,$C$6:C41,C41,$E$6:E41,E41)=1,MAX($Q$5:Q40)+1,"")) | R41: =IF(G41="","",IF(COUNTIFS(入力!$B$86:$B$95,"<="&(G41+1),入力!$C$86:$C$95,">="&(G41+1))>0,SUMIFS(入力!$C$86:$C$95,入力!$B$86:$B$95,"<="&(G41+1),入力!$C$86:$C$95,">="&(G41+1))+1,G41+1)) | S41: =IF(R41="","",IF(COUNTIFS(入力!$B$86:$B$95,"<="&(R41),入力!$C$86:$C$95,">="&(R41))>0,SUMIFS(入力!$C$86:$C$95,入力!$B$86:$B$95,"<="&(R41),入力!$C$86:$C$95,">="&(R41))+1,R41)) | U41: =IF(OR(X40="",X40>入力!$J$4+3650),"",X40) | V41: =IF(U41="","",MIN(EOMONTH(U41,0),IF(AND(入力!$B$13<>"",入力!$B$13>U41),入力!$B$13-1,999999),IF(AND(入力!$B$14<>"",入力!$B$14>U41),入力!$B$14-1,999999),IF(AND(入力!$B$15<>"",入力!$B$15>U41),入力!$B$15-1,999999),IF(AND(入力!$B$16<>"",入力!$B$16>U41),入力!$B$16-1,999999),IF(AND(入力!$B$17<>"",入力!$B$17>U41),入力!$B$17-1,999999),IF(AND(入力!$B$18<>"",入力!$B$18>U41),入力!$B$18-1,999999),IF(AND(入力!$B$19<>"",入力!$B$19>U41),入力!$B$19-1,999999),IF(AND(入力!$B$20<>"",入力!$B$20>U41),入力!$B$20-1,999999),IFERROR(SMALL(入力!$B$86:$B$95,COUNTIF(入力!$B$86:$B$95,"<="&U41)+1)-1,999999))) | W41: =IF(V41="","",IF(COUNTIFS(入力!$B$86:$B$95,"<="&(V41+1),入力!$C$86:$C$95,">="&(V41+1))>0,SUMIFS(入力!$C$86:$C$95,入力!$B$86:$B$95,"<="&(V41+1),入力!$C$86:$C$95,">="&(V41+1))+1,V41+1)) | X41: =IF(W41="","",IF(COUNTIFS(入力!$B$86:$B$95,"<="&(W41),入力!$C$86:$C$95,">="&(W41))>0,SUMIFS(入力!$C$86:$C$95,入力!$B$86:$B$95,"<="&(W41),入力!$C$86:$C$95,">="&(W41))+1,W41)) | Y41: =IF(U41="","",IFERROR(VLOOKUP(DATE(YEAR(U41),MONTH(U41),1),カレンダーマスタ!$A$2:$B$301,2,0),NETWORKDAYS(DATE(YEAR(U41),MONTH(U41),1),EOMONTH(U41,0)))) | Z41: =IF(U41="","",IF(入力!$C$8<>"",入力!$C$8,IFERROR(INDEX(入力!$G$37:$G$78,MATCH(DATE(YEAR(U41),MONTH(U41),1),入力!$A$37:$A$78,0)),0))) | AA41: =IF(U41="","",ROUNDDOWN(INDEX(入力!$H$13:$H$20,MATCH(U41,入力!$B$13:$B$20,1))/Y41+INDEX(入力!$I$13:$I$20,MATCH(U41,入力!$B$13:$B$20,1))/22,0)) | AB41: =IF(U41="",0,IF(AND(Z41>AA41,NETWORKDAYS(U41,V41)>0),1,0))
A42: =IF(F42="","",37) | B42: =IF(F42="","",DATE(YEAR(F42),MONTH(F42),1)) | C42: =IF(F42="","",MONTH(F42)) | D42: =IF(F42="","",INDEX(入力!$A$13:$A$20,MATCH(F42,入力!$B$13:$B$20,1))) | E42: =IF(F42="","",IF(G42<=入力!$J$6,"法定","附加")) | F42: =IF(G41="","",IF(G41>=入力!$J$9,"",IF(S41>入力!$J$9,"",S41))) | G42: =IF(F42="","",MIN(EOMONTH(F42,0),入力!$J$9,IF(AND(入力!$B$13<>"",入力!$B$13>F42),入力!$B$13-1,999999),IF(AND(入力!$B$14<>"",入力!$B$14>F42),入力!$B$14-1,999999),IF(AND(入力!$B$15<>"",入力!$B$15>F42),入力!$B$15-1,999999),IF(AND(入力!$B$16<>"",入力!$B$16>F42),入力!$B$16-1,999999),IF(AND(入力!$B$17<>"",入力!$B$17>F42),入力!$B$17-1,999999),IF(AND(入力!$B$18<>"",入力!$B$18>F42),入力!$B$18-1,999999),IF(AND(入力!$B$19<>"",入力!$B$19>F42),入力!$B$19-1,999999),IF(AND(入力!$B$20<>"",入力!$B$20>F42),入力!$B$20-1,999999),IF(AND(入力!$J$7<>"",入力!$J$7>F42),入力!$J$7-1,999999),IFERROR(SMALL(入力!$B$86:$B$95,COUNTIF(入力!$B$86:$B$95,"<="&F42)+1)-1,999999))) | H42: =IF(F42="","",IFERROR(VLOOKUP(B42,カレンダーマスタ!$A$2:$B$301,2,0),NETWORKDAYS(B42,EOMONTH(F42,0)))) | I42: =IF(F42="","",NETWORKDAYS(F42,G42)) | J42: =IF(F42="","",IF(入力!$C$8<>"",入力!$C$8,IF(F42<入力!$J$5,IFERROR(INDEX(入力!$G$37:$G$78,MATCH(B42,入力!$A$37:$A$78,0)),入力!$J$10),入力!$J$10))) | K42: =IF(F42="","",ROUNDDOWN(INDEX(入力!$H$13:$H$20,MATCH(F42,入力!$B$13:$B$20,1))/H42+INDEX(入力!$I$13:$I$20,MATCH(F42,入力!$B$13:$B$20,1))/22,0)) | L42: =IF(F42="","",IF(J42>K42,"〇","×")) | M42: =IF(F42="","",J42*I42) | N42: =IF(F42="","",MIN(J42,K42)*I42) | O42: =IF(F42="","",M42-N42) | P42: =IF(F42="","",IFERROR(INDEX(入力!$G$37:$G$78,MATCH(B42,入力!$A$37:$A$78,0)),"")) | Q42: =IF(F42="","",IF(COUNTIFS($B$6:B42,B42,$C$6:C42,C42,$E$6:E42,E42)=1,MAX($Q$5:Q41)+1,"")) | R42: =IF(G42="","",IF(COUNTIFS(入力!$B$86:$B$95,"<="&(G42+1),入力!$C$86:$C$95,">="&(G42+1))>0,SUMIFS(入力!$C$86:$C$95,入力!$B$86:$B$95,"<="&(G42+1),入力!$C$86:$C$95,">="&(G42+1))+1,G42+1)) | S42: =IF(R42="","",IF(COUNTIFS(入力!$B$86:$B$95,"<="&(R42),入力!$C$86:$C$95,">="&(R42))>0,SUMIFS(入力!$C$86:$C$95,入力!$B$86:$B$95,"<="&(R42),入力!$C$86:$C$95,">="&(R42))+1,R42)) | U42: =IF(OR(X41="",X41>入力!$J$4+3650),"",X41) | V42: =IF(U42="","",MIN(EOMONTH(U42,0),IF(AND(入力!$B$13<>"",入力!$B$13>U42),入力!$B$13-1,999999),IF(AND(入力!$B$14<>"",入力!$B$14>U42),入力!$B$14-1,999999),IF(AND(入力!$B$15<>"",入力!$B$15>U42),入力!$B$15-1,999999),IF(AND(入力!$B$16<>"",入力!$B$16>U42),入力!$B$16-1,999999),IF(AND(入力!$B$17<>"",入力!$B$17>U42),入力!$B$17-1,999999),IF(AND(入力!$B$18<>"",入力!$B$18>U42),入力!$B$18-1,999999),IF(AND(入力!$B$19<>"",入力!$B$19>U42),入力!$B$19-1,999999),IF(AND(入力!$B$20<>"",入力!$B$20>U42),入力!$B$20-1,999999),IFERROR(SMALL(入力!$B$86:$B$95,COUNTIF(入力!$B$86:$B$95,"<="&U42)+1)-1,999999))) | W42: =IF(V42="","",IF(COUNTIFS(入力!$B$86:$B$95,"<="&(V42+1),入力!$C$86:$C$95,">="&(V42+1))>0,SUMIFS(入力!$C$86:$C$95,入力!$B$86:$B$95,"<="&(V42+1),入力!$C$86:$C$95,">="&(V42+1))+1,V42+1)) | X42: =IF(W42="","",IF(COUNTIFS(入力!$B$86:$B$95,"<="&(W42),入力!$C$86:$C$95,">="&(W42))>0,SUMIFS(入力!$C$86:$C$95,入力!$B$86:$B$95,"<="&(W42),入力!$C$86:$C$95,">="&(W42))+1,W42)) | Y42: =IF(U42="","",IFERROR(VLOOKUP(DATE(YEAR(U42),MONTH(U42),1),カレンダーマスタ!$A$2:$B$301,2,0),NETWORKDAYS(DATE(YEAR(U42),MONTH(U42),1),EOMONTH(U42,0)))) | Z42: =IF(U42="","",IF(入力!$C$8<>"",入力!$C$8,IFERROR(INDEX(入力!$G$37:$G$78,MATCH(DATE(YEAR(U42),MONTH(U42),1),入力!$A$37:$A$78,0)),0))) | AA42: =IF(U42="","",ROUNDDOWN(INDEX(入力!$H$13:$H$20,MATCH(U42,入力!$B$13:$B$20,1))/Y42+INDEX(入力!$I$13:$I$20,MATCH(U42,入力!$B$13:$B$20,1))/22,0)) | AB42: =IF(U42="",0,IF(AND(Z42>AA42,NETWORKDAYS(U42,V42)>0),1,0))
A43: =IF(F43="","",38) | B43: =IF(F43="","",DATE(YEAR(F43),MONTH(F43),1)) | C43: =IF(F43="","",MONTH(F43)) | D43: =IF(F43="","",INDEX(入力!$A$13:$A$20,MATCH(F43,入力!$B$13:$B$20,1))) | E43: =IF(F43="","",IF(G43<=入力!$J$6,"法定","附加")) | F43: =IF(G42="","",IF(G42>=入力!$J$9,"",IF(S42>入力!$J$9,"",S42))) | G43: =IF(F43="","",MIN(EOMONTH(F43,0),入力!$J$9,IF(AND(入力!$B$13<>"",入力!$B$13>F43),入力!$B$13-1,999999),IF(AND(入力!$B$14<>"",入力!$B$14>F43),入力!$B$14-1,999999),IF(AND(入力!$B$15<>"",入力!$B$15>F43),入力!$B$15-1,999999),IF(AND(入力!$B$16<>"",入力!$B$16>F43),入力!$B$16-1,999999),IF(AND(入力!$B$17<>"",入力!$B$17>F43),入力!$B$17-1,999999),IF(AND(入力!$B$18<>"",入力!$B$18>F43),入力!$B$18-1,999999),IF(AND(入力!$B$19<>"",入力!$B$19>F43),入力!$B$19-1,999999),IF(AND(入力!$B$20<>"",入力!$B$20>F43),入力!$B$20-1,999999),IF(AND(入力!$J$7<>"",入力!$J$7>F43),入力!$J$7-1,999999),IFERROR(SMALL(入力!$B$86:$B$95,COUNTIF(入力!$B$86:$B$95,"<="&F43)+1)-1,999999))) | H43: =IF(F43="","",IFERROR(VLOOKUP(B43,カレンダーマスタ!$A$2:$B$301,2,0),NETWORKDAYS(B43,EOMONTH(F43,0)))) | I43: =IF(F43="","",NETWORKDAYS(F43,G43)) | J43: =IF(F43="","",IF(入力!$C$8<>"",入力!$C$8,IF(F43<入力!$J$5,IFERROR(INDEX(入力!$G$37:$G$78,MATCH(B43,入力!$A$37:$A$78,0)),入力!$J$10),入力!$J$10))) | K43: =IF(F43="","",ROUNDDOWN(INDEX(入力!$H$13:$H$20,MATCH(F43,入力!$B$13:$B$20,1))/H43+INDEX(入力!$I$13:$I$20,MATCH(F43,入力!$B$13:$B$20,1))/22,0)) | L43: =IF(F43="","",IF(J43>K43,"〇","×")) | M43: =IF(F43="","",J43*I43) | N43: =IF(F43="","",MIN(J43,K43)*I43) | O43: =IF(F43="","",M43-N43) | P43: =IF(F43="","",IFERROR(INDEX(入力!$G$37:$G$78,MATCH(B43,入力!$A$37:$A$78,0)),"")) | Q43: =IF(F43="","",IF(COUNTIFS($B$6:B43,B43,$C$6:C43,C43,$E$6:E43,E43)=1,MAX($Q$5:Q42)+1,"")) | R43: =IF(G43="","",IF(COUNTIFS(入力!$B$86:$B$95,"<="&(G43+1),入力!$C$86:$C$95,">="&(G43+1))>0,SUMIFS(入力!$C$86:$C$95,入力!$B$86:$B$95,"<="&(G43+1),入力!$C$86:$C$95,">="&(G43+1))+1,G43+1)) | S43: =IF(R43="","",IF(COUNTIFS(入力!$B$86:$B$95,"<="&(R43),入力!$C$86:$C$95,">="&(R43))>0,SUMIFS(入力!$C$86:$C$95,入力!$B$86:$B$95,"<="&(R43),入力!$C$86:$C$95,">="&(R43))+1,R43)) | U43: =IF(OR(X42="",X42>入力!$J$4+3650),"",X42) | V43: =IF(U43="","",MIN(EOMONTH(U43,0),IF(AND(入力!$B$13<>"",入力!$B$13>U43),入力!$B$13-1,999999),IF(AND(入力!$B$14<>"",入力!$B$14>U43),入力!$B$14-1,999999),IF(AND(入力!$B$15<>"",入力!$B$15>U43),入力!$B$15-1,999999),IF(AND(入力!$B$16<>"",入力!$B$16>U43),入力!$B$16-1,999999),IF(AND(入力!$B$17<>"",入力!$B$17>U43),入力!$B$17-1,999999),IF(AND(入力!$B$18<>"",入力!$B$18>U43),入力!$B$18-1,999999),IF(AND(入力!$B$19<>"",入力!$B$19>U43),入力!$B$19-1,999999),IF(AND(入力!$B$20<>"",入力!$B$20>U43),入力!$B$20-1,999999),IFERROR(SMALL(入力!$B$86:$B$95,COUNTIF(入力!$B$86:$B$95,"<="&U43)+1)-1,999999))) | W43: =IF(V43="","",IF(COUNTIFS(入力!$B$86:$B$95,"<="&(V43+1),入力!$C$86:$C$95,">="&(V43+1))>0,SUMIFS(入力!$C$86:$C$95,入力!$B$86:$B$95,"<="&(V43+1),入力!$C$86:$C$95,">="&(V43+1))+1,V43+1)) | X43: =IF(W43="","",IF(COUNTIFS(入力!$B$86:$B$95,"<="&(W43),入力!$C$86:$C$95,">="&(W43))>0,SUMIFS(入力!$C$86:$C$95,入力!$B$86:$B$95,"<="&(W43),入力!$C$86:$C$95,">="&(W43))+1,W43)) | Y43: =IF(U43="","",IFERROR(VLOOKUP(DATE(YEAR(U43),MONTH(U43),1),カレンダーマスタ!$A$2:$B$301,2,0),NETWORKDAYS(DATE(YEAR(U43),MONTH(U43),1),EOMONTH(U43,0)))) | Z43: =IF(U43="","",IF(入力!$C$8<>"",入力!$C$8,IFERROR(INDEX(入力!$G$37:$G$78,MATCH(DATE(YEAR(U43),MONTH(U43),1),入力!$A$37:$A$78,0)),0))) | AA43: =IF(U43="","",ROUNDDOWN(INDEX(入力!$H$13:$H$20,MATCH(U43,入力!$B$13:$B$20,1))/Y43+INDEX(入力!$I$13:$I$20,MATCH(U43,入力!$B$13:$B$20,1))/22,0)) | AB43: =IF(U43="",0,IF(AND(Z43>AA43,NETWORKDAYS(U43,V43)>0),1,0))
A44: =IF(F44="","",39) | B44: =IF(F44="","",DATE(YEAR(F44),MONTH(F44),1)) | C44: =IF(F44="","",MONTH(F44)) | D44: =IF(F44="","",INDEX(入力!$A$13:$A$20,MATCH(F44,入力!$B$13:$B$20,1))) | E44: =IF(F44="","",IF(G44<=入力!$J$6,"法定","附加")) | F44: =IF(G43="","",IF(G43>=入力!$J$9,"",IF(S43>入力!$J$9,"",S43))) | G44: =IF(F44="","",MIN(EOMONTH(F44,0),入力!$J$9,IF(AND(入力!$B$13<>"",入力!$B$13>F44),入力!$B$13-1,999999),IF(AND(入力!$B$14<>"",入力!$B$14>F44),入力!$B$14-1,999999),IF(AND(入力!$B$15<>"",入力!$B$15>F44),入力!$B$15-1,999999),IF(AND(入力!$B$16<>"",入力!$B$16>F44),入力!$B$16-1,999999),IF(AND(入力!$B$17<>"",入力!$B$17>F44),入力!$B$17-1,999999),IF(AND(入力!$B$18<>"",入力!$B$18>F44),入力!$B$18-1,999999),IF(AND(入力!$B$19<>"",入力!$B$19>F44),入力!$B$19-1,999999),IF(AND(入力!$B$20<>"",入力!$B$20>F44),入力!$B$20-1,999999),IF(AND(入力!$J$7<>"",入力!$J$7>F44),入力!$J$7-1,999999),IFERROR(SMALL(入力!$B$86:$B$95,COUNTIF(入力!$B$86:$B$95,"<="&F44)+1)-1,999999))) | H44: =IF(F44="","",IFERROR(VLOOKUP(B44,カレンダーマスタ!$A$2:$B$301,2,0),NETWORKDAYS(B44,EOMONTH(F44,0)))) | I44: =IF(F44="","",NETWORKDAYS(F44,G44)) | J44: =IF(F44="","",IF(入力!$C$8<>"",入力!$C$8,IF(F44<入力!$J$5,IFERROR(INDEX(入力!$G$37:$G$78,MATCH(B44,入力!$A$37:$A$78,0)),入力!$J$10),入力!$J$10))) | K44: =IF(F44="","",ROUNDDOWN(INDEX(入力!$H$13:$H$20,MATCH(F44,入力!$B$13:$B$20,1))/H44+INDEX(入力!$I$13:$I$20,MATCH(F44,入力!$B$13:$B$20,1))/22,0)) | L44: =IF(F44="","",IF(J44>K44,"〇","×")) | M44: =IF(F44="","",J44*I44) | N44: =IF(F44="","",MIN(J44,K44)*I44) | O44: =IF(F44="","",M44-N44) | P44: =IF(F44="","",IFERROR(INDEX(入力!$G$37:$G$78,MATCH(B44,入力!$A$37:$A$78,0)),"")) | Q44: =IF(F44="","",IF(COUNTIFS($B$6:B44,B44,$C$6:C44,C44,$E$6:E44,E44)=1,MAX($Q$5:Q43)+1,"")) | R44: =IF(G44="","",IF(COUNTIFS(入力!$B$86:$B$95,"<="&(G44+1),入力!$C$86:$C$95,">="&(G44+1))>0,SUMIFS(入力!$C$86:$C$95,入力!$B$86:$B$95,"<="&(G44+1),入力!$C$86:$C$95,">="&(G44+1))+1,G44+1)) | S44: =IF(R44="","",IF(COUNTIFS(入力!$B$86:$B$95,"<="&(R44),入力!$C$86:$C$95,">="&(R44))>0,SUMIFS(入力!$C$86:$C$95,入力!$B$86:$B$95,"<="&(R44),入力!$C$86:$C$95,">="&(R44))+1,R44)) | U44: =IF(OR(X43="",X43>入力!$J$4+3650),"",X43) | V44: =IF(U44="","",MIN(EOMONTH(U44,0),IF(AND(入力!$B$13<>"",入力!$B$13>U44),入力!$B$13-1,999999),IF(AND(入力!$B$14<>"",入力!$B$14>U44),入力!$B$14-1,999999),IF(AND(入力!$B$15<>"",入力!$B$15>U44),入力!$B$15-1,999999),IF(AND(入力!$B$16<>"",入力!$B$16>U44),入力!$B$16-1,999999),IF(AND(入力!$B$17<>"",入力!$B$17>U44),入力!$B$17-1,999999),IF(AND(入力!$B$18<>"",入力!$B$18>U44),入力!$B$18-1,999999),IF(AND(入力!$B$19<>"",入力!$B$19>U44),入力!$B$19-1,999999),IF(AND(入力!$B$20<>"",入力!$B$20>U44),入力!$B$20-1,999999),IFERROR(SMALL(入力!$B$86:$B$95,COUNTIF(入力!$B$86:$B$95,"<="&U44)+1)-1,999999))) | W44: =IF(V44="","",IF(COUNTIFS(入力!$B$86:$B$95,"<="&(V44+1),入力!$C$86:$C$95,">="&(V44+1))>0,SUMIFS(入力!$C$86:$C$95,入力!$B$86:$B$95,"<="&(V44+1),入力!$C$86:$C$95,">="&(V44+1))+1,V44+1)) | X44: =IF(W44="","",IF(COUNTIFS(入力!$B$86:$B$95,"<="&(W44),入力!$C$86:$C$95,">="&(W44))>0,SUMIFS(入力!$C$86:$C$95,入力!$B$86:$B$95,"<="&(W44),入力!$C$86:$C$95,">="&(W44))+1,W44)) | Y44: =IF(U44="","",IFERROR(VLOOKUP(DATE(YEAR(U44),MONTH(U44),1),カレンダーマスタ!$A$2:$B$301,2,0),NETWORKDAYS(DATE(YEAR(U44),MONTH(U44),1),EOMONTH(U44,0)))) | Z44: =IF(U44="","",IF(入力!$C$8<>"",入力!$C$8,IFERROR(INDEX(入力!$G$37:$G$78,MATCH(DATE(YEAR(U44),MONTH(U44),1),入力!$A$37:$A$78,0)),0))) | AA44: =IF(U44="","",ROUNDDOWN(INDEX(入力!$H$13:$H$20,MATCH(U44,入力!$B$13:$B$20,1))/Y44+INDEX(入力!$I$13:$I$20,MATCH(U44,入力!$B$13:$B$20,1))/22,0)) | AB44: =IF(U44="",0,IF(AND(Z44>AA44,NETWORKDAYS(U44,V44)>0),1,0))
A45: =IF(F45="","",40) | B45: =IF(F45="","",DATE(YEAR(F45),MONTH(F45),1)) | C45: =IF(F45="","",MONTH(F45)) | D45: =IF(F45="","",INDEX(入力!$A$13:$A$20,MATCH(F45,入力!$B$13:$B$20,1))) | E45: =IF(F45="","",IF(G45<=入力!$J$6,"法定","附加")) | F45: =IF(G44="","",IF(G44>=入力!$J$9,"",IF(S44>入力!$J$9,"",S44))) | G45: =IF(F45="","",MIN(EOMONTH(F45,0),入力!$J$9,IF(AND(入力!$B$13<>"",入力!$B$13>F45),入力!$B$13-1,999999),IF(AND(入力!$B$14<>"",入力!$B$14>F45),入力!$B$14-1,999999),IF(AND(入力!$B$15<>"",入力!$B$15>F45),入力!$B$15-1,999999),IF(AND(入力!$B$16<>"",入力!$B$16>F45),入力!$B$16-1,999999),IF(AND(入力!$B$17<>"",入力!$B$17>F45),入力!$B$17-1,999999),IF(AND(入力!$B$18<>"",入力!$B$18>F45),入力!$B$18-1,999999),IF(AND(入力!$B$19<>"",入力!$B$19>F45),入力!$B$19-1,999999),IF(AND(入力!$B$20<>"",入力!$B$20>F45),入力!$B$20-1,999999),IF(AND(入力!$J$7<>"",入力!$J$7>F45),入力!$J$7-1,999999),IFERROR(SMALL(入力!$B$86:$B$95,COUNTIF(入力!$B$86:$B$95,"<="&F45)+1)-1,999999))) | H45: =IF(F45="","",IFERROR(VLOOKUP(B45,カレンダーマスタ!$A$2:$B$301,2,0),NETWORKDAYS(B45,EOMONTH(F45,0)))) | I45: =IF(F45="","",NETWORKDAYS(F45,G45)) | J45: =IF(F45="","",IF(入力!$C$8<>"",入力!$C$8,IF(F45<入力!$J$5,IFERROR(INDEX(入力!$G$37:$G$78,MATCH(B45,入力!$A$37:$A$78,0)),入力!$J$10),入力!$J$10))) | K45: =IF(F45="","",ROUNDDOWN(INDEX(入力!$H$13:$H$20,MATCH(F45,入力!$B$13:$B$20,1))/H45+INDEX(入力!$I$13:$I$20,MATCH(F45,入力!$B$13:$B$20,1))/22,0)) | L45: =IF(F45="","",IF(J45>K45,"〇","×")) | M45: =IF(F45="","",J45*I45) | N45: =IF(F45="","",MIN(J45,K45)*I45) | O45: =IF(F45="","",M45-N45) | P45: =IF(F45="","",IFERROR(INDEX(入力!$G$37:$G$78,MATCH(B45,入力!$A$37:$A$78,0)),"")) | Q45: =IF(F45="","",IF(COUNTIFS($B$6:B45,B45,$C$6:C45,C45,$E$6:E45,E45)=1,MAX($Q$5:Q44)+1,"")) | R45: =IF(G45="","",IF(COUNTIFS(入力!$B$86:$B$95,"<="&(G45+1),入力!$C$86:$C$95,">="&(G45+1))>0,SUMIFS(入力!$C$86:$C$95,入力!$B$86:$B$95,"<="&(G45+1),入力!$C$86:$C$95,">="&(G45+1))+1,G45+1)) | S45: =IF(R45="","",IF(COUNTIFS(入力!$B$86:$B$95,"<="&(R45),入力!$C$86:$C$95,">="&(R45))>0,SUMIFS(入力!$C$86:$C$95,入力!$B$86:$B$95,"<="&(R45),入力!$C$86:$C$95,">="&(R45))+1,R45)) | U45: =IF(OR(X44="",X44>入力!$J$4+3650),"",X44) | V45: =IF(U45="","",MIN(EOMONTH(U45,0),IF(AND(入力!$B$13<>"",入力!$B$13>U45),入力!$B$13-1,999999),IF(AND(入力!$B$14<>"",入力!$B$14>U45),入力!$B$14-1,999999),IF(AND(入力!$B$15<>"",入力!$B$15>U45),入力!$B$15-1,999999),IF(AND(入力!$B$16<>"",入力!$B$16>U45),入力!$B$16-1,999999),IF(AND(入力!$B$17<>"",入力!$B$17>U45),入力!$B$17-1,999999),IF(AND(入力!$B$18<>"",入力!$B$18>U45),入力!$B$18-1,999999),IF(AND(入力!$B$19<>"",入力!$B$19>U45),入力!$B$19-1,999999),IF(AND(入力!$B$20<>"",入力!$B$20>U45),入力!$B$20-1,999999),IFERROR(SMALL(入力!$B$86:$B$95,COUNTIF(入力!$B$86:$B$95,"<="&U45)+1)-1,999999))) | W45: =IF(V45="","",IF(COUNTIFS(入力!$B$86:$B$95,"<="&(V45+1),入力!$C$86:$C$95,">="&(V45+1))>0,SUMIFS(入力!$C$86:$C$95,入力!$B$86:$B$95,"<="&(V45+1),入力!$C$86:$C$95,">="&(V45+1))+1,V45+1)) | X45: =IF(W45="","",IF(COUNTIFS(入力!$B$86:$B$95,"<="&(W45),入力!$C$86:$C$95,">="&(W45))>0,SUMIFS(入力!$C$86:$C$95,入力!$B$86:$B$95,"<="&(W45),入力!$C$86:$C$95,">="&(W45))+1,W45)) | Y45: =IF(U45="","",IFERROR(VLOOKUP(DATE(YEAR(U45),MONTH(U45),1),カレンダーマスタ!$A$2:$B$301,2,0),NETWORKDAYS(DATE(YEAR(U45),MONTH(U45),1),EOMONTH(U45,0)))) | Z45: =IF(U45="","",IF(入力!$C$8<>"",入力!$C$8,IFERROR(INDEX(入力!$G$37:$G$78,MATCH(DATE(YEAR(U45),MONTH(U45),1),入力!$A$37:$A$78,0)),0))) | AA45: =IF(U45="","",ROUNDDOWN(INDEX(入力!$H$13:$H$20,MATCH(U45,入力!$B$13:$B$20,1))/Y45+INDEX(入力!$I$13:$I$20,MATCH(U45,入力!$B$13:$B$20,1))/22,0)) | AB45: =IF(U45="",0,IF(AND(Z45>AA45,NETWORKDAYS(U45,V45)>0),1,0))
A46: =IF(F46="","",41) | B46: =IF(F46="","",DATE(YEAR(F46),MONTH(F46),1)) | C46: =IF(F46="","",MONTH(F46)) | D46: =IF(F46="","",INDEX(入力!$A$13:$A$20,MATCH(F46,入力!$B$13:$B$20,1))) | E46: =IF(F46="","",IF(G46<=入力!$J$6,"法定","附加")) | F46: =IF(G45="","",IF(G45>=入力!$J$9,"",IF(S45>入力!$J$9,"",S45))) | G46: =IF(F46="","",MIN(EOMONTH(F46,0),入力!$J$9,IF(AND(入力!$B$13<>"",入力!$B$13>F46),入力!$B$13-1,999999),IF(AND(入力!$B$14<>"",入力!$B$14>F46),入力!$B$14-1,999999),IF(AND(入力!$B$15<>"",入力!$B$15>F46),入力!$B$15-1,999999),IF(AND(入力!$B$16<>"",入力!$B$16>F46),入力!$B$16-1,999999),IF(AND(入力!$B$17<>"",入力!$B$17>F46),入力!$B$17-1,999999),IF(AND(入力!$B$18<>"",入力!$B$18>F46),入力!$B$18-1,999999),IF(AND(入力!$B$19<>"",入力!$B$19>F46),入力!$B$19-1,999999),IF(AND(入力!$B$20<>"",入力!$B$20>F46),入力!$B$20-1,999999),IF(AND(入力!$J$7<>"",入力!$J$7>F46),入力!$J$7-1,999999),IFERROR(SMALL(入力!$B$86:$B$95,COUNTIF(入力!$B$86:$B$95,"<="&F46)+1)-1,999999))) | H46: =IF(F46="","",IFERROR(VLOOKUP(B46,カレンダーマスタ!$A$2:$B$301,2,0),NETWORKDAYS(B46,EOMONTH(F46,0)))) | I46: =IF(F46="","",NETWORKDAYS(F46,G46)) | J46: =IF(F46="","",IF(入力!$C$8<>"",入力!$C$8,IF(F46<入力!$J$5,IFERROR(INDEX(入力!$G$37:$G$78,MATCH(B46,入力!$A$37:$A$78,0)),入力!$J$10),入力!$J$10))) | K46: =IF(F46="","",ROUNDDOWN(INDEX(入力!$H$13:$H$20,MATCH(F46,入力!$B$13:$B$20,1))/H46+INDEX(入力!$I$13:$I$20,MATCH(F46,入力!$B$13:$B$20,1))/22,0)) | L46: =IF(F46="","",IF(J46>K46,"〇","×")) | M46: =IF(F46="","",J46*I46) | N46: =IF(F46="","",MIN(J46,K46)*I46) | O46: =IF(F46="","",M46-N46) | P46: =IF(F46="","",IFERROR(INDEX(入力!$G$37:$G$78,MATCH(B46,入力!$A$37:$A$78,0)),"")) | Q46: =IF(F46="","",IF(COUNTIFS($B$6:B46,B46,$C$6:C46,C46,$E$6:E46,E46)=1,MAX($Q$5:Q45)+1,"")) | R46: =IF(G46="","",IF(COUNTIFS(入力!$B$86:$B$95,"<="&(G46+1),入力!$C$86:$C$95,">="&(G46+1))>0,SUMIFS(入力!$C$86:$C$95,入力!$B$86:$B$95,"<="&(G46+1),入力!$C$86:$C$95,">="&(G46+1))+1,G46+1)) | S46: =IF(R46="","",IF(COUNTIFS(入力!$B$86:$B$95,"<="&(R46),入力!$C$86:$C$95,">="&(R46))>0,SUMIFS(入力!$C$86:$C$95,入力!$B$86:$B$95,"<="&(R46),入力!$C$86:$C$95,">="&(R46))+1,R46)) | U46: =IF(OR(X45="",X45>入力!$J$4+3650),"",X45) | V46: =IF(U46="","",MIN(EOMONTH(U46,0),IF(AND(入力!$B$13<>"",入力!$B$13>U46),入力!$B$13-1,999999),IF(AND(入力!$B$14<>"",入力!$B$14>U46),入力!$B$14-1,999999),IF(AND(入力!$B$15<>"",入力!$B$15>U46),入力!$B$15-1,999999),IF(AND(入力!$B$16<>"",入力!$B$16>U46),入力!$B$16-1,999999),IF(AND(入力!$B$17<>"",入力!$B$17>U46),入力!$B$17-1,999999),IF(AND(入力!$B$18<>"",入力!$B$18>U46),入力!$B$18-1,999999),IF(AND(入力!$B$19<>"",入力!$B$19>U46),入力!$B$19-1,999999),IF(AND(入力!$B$20<>"",入力!$B$20>U46),入力!$B$20-1,999999),IFERROR(SMALL(入力!$B$86:$B$95,COUNTIF(入力!$B$86:$B$95,"<="&U46)+1)-1,999999))) | W46: =IF(V46="","",IF(COUNTIFS(入力!$B$86:$B$95,"<="&(V46+1),入力!$C$86:$C$95,">="&(V46+1))>0,SUMIFS(入力!$C$86:$C$95,入力!$B$86:$B$95,"<="&(V46+1),入力!$C$86:$C$95,">="&(V46+1))+1,V46+1)) | X46: =IF(W46="","",IF(COUNTIFS(入力!$B$86:$B$95,"<="&(W46),入力!$C$86:$C$95,">="&(W46))>0,SUMIFS(入力!$C$86:$C$95,入力!$B$86:$B$95,"<="&(W46),入力!$C$86:$C$95,">="&(W46))+1,W46)) | Y46: =IF(U46="","",IFERROR(VLOOKUP(DATE(YEAR(U46),MONTH(U46),1),カレンダーマスタ!$A$2:$B$301,2,0),NETWORKDAYS(DATE(YEAR(U46),MONTH(U46),1),EOMONTH(U46,0)))) | Z46: =IF(U46="","",IF(入力!$C$8<>"",入力!$C$8,IFERROR(INDEX(入力!$G$37:$G$78,MATCH(DATE(YEAR(U46),MONTH(U46),1),入力!$A$37:$A$78,0)),0))) | AA46: =IF(U46="","",ROUNDDOWN(INDEX(入力!$H$13:$H$20,MATCH(U46,入力!$B$13:$B$20,1))/Y46+INDEX(入力!$I$13:$I$20,MATCH(U46,入力!$B$13:$B$20,1))/22,0)) | AB46: =IF(U46="",0,IF(AND(Z46>AA46,NETWORKDAYS(U46,V46)>0),1,0))
A47: =IF(F47="","",42) | B47: =IF(F47="","",DATE(YEAR(F47),MONTH(F47),1)) | C47: =IF(F47="","",MONTH(F47)) | D47: =IF(F47="","",INDEX(入力!$A$13:$A$20,MATCH(F47,入力!$B$13:$B$20,1))) | E47: =IF(F47="","",IF(G47<=入力!$J$6,"法定","附加")) | F47: =IF(G46="","",IF(G46>=入力!$J$9,"",IF(S46>入力!$J$9,"",S46))) | G47: =IF(F47="","",MIN(EOMONTH(F47,0),入力!$J$9,IF(AND(入力!$B$13<>"",入力!$B$13>F47),入力!$B$13-1,999999),IF(AND(入力!$B$14<>"",入力!$B$14>F47),入力!$B$14-1,999999),IF(AND(入力!$B$15<>"",入力!$B$15>F47),入力!$B$15-1,999999),IF(AND(入力!$B$16<>"",入力!$B$16>F47),入力!$B$16-1,999999),IF(AND(入力!$B$17<>"",入力!$B$17>F47),入力!$B$17-1,999999),IF(AND(入力!$B$18<>"",入力!$B$18>F47),入力!$B$18-1,999999),IF(AND(入力!$B$19<>"",入力!$B$19>F47),入力!$B$19-1,999999),IF(AND(入力!$B$20<>"",入力!$B$20>F47),入力!$B$20-1,999999),IF(AND(入力!$J$7<>"",入力!$J$7>F47),入力!$J$7-1,999999),IFERROR(SMALL(入力!$B$86:$B$95,COUNTIF(入力!$B$86:$B$95,"<="&F47)+1)-1,999999))) | H47: =IF(F47="","",IFERROR(VLOOKUP(B47,カレンダーマスタ!$A$2:$B$301,2,0),NETWORKDAYS(B47,EOMONTH(F47,0)))) | I47: =IF(F47="","",NETWORKDAYS(F47,G47)) | J47: =IF(F47="","",IF(入力!$C$8<>"",入力!$C$8,IF(F47<入力!$J$5,IFERROR(INDEX(入力!$G$37:$G$78,MATCH(B47,入力!$A$37:$A$78,0)),入力!$J$10),入力!$J$10))) | K47: =IF(F47="","",ROUNDDOWN(INDEX(入力!$H$13:$H$20,MATCH(F47,入力!$B$13:$B$20,1))/H47+INDEX(入力!$I$13:$I$20,MATCH(F47,入力!$B$13:$B$20,1))/22,0)) | L47: =IF(F47="","",IF(J47>K47,"〇","×")) | M47: =IF(F47="","",J47*I47) | N47: =IF(F47="","",MIN(J47,K47)*I47) | O47: =IF(F47="","",M47-N47) | P47: =IF(F47="","",IFERROR(INDEX(入力!$G$37:$G$78,MATCH(B47,入力!$A$37:$A$78,0)),"")) | Q47: =IF(F47="","",IF(COUNTIFS($B$6:B47,B47,$C$6:C47,C47,$E$6:E47,E47)=1,MAX($Q$5:Q46)+1,"")) | R47: =IF(G47="","",IF(COUNTIFS(入力!$B$86:$B$95,"<="&(G47+1),入力!$C$86:$C$95,">="&(G47+1))>0,SUMIFS(入力!$C$86:$C$95,入力!$B$86:$B$95,"<="&(G47+1),入力!$C$86:$C$95,">="&(G47+1))+1,G47+1)) | S47: =IF(R47="","",IF(COUNTIFS(入力!$B$86:$B$95,"<="&(R47),入力!$C$86:$C$95,">="&(R47))>0,SUMIFS(入力!$C$86:$C$95,入力!$B$86:$B$95,"<="&(R47),入力!$C$86:$C$95,">="&(R47))+1,R47)) | U47: =IF(OR(X46="",X46>入力!$J$4+3650),"",X46) | V47: =IF(U47="","",MIN(EOMONTH(U47,0),IF(AND(入力!$B$13<>"",入力!$B$13>U47),入力!$B$13-1,999999),IF(AND(入力!$B$14<>"",入力!$B$14>U47),入力!$B$14-1,999999),IF(AND(入力!$B$15<>"",入力!$B$15>U47),入力!$B$15-1,999999),IF(AND(入力!$B$16<>"",入力!$B$16>U47),入力!$B$16-1,999999),IF(AND(入力!$B$17<>"",入力!$B$17>U47),入力!$B$17-1,999999),IF(AND(入力!$B$18<>"",入力!$B$18>U47),入力!$B$18-1,999999),IF(AND(入力!$B$19<>"",入力!$B$19>U47),入力!$B$19-1,999999),IF(AND(入力!$B$20<>"",入力!$B$20>U47),入力!$B$20-1,999999),IFERROR(SMALL(入力!$B$86:$B$95,COUNTIF(入力!$B$86:$B$95,"<="&U47)+1)-1,999999))) | W47: =IF(V47="","",IF(COUNTIFS(入力!$B$86:$B$95,"<="&(V47+1),入力!$C$86:$C$95,">="&(V47+1))>0,SUMIFS(入力!$C$86:$C$95,入力!$B$86:$B$95,"<="&(V47+1),入力!$C$86:$C$95,">="&(V47+1))+1,V47+1)) | X47: =IF(W47="","",IF(COUNTIFS(入力!$B$86:$B$95,"<="&(W47),入力!$C$86:$C$95,">="&(W47))>0,SUMIFS(入力!$C$86:$C$95,入力!$B$86:$B$95,"<="&(W47),入力!$C$86:$C$95,">="&(W47))+1,W47)) | Y47: =IF(U47="","",IFERROR(VLOOKUP(DATE(YEAR(U47),MONTH(U47),1),カレンダーマスタ!$A$2:$B$301,2,0),NETWORKDAYS(DATE(YEAR(U47),MONTH(U47),1),EOMONTH(U47,0)))) | Z47: =IF(U47="","",IF(入力!$C$8<>"",入力!$C$8,IFERROR(INDEX(入力!$G$37:$G$78,MATCH(DATE(YEAR(U47),MONTH(U47),1),入力!$A$37:$A$78,0)),0))) | AA47: =IF(U47="","",ROUNDDOWN(INDEX(入力!$H$13:$H$20,MATCH(U47,入力!$B$13:$B$20,1))/Y47+INDEX(入力!$I$13:$I$20,MATCH(U47,入力!$B$13:$B$20,1))/22,0)) | AB47: =IF(U47="",0,IF(AND(Z47>AA47,NETWORKDAYS(U47,V47)>0),1,0))
A48: =IF(F48="","",43) | B48: =IF(F48="","",DATE(YEAR(F48),MONTH(F48),1)) | C48: =IF(F48="","",MONTH(F48)) | D48: =IF(F48="","",INDEX(入力!$A$13:$A$20,MATCH(F48,入力!$B$13:$B$20,1))) | E48: =IF(F48="","",IF(G48<=入力!$J$6,"法定","附加")) | F48: =IF(G47="","",IF(G47>=入力!$J$9,"",IF(S47>入力!$J$9,"",S47))) | G48: =IF(F48="","",MIN(EOMONTH(F48,0),入力!$J$9,IF(AND(入力!$B$13<>"",入力!$B$13>F48),入力!$B$13-1,999999),IF(AND(入力!$B$14<>"",入力!$B$14>F48),入力!$B$14-1,999999),IF(AND(入力!$B$15<>"",入力!$B$15>F48),入力!$B$15-1,999999),IF(AND(入力!$B$16<>"",入力!$B$16>F48),入力!$B$16-1,999999),IF(AND(入力!$B$17<>"",入力!$B$17>F48),入力!$B$17-1,999999),IF(AND(入力!$B$18<>"",入力!$B$18>F48),入力!$B$18-1,999999),IF(AND(入力!$B$19<>"",入力!$B$19>F48),入力!$B$19-1,999999),IF(AND(入力!$B$20<>"",入力!$B$20>F48),入力!$B$20-1,999999),IF(AND(入力!$J$7<>"",入力!$J$7>F48),入力!$J$7-1,999999),IFERROR(SMALL(入力!$B$86:$B$95,COUNTIF(入力!$B$86:$B$95,"<="&F48)+1)-1,999999))) | H48: =IF(F48="","",IFERROR(VLOOKUP(B48,カレンダーマスタ!$A$2:$B$301,2,0),NETWORKDAYS(B48,EOMONTH(F48,0)))) | I48: =IF(F48="","",NETWORKDAYS(F48,G48)) | J48: =IF(F48="","",IF(入力!$C$8<>"",入力!$C$8,IF(F48<入力!$J$5,IFERROR(INDEX(入力!$G$37:$G$78,MATCH(B48,入力!$A$37:$A$78,0)),入力!$J$10),入力!$J$10))) | K48: =IF(F48="","",ROUNDDOWN(INDEX(入力!$H$13:$H$20,MATCH(F48,入力!$B$13:$B$20,1))/H48+INDEX(入力!$I$13:$I$20,MATCH(F48,入力!$B$13:$B$20,1))/22,0)) | L48: =IF(F48="","",IF(J48>K48,"〇","×")) | M48: =IF(F48="","",J48*I48) | N48: =IF(F48="","",MIN(J48,K48)*I48) | O48: =IF(F48="","",M48-N48) | P48: =IF(F48="","",IFERROR(INDEX(入力!$G$37:$G$78,MATCH(B48,入力!$A$37:$A$78,0)),"")) | Q48: =IF(F48="","",IF(COUNTIFS($B$6:B48,B48,$C$6:C48,C48,$E$6:E48,E48)=1,MAX($Q$5:Q47)+1,"")) | R48: =IF(G48="","",IF(COUNTIFS(入力!$B$86:$B$95,"<="&(G48+1),入力!$C$86:$C$95,">="&(G48+1))>0,SUMIFS(入力!$C$86:$C$95,入力!$B$86:$B$95,"<="&(G48+1),入力!$C$86:$C$95,">="&(G48+1))+1,G48+1)) | S48: =IF(R48="","",IF(COUNTIFS(入力!$B$86:$B$95,"<="&(R48),入力!$C$86:$C$95,">="&(R48))>0,SUMIFS(入力!$C$86:$C$95,入力!$B$86:$B$95,"<="&(R48),入力!$C$86:$C$95,">="&(R48))+1,R48)) | U48: =IF(OR(X47="",X47>入力!$J$4+3650),"",X47) | V48: =IF(U48="","",MIN(EOMONTH(U48,0),IF(AND(入力!$B$13<>"",入力!$B$13>U48),入力!$B$13-1,999999),IF(AND(入力!$B$14<>"",入力!$B$14>U48),入力!$B$14-1,999999),IF(AND(入力!$B$15<>"",入力!$B$15>U48),入力!$B$15-1,999999),IF(AND(入力!$B$16<>"",入力!$B$16>U48),入力!$B$16-1,999999),IF(AND(入力!$B$17<>"",入力!$B$17>U48),入力!$B$17-1,999999),IF(AND(入力!$B$18<>"",入力!$B$18>U48),入力!$B$18-1,999999),IF(AND(入力!$B$19<>"",入力!$B$19>U48),入力!$B$19-1,999999),IF(AND(入力!$B$20<>"",入力!$B$20>U48),入力!$B$20-1,999999),IFERROR(SMALL(入力!$B$86:$B$95,COUNTIF(入力!$B$86:$B$95,"<="&U48)+1)-1,999999))) | W48: =IF(V48="","",IF(COUNTIFS(入力!$B$86:$B$95,"<="&(V48+1),入力!$C$86:$C$95,">="&(V48+1))>0,SUMIFS(入力!$C$86:$C$95,入力!$B$86:$B$95,"<="&(V48+1),入力!$C$86:$C$95,">="&(V48+1))+1,V48+1)) | X48: =IF(W48="","",IF(COUNTIFS(入力!$B$86:$B$95,"<="&(W48),入力!$C$86:$C$95,">="&(W48))>0,SUMIFS(入力!$C$86:$C$95,入力!$B$86:$B$95,"<="&(W48),入力!$C$86:$C$95,">="&(W48))+1,W48)) | Y48: =IF(U48="","",IFERROR(VLOOKUP(DATE(YEAR(U48),MONTH(U48),1),カレンダーマスタ!$A$2:$B$301,2,0),NETWORKDAYS(DATE(YEAR(U48),MONTH(U48),1),EOMONTH(U48,0)))) | Z48: =IF(U48="","",IF(入力!$C$8<>"",入力!$C$8,IFERROR(INDEX(入力!$G$37:$G$78,MATCH(DATE(YEAR(U48),MONTH(U48),1),入力!$A$37:$A$78,0)),0))) | AA48: =IF(U48="","",ROUNDDOWN(INDEX(入力!$H$13:$H$20,MATCH(U48,入力!$B$13:$B$20,1))/Y48+INDEX(入力!$I$13:$I$20,MATCH(U48,入力!$B$13:$B$20,1))/22,0)) | AB48: =IF(U48="",0,IF(AND(Z48>AA48,NETWORKDAYS(U48,V48)>0),1,0))
A49: =IF(F49="","",44) | B49: =IF(F49="","",DATE(YEAR(F49),MONTH(F49),1)) | C49: =IF(F49="","",MONTH(F49)) | D49: =IF(F49="","",INDEX(入力!$A$13:$A$20,MATCH(F49,入力!$B$13:$B$20,1))) | E49: =IF(F49="","",IF(G49<=入力!$J$6,"法定","附加")) | F49: =IF(G48="","",IF(G48>=入力!$J$9,"",IF(S48>入力!$J$9,"",S48))) | G49: =IF(F49="","",MIN(EOMONTH(F49,0),入力!$J$9,IF(AND(入力!$B$13<>"",入力!$B$13>F49),入力!$B$13-1,999999),IF(AND(入力!$B$14<>"",入力!$B$14>F49),入力!$B$14-1,999999),IF(AND(入力!$B$15<>"",入力!$B$15>F49),入力!$B$15-1,999999),IF(AND(入力!$B$16<>"",入力!$B$16>F49),入力!$B$16-1,999999),IF(AND(入力!$B$17<>"",入力!$B$17>F49),入力!$B$17-1,999999),IF(AND(入力!$B$18<>"",入力!$B$18>F49),入力!$B$18-1,999999),IF(AND(入力!$B$19<>"",入力!$B$19>F49),入力!$B$19-1,999999),IF(AND(入力!$B$20<>"",入力!$B$20>F49),入力!$B$20-1,999999),IF(AND(入力!$J$7<>"",入力!$J$7>F49),入力!$J$7-1,999999),IFERROR(SMALL(入力!$B$86:$B$95,COUNTIF(入力!$B$86:$B$95,"<="&F49)+1)-1,999999))) | H49: =IF(F49="","",IFERROR(VLOOKUP(B49,カレンダーマスタ!$A$2:$B$301,2,0),NETWORKDAYS(B49,EOMONTH(F49,0)))) | I49: =IF(F49="","",NETWORKDAYS(F49,G49)) | J49: =IF(F49="","",IF(入力!$C$8<>"",入力!$C$8,IF(F49<入力!$J$5,IFERROR(INDEX(入力!$G$37:$G$78,MATCH(B49,入力!$A$37:$A$78,0)),入力!$J$10),入力!$J$10))) | K49: =IF(F49="","",ROUNDDOWN(INDEX(入力!$H$13:$H$20,MATCH(F49,入力!$B$13:$B$20,1))/H49+INDEX(入力!$I$13:$I$20,MATCH(F49,入力!$B$13:$B$20,1))/22,0)) | L49: =IF(F49="","",IF(J49>K49,"〇","×")) | M49: =IF(F49="","",J49*I49) | N49: =IF(F49="","",MIN(J49,K49)*I49) | O49: =IF(F49="","",M49-N49) | P49: =IF(F49="","",IFERROR(INDEX(入力!$G$37:$G$78,MATCH(B49,入力!$A$37:$A$78,0)),"")) | Q49: =IF(F49="","",IF(COUNTIFS($B$6:B49,B49,$C$6:C49,C49,$E$6:E49,E49)=1,MAX($Q$5:Q48)+1,"")) | R49: =IF(G49="","",IF(COUNTIFS(入力!$B$86:$B$95,"<="&(G49+1),入力!$C$86:$C$95,">="&(G49+1))>0,SUMIFS(入力!$C$86:$C$95,入力!$B$86:$B$95,"<="&(G49+1),入力!$C$86:$C$95,">="&(G49+1))+1,G49+1)) | S49: =IF(R49="","",IF(COUNTIFS(入力!$B$86:$B$95,"<="&(R49),入力!$C$86:$C$95,">="&(R49))>0,SUMIFS(入力!$C$86:$C$95,入力!$B$86:$B$95,"<="&(R49),入力!$C$86:$C$95,">="&(R49))+1,R49)) | U49: =IF(OR(X48="",X48>入力!$J$4+3650),"",X48) | V49: =IF(U49="","",MIN(EOMONTH(U49,0),IF(AND(入力!$B$13<>"",入力!$B$13>U49),入力!$B$13-1,999999),IF(AND(入力!$B$14<>"",入力!$B$14>U49),入力!$B$14-1,999999),IF(AND(入力!$B$15<>"",入力!$B$15>U49),入力!$B$15-1,999999),IF(AND(入力!$B$16<>"",入力!$B$16>U49),入力!$B$16-1,999999),IF(AND(入力!$B$17<>"",入力!$B$17>U49),入力!$B$17-1,999999),IF(AND(入力!$B$18<>"",入力!$B$18>U49),入力!$B$18-1,999999),IF(AND(入力!$B$19<>"",入力!$B$19>U49),入力!$B$19-1,999999),IF(AND(入力!$B$20<>"",入力!$B$20>U49),入力!$B$20-1,999999),IFERROR(SMALL(入力!$B$86:$B$95,COUNTIF(入力!$B$86:$B$95,"<="&U49)+1)-1,999999))) | W49: =IF(V49="","",IF(COUNTIFS(入力!$B$86:$B$95,"<="&(V49+1),入力!$C$86:$C$95,">="&(V49+1))>0,SUMIFS(入力!$C$86:$C$95,入力!$B$86:$B$95,"<="&(V49+1),入力!$C$86:$C$95,">="&(V49+1))+1,V49+1)) | X49: =IF(W49="","",IF(COUNTIFS(入力!$B$86:$B$95,"<="&(W49),入力!$C$86:$C$95,">="&(W49))>0,SUMIFS(入力!$C$86:$C$95,入力!$B$86:$B$95,"<="&(W49),入力!$C$86:$C$95,">="&(W49))+1,W49)) | Y49: =IF(U49="","",IFERROR(VLOOKUP(DATE(YEAR(U49),MONTH(U49),1),カレンダーマスタ!$A$2:$B$301,2,0),NETWORKDAYS(DATE(YEAR(U49),MONTH(U49),1),EOMONTH(U49,0)))) | Z49: =IF(U49="","",IF(入力!$C$8<>"",入力!$C$8,IFERROR(INDEX(入力!$G$37:$G$78,MATCH(DATE(YEAR(U49),MONTH(U49),1),入力!$A$37:$A$78,0)),0))) | AA49: =IF(U49="","",ROUNDDOWN(INDEX(入力!$H$13:$H$20,MATCH(U49,入力!$B$13:$B$20,1))/Y49+INDEX(入力!$I$13:$I$20,MATCH(U49,入力!$B$13:$B$20,1))/22,0)) | AB49: =IF(U49="",0,IF(AND(Z49>AA49,NETWORKDAYS(U49,V49)>0),1,0))
A50: =IF(F50="","",45) | B50: =IF(F50="","",DATE(YEAR(F50),MONTH(F50),1)) | C50: =IF(F50="","",MONTH(F50)) | D50: =IF(F50="","",INDEX(入力!$A$13:$A$20,MATCH(F50,入力!$B$13:$B$20,1))) | E50: =IF(F50="","",IF(G50<=入力!$J$6,"法定","附加")) | F50: =IF(G49="","",IF(G49>=入力!$J$9,"",IF(S49>入力!$J$9,"",S49))) | G50: =IF(F50="","",MIN(EOMONTH(F50,0),入力!$J$9,IF(AND(入力!$B$13<>"",入力!$B$13>F50),入力!$B$13-1,999999),IF(AND(入力!$B$14<>"",入力!$B$14>F50),入力!$B$14-1,999999),IF(AND(入力!$B$15<>"",入力!$B$15>F50),入力!$B$15-1,999999),IF(AND(入力!$B$16<>"",入力!$B$16>F50),入力!$B$16-1,999999),IF(AND(入力!$B$17<>"",入力!$B$17>F50),入力!$B$17-1,999999),IF(AND(入力!$B$18<>"",入力!$B$18>F50),入力!$B$18-1,999999),IF(AND(入力!$B$19<>"",入力!$B$19>F50),入力!$B$19-1,999999),IF(AND(入力!$B$20<>"",入力!$B$20>F50),入力!$B$20-1,999999),IF(AND(入力!$J$7<>"",入力!$J$7>F50),入力!$J$7-1,999999),IFERROR(SMALL(入力!$B$86:$B$95,COUNTIF(入力!$B$86:$B$95,"<="&F50)+1)-1,999999))) | H50: =IF(F50="","",IFERROR(VLOOKUP(B50,カレンダーマスタ!$A$2:$B$301,2,0),NETWORKDAYS(B50,EOMONTH(F50,0)))) | I50: =IF(F50="","",NETWORKDAYS(F50,G50)) | J50: =IF(F50="","",IF(入力!$C$8<>"",入力!$C$8,IF(F50<入力!$J$5,IFERROR(INDEX(入力!$G$37:$G$78,MATCH(B50,入力!$A$37:$A$78,0)),入力!$J$10),入力!$J$10))) | K50: =IF(F50="","",ROUNDDOWN(INDEX(入力!$H$13:$H$20,MATCH(F50,入力!$B$13:$B$20,1))/H50+INDEX(入力!$I$13:$I$20,MATCH(F50,入力!$B$13:$B$20,1))/22,0)) | L50: =IF(F50="","",IF(J50>K50,"〇","×")) | M50: =IF(F50="","",J50*I50) | N50: =IF(F50="","",MIN(J50,K50)*I50) | O50: =IF(F50="","",M50-N50) | P50: =IF(F50="","",IFERROR(INDEX(入力!$G$37:$G$78,MATCH(B50,入力!$A$37:$A$78,0)),"")) | Q50: =IF(F50="","",IF(COUNTIFS($B$6:B50,B50,$C$6:C50,C50,$E$6:E50,E50)=1,MAX($Q$5:Q49)+1,"")) | R50: =IF(G50="","",IF(COUNTIFS(入力!$B$86:$B$95,"<="&(G50+1),入力!$C$86:$C$95,">="&(G50+1))>0,SUMIFS(入力!$C$86:$C$95,入力!$B$86:$B$95,"<="&(G50+1),入力!$C$86:$C$95,">="&(G50+1))+1,G50+1)) | S50: =IF(R50="","",IF(COUNTIFS(入力!$B$86:$B$95,"<="&(R50),入力!$C$86:$C$95,">="&(R50))>0,SUMIFS(入力!$C$86:$C$95,入力!$B$86:$B$95,"<="&(R50),入力!$C$86:$C$95,">="&(R50))+1,R50)) | U50: =IF(OR(X49="",X49>入力!$J$4+3650),"",X49) | V50: =IF(U50="","",MIN(EOMONTH(U50,0),IF(AND(入力!$B$13<>"",入力!$B$13>U50),入力!$B$13-1,999999),IF(AND(入力!$B$14<>"",入力!$B$14>U50),入力!$B$14-1,999999),IF(AND(入力!$B$15<>"",入力!$B$15>U50),入力!$B$15-1,999999),IF(AND(入力!$B$16<>"",入力!$B$16>U50),入力!$B$16-1,999999),IF(AND(入力!$B$17<>"",入力!$B$17>U50),入力!$B$17-1,999999),IF(AND(入力!$B$18<>"",入力!$B$18>U50),入力!$B$18-1,999999),IF(AND(入力!$B$19<>"",入力!$B$19>U50),入力!$B$19-1,999999),IF(AND(入力!$B$20<>"",入力!$B$20>U50),入力!$B$20-1,999999),IFERROR(SMALL(入力!$B$86:$B$95,COUNTIF(入力!$B$86:$B$95,"<="&U50)+1)-1,999999))) | W50: =IF(V50="","",IF(COUNTIFS(入力!$B$86:$B$95,"<="&(V50+1),入力!$C$86:$C$95,">="&(V50+1))>0,SUMIFS(入力!$C$86:$C$95,入力!$B$86:$B$95,"<="&(V50+1),入力!$C$86:$C$95,">="&(V50+1))+1,V50+1)) | X50: =IF(W50="","",IF(COUNTIFS(入力!$B$86:$B$95,"<="&(W50),入力!$C$86:$C$95,">="&(W50))>0,SUMIFS(入力!$C$86:$C$95,入力!$B$86:$B$95,"<="&(W50),入力!$C$86:$C$95,">="&(W50))+1,W50)) | Y50: =IF(U50="","",IFERROR(VLOOKUP(DATE(YEAR(U50),MONTH(U50),1),カレンダーマスタ!$A$2:$B$301,2,0),NETWORKDAYS(DATE(YEAR(U50),MONTH(U50),1),EOMONTH(U50,0)))) | Z50: =IF(U50="","",IF(入力!$C$8<>"",入力!$C$8,IFERROR(INDEX(入力!$G$37:$G$78,MATCH(DATE(YEAR(U50),MONTH(U50),1),入力!$A$37:$A$78,0)),0))) | AA50: =IF(U50="","",ROUNDDOWN(INDEX(入力!$H$13:$H$20,MATCH(U50,入力!$B$13:$B$20,1))/Y50+INDEX(入力!$I$13:$I$20,MATCH(U50,入力!$B$13:$B$20,1))/22,0)) | AB50: =IF(U50="",0,IF(AND(Z50>AA50,NETWORKDAYS(U50,V50)>0),1,0))
A51: =IF(F51="","",46) | B51: =IF(F51="","",DATE(YEAR(F51),MONTH(F51),1)) | C51: =IF(F51="","",MONTH(F51)) | D51: =IF(F51="","",INDEX(入力!$A$13:$A$20,MATCH(F51,入力!$B$13:$B$20,1))) | E51: =IF(F51="","",IF(G51<=入力!$J$6,"法定","附加")) | F51: =IF(G50="","",IF(G50>=入力!$J$9,"",IF(S50>入力!$J$9,"",S50))) | G51: =IF(F51="","",MIN(EOMONTH(F51,0),入力!$J$9,IF(AND(入力!$B$13<>"",入力!$B$13>F51),入力!$B$13-1,999999),IF(AND(入力!$B$14<>"",入力!$B$14>F51),入力!$B$14-1,999999),IF(AND(入力!$B$15<>"",入力!$B$15>F51),入力!$B$15-1,999999),IF(AND(入力!$B$16<>"",入力!$B$16>F51),入力!$B$16-1,999999),IF(AND(入力!$B$17<>"",入力!$B$17>F51),入力!$B$17-1,999999),IF(AND(入力!$B$18<>"",入力!$B$18>F51),入力!$B$18-1,999999),IF(AND(入力!$B$19<>"",入力!$B$19>F51),入力!$B$19-1,999999),IF(AND(入力!$B$20<>"",入力!$B$20>F51),入力!$B$20-1,999999),IF(AND(入力!$J$7<>"",入力!$J$7>F51),入力!$J$7-1,999999),IFERROR(SMALL(入力!$B$86:$B$95,COUNTIF(入力!$B$86:$B$95,"<="&F51)+1)-1,999999))) | H51: =IF(F51="","",IFERROR(VLOOKUP(B51,カレンダーマスタ!$A$2:$B$301,2,0),NETWORKDAYS(B51,EOMONTH(F51,0)))) | I51: =IF(F51="","",NETWORKDAYS(F51,G51)) | J51: =IF(F51="","",IF(入力!$C$8<>"",入力!$C$8,IF(F51<入力!$J$5,IFERROR(INDEX(入力!$G$37:$G$78,MATCH(B51,入力!$A$37:$A$78,0)),入力!$J$10),入力!$J$10))) | K51: =IF(F51="","",ROUNDDOWN(INDEX(入力!$H$13:$H$20,MATCH(F51,入力!$B$13:$B$20,1))/H51+INDEX(入力!$I$13:$I$20,MATCH(F51,入力!$B$13:$B$20,1))/22,0)) | L51: =IF(F51="","",IF(J51>K51,"〇","×")) | M51: =IF(F51="","",J51*I51) | N51: =IF(F51="","",MIN(J51,K51)*I51) | O51: =IF(F51="","",M51-N51) | P51: =IF(F51="","",IFERROR(INDEX(入力!$G$37:$G$78,MATCH(B51,入力!$A$37:$A$78,0)),"")) | Q51: =IF(F51="","",IF(COUNTIFS($B$6:B51,B51,$C$6:C51,C51,$E$6:E51,E51)=1,MAX($Q$5:Q50)+1,"")) | R51: =IF(G51="","",IF(COUNTIFS(入力!$B$86:$B$95,"<="&(G51+1),入力!$C$86:$C$95,">="&(G51+1))>0,SUMIFS(入力!$C$86:$C$95,入力!$B$86:$B$95,"<="&(G51+1),入力!$C$86:$C$95,">="&(G51+1))+1,G51+1)) | S51: =IF(R51="","",IF(COUNTIFS(入力!$B$86:$B$95,"<="&(R51),入力!$C$86:$C$95,">="&(R51))>0,SUMIFS(入力!$C$86:$C$95,入力!$B$86:$B$95,"<="&(R51),入力!$C$86:$C$95,">="&(R51))+1,R51)) | U51: =IF(OR(X50="",X50>入力!$J$4+3650),"",X50) | V51: =IF(U51="","",MIN(EOMONTH(U51,0),IF(AND(入力!$B$13<>"",入力!$B$13>U51),入力!$B$13-1,999999),IF(AND(入力!$B$14<>"",入力!$B$14>U51),入力!$B$14-1,999999),IF(AND(入力!$B$15<>"",入力!$B$15>U51),入力!$B$15-1,999999),IF(AND(入力!$B$16<>"",入力!$B$16>U51),入力!$B$16-1,999999),IF(AND(入力!$B$17<>"",入力!$B$17>U51),入力!$B$17-1,999999),IF(AND(入力!$B$18<>"",入力!$B$18>U51),入力!$B$18-1,999999),IF(AND(入力!$B$19<>"",入力!$B$19>U51),入力!$B$19-1,999999),IF(AND(入力!$B$20<>"",入力!$B$20>U51),入力!$B$20-1,999999),IFERROR(SMALL(入力!$B$86:$B$95,COUNTIF(入力!$B$86:$B$95,"<="&U51)+1)-1,999999))) | W51: =IF(V51="","",IF(COUNTIFS(入力!$B$86:$B$95,"<="&(V51+1),入力!$C$86:$C$95,">="&(V51+1))>0,SUMIFS(入力!$C$86:$C$95,入力!$B$86:$B$95,"<="&(V51+1),入力!$C$86:$C$95,">="&(V51+1))+1,V51+1)) | X51: =IF(W51="","",IF(COUNTIFS(入力!$B$86:$B$95,"<="&(W51),入力!$C$86:$C$95,">="&(W51))>0,SUMIFS(入力!$C$86:$C$95,入力!$B$86:$B$95,"<="&(W51),入力!$C$86:$C$95,">="&(W51))+1,W51)) | Y51: =IF(U51="","",IFERROR(VLOOKUP(DATE(YEAR(U51),MONTH(U51),1),カレンダーマスタ!$A$2:$B$301,2,0),NETWORKDAYS(DATE(YEAR(U51),MONTH(U51),1),EOMONTH(U51,0)))) | Z51: =IF(U51="","",IF(入力!$C$8<>"",入力!$C$8,IFERROR(INDEX(入力!$G$37:$G$78,MATCH(DATE(YEAR(U51),MONTH(U51),1),入力!$A$37:$A$78,0)),0))) | AA51: =IF(U51="","",ROUNDDOWN(INDEX(入力!$H$13:$H$20,MATCH(U51,入力!$B$13:$B$20,1))/Y51+INDEX(入力!$I$13:$I$20,MATCH(U51,入力!$B$13:$B$20,1))/22,0)) | AB51: =IF(U51="",0,IF(AND(Z51>AA51,NETWORKDAYS(U51,V51)>0),1,0))
