Workbook

Sheet 使い方
B2: 育児時短勤務手当金 管理台帳 使い方
B4: ■ 毎月の流れ（Excelだけで動作・マクロ不使用）
B5: 1. 【マクロ有効版(.xlsm)】「請求記録」シート上部の［申請書ファイルを取り込む］ボタン → 提出された電子申請書(.xlsx/.xlsm)を複数選択 → 次の空行へ自動で追記（受付日＝今日）。入力エラーが残っている申請書・同じ職員同じ月の重複は取り込まず、理由を表示します。
B6: 【マクロなし版(.xlsx)】電子申請書の「共済組合提出データ」シート2行目（A2:T2）をコピー →「請求記録」の次の空行のB列へ『値のみ貼り付け』。
B7: 紙の申請書は黄色い列に直接入力（最低限：職員番号・対象年・対象月・報酬額）。
B8: 2. 氏名・所属・標準報酬月額・判定（○△×）・決定額・ステータスが自動で出ます。「チェック」列に文字が出た行は、申請書と人給/マスタの食い違い等があるので確認します。
B9: 3. 基幹システムへ入力して支給月が決まったら、「支給月」列を選択 →ステータスが「支給済」になります。
B10: 4. 支給を保留するときは「保留理由」（と保留開始日・次回確認予定日）を入れるだけ。「保留一覧」に自動で載り、経過日数が出ます。解決したら「保留解消日」または「支給月」を入れると一覧から消えます（履歴は残ります）。
B11: 5. 請求前に保留する場合（育休期間の変更待ち等）は「職員マスタ」の【職員単位の保留】に入れます。
B13: ■ シートの役割
B14: 請求記録：1請求1行の台帳（ここが本体。3,000行まで）／保留一覧：保留中の請求・職員と理由別件数／月次集計：対象月別・支給月別の件数と金額／職員別一覧：従来のリストと同じ見方（月×職員）
B15: 職員マスタ：職員ごとの時短期間・標準報酬月額・子の生年月日／人給データ：人給の出力を貼り付ける場所（職員マスタに自動反映）／設定：最低限度額(2,411円)・給付率・保留理由の一覧
... B24: ・旧リストから移行した行の保留開始日は不明のため空欄です（入れると経過日数が出ます）。

Sheet 請求記録
A1: 請求記録（1請求＝1行）
A2: 電子申請書の「共済組合提出データ」2行目をB列に値のみ貼り付け、または黄色い列を直接入力。灰色の列は自動計算です。
A4: ▼ 申請書の内容（貼付／入力） | V4: ▼ 自動判定と管理（黄色＝入力）
A5: 受付日 | B5: 職員番号 | C5: 対象年(令和) | D5: 対象月 | E5: 報酬額 | F5: 通勤手当有無 | G5: 通勤手当月額 | H5: 氏名(申請書) | I5: 組合員記号 | J5: 組合員番号 | K5: 勤務区分 | L5: 時短開始日 | M5: 時短終了日 | N5: 請求期間開始 | O5: 請求期間終了 | P5: 子の氏名 | Q5: 子の生年月日 | R5: 所属名称 | S5: 請求日 | T5: 初回請求 | U5: 申請書の入力エラー件数 | V5: 氏名 | W5: 所属 | X5: 対象月 | Y5: 標準報酬月額 | Z5: 判定 | AA5: 計算額 | AB5: 決定額（手修正） | AC5: 決定額 | AD5: ステータス | AE5: 保留理由 | AF5: 保留開始日 | AG5: 保留解消日 | AH5: 次回確認予定日 | AI5: 保留経過日数 | AJ5: 支給月 | AK5: チェック（空欄＝問題なし） | AL5: 備考 | AM5: 保留連番 | AN5: マスタ行 | AO5: 対象月初日
B6: 5901723 | C6: 8 | D6: 5 | E6: 438260 | V6: =IF($AN6="",IF($B6="","",$H6),IF(INDEX(職員マスタ!$B$6:$B$405,$AN6)="",$H6,INDEX(職員マスタ!$B$6:$B$405,$AN6))) | W6: =IF($AN6="",IF($B6="","",$R6),IF(INDEX(職員マスタ!$C$6:$C$405,$AN6)="",$R6,INDEX(職員マスタ!$C$6:$C$405,$AN6))) | X6: =IF($AO6="","","R"&$C6&"."&$D6) | Y6: =IF($AN6="","",IF(INDEX(職員マスタ!$K$6:$K$405,$AN6)="","",INDEX(職員マスタ!$K$6:$K$405,$AN6))) | Z6: =IF(OR($E6="",$Y6=""),"",IF($E6>=$Y6,"×",IF($E6>=$Y6*設定!$C$5,"△","○"))) | AA6: =IF($Z6="","",IF($Z6="×",0,IF($Z6="○",ROUNDDOWN($E6*設定!$C$4,0),ROUNDDOWN($E6*ROUND((9*$Y6-9*$E6)/(10*$E6),4),0)))) | AC6: =IF($B6="","",IF($AB6<>"",$AB6,IF($AA6="","",IF($AA6<=設定!$C$3,0,$AA6)))) | AD6: =IF($B6="","",IF(AND($AE6<>"",$AG6="",$AJ6=""),"保留中",IF($AJ6<>"",IF(N($AC6)>0,"支給済","不支給"),IF($AC6="","要確認",IF($AC6=0,"不支給","未処理"))))) | AI6: =IF(AND($AD6="保留中",$AF6<>""),TODAY()-$AF6,"") | AK6: =IF($B6="","",IF($AO6="","対象年月が未入力／","")&IF($B6="","",IF($AN6="","職員マスタに未登録の職員番号／",IF($Y6="","標準報酬月額が未登録／","")&IF(AND($AO6<>"",OR(AND(INDEX(職員マスタ!$G$6:$G$405,$AN6)<>"",INDEX(職員マスタ!$G$6:$G$405,$AN6)>EOMONTH($AO6,0)),AND(INDEX(職員マスタ!$H$6:$H$405,$AN6)<>"",INDEX(職員マスタ!$H$6:$H$405,$AN6)<$AO6))),"対象月が時短期間外／","")&IF(AND(INDEX(職員マスタ!$F$6:$F$405,$AN6)<>"",$AO6<>"",INDEX(職員マスタ!$F$6:$F$405,$AN6)<$AO6),"対象月に子が2歳到達済／","")&IF(AND($H6<>"",INDEX(職員マスタ!$B$6:$B$405,$AN6)<>"",SUBSTITUTE(SUBSTITUTE($H6," ","")," ","")<>SUBSTITUTE(SUBSTITUTE(INDEX(職員マスタ!$B$6:$B$405,$AN6)," ","")," ","")),"氏名がマスタと相違／","")&IF(AND($Q6<>"",INDEX(職員マスタ!$E$6:$E$405,$AN6)<>"",$Q6<>INDEX(職員マスタ!$E$6:$E$405,$AN6)),"子の生年月日がマスタと相違／","")&IF(AND($L6<>"",INDEX(職員マスタ!$G$6:$G$405,$AN6)<>"",$L6<>INDEX(職員マスタ!$G$6:$G$405,$AN6)),"時短開始日がマスタと相違／","")&IF(AND($M6<>"",INDEX(職員マスタ!$H$6:$H$405,$AN6)<>"",$M6<>INDEX(職員マスタ!$H$6:$H$405,$AN6)),"時短終了日がマスタと相違／","")))&IF(AND($B6<>"",$E6=""),"報酬額が未入力／","")&IF(N($U6)>0,"申請書に入力エラーが残っています／","")&IF(AND($B6<>"",$AO6<>""),IF(COUNTIFS($B$6:$B$3005,$B6,$C$6:$C$3005,$C6,$D$6:$D$3005,$D6)>1,"同じ月の請求が重複しています／",""),"")&IF(AND(N($E6)>0,$Z6<>"",$Z6<>"×",$AC6=0,$AB6=""),"計算額が下限以下のため不支給／","")) | AM6: =IF($AD6="保留中",COUNTIF($AD$6:$AD6,"保留中"),"") | AN6: =IF($AO6="","",IF(SUMPRODUCT(MAX((職員マスタ!$A$6:$A$405=$B6)*(((職員マスタ!$G$6:$G$405="")+(職員マスタ!$G$6:$G$405<=EOMONTH($AO6,0)))>0)*(((職員マスタ!$H$6:$H$405="")+(職員マスタ!$H$6:$H$405>=$AO6))>0)*(ROW(職員マスタ!$A$6:$A$405)-5)))>0,SUMPRODUCT(MAX((職員マスタ!$A$6:$A$405=$B6)*(((職員マスタ!$G$6:$G$405="")+(職員マスタ!$G$6:$G$405<=EOMONTH($AO6,0)))>0)*(((職員マスタ!$H$6:$H$405="")+(職員マスタ!$H$6:$H$405>=$AO6))>0)*(ROW(職員マスタ!$A$6:$A$405)-5))),IFERROR(MATCH($B6,職員マスタ!$A$6:$A$405,0),""))) | AO6: =IF(OR($B6="",$C6="",$D6=""),"",DATE($C6+2018,$D6,1))
B7: 5901723 | C7: 8 | D7: 6 | E7: 386542 | V7: =IF($AN7="",IF($B7="","",$H7),IF(INDEX(職員マスタ!$B$6:$B$405,$AN7)="",$H7,INDEX(職員マスタ!$B$6:$B$405,$AN7))) | W7: =IF($AN7="",IF($B7="","",$R7),IF(INDEX(職員マスタ!$C$6:$C$405,$AN7)="",$R7,INDEX(職員マスタ!$C$6:$C$405,$AN7))) | X7: =IF($AO7="","","R"&$C7&"."&$D7) | Y7: =IF($AN7="","",IF(INDEX(職員マスタ!$K$6:$K$405,$AN7)="","",INDEX(職員マスタ!$K$6:$K$405,$AN7))) | Z7: =IF(OR($E7="",$Y7=""),"",IF($E7>=$Y7,"×",IF($E7>=$Y7*設定!$C$5,"△","○"))) | AA7: =IF($Z7="","",IF($Z7="×",0,IF($Z7="○",ROUNDDOWN($E7*設定!$C$4,0),ROUNDDOWN($E7*ROUND((9*$Y7-9*$E7)/(10*$E7),4),0)))) | AC7: =IF($B7="","",IF($AB7<>"",$AB7,IF($AA7="","",IF($AA7<=設定!$C$3,0,$AA7)))) | AD7: =IF($B7="","",IF(AND($AE7<>"",$AG7="",$AJ7=""),"保留中",IF($AJ7<>"",IF(N($AC7)>0,"支給済","不支給"),IF($AC7="","要確認",IF($AC7=0,"不支給","未処理"))))) | AI7: =IF(AND($AD7="保留中",$AF7<>""),TODAY()-$AF7,"") | AJ7: R8.8 | AK7: =IF($B7="","",IF($AO7="","対象年月が未入力／","")&IF($B7="","",IF($AN7="","職員マスタに未登録の職員番号／",IF($Y7="","標準報酬月額が未登録／","")&IF(AND($AO7<>"",OR(AND(INDEX(職員マスタ!$G$6:$G$405,$AN7)<>"",INDEX(職員マスタ!$G$6:$G$405,$AN7)>EOMONTH($AO7,0)),AND(INDEX(職員マスタ!$H$6:$H$405,$AN7)<>"",INDEX(職員マスタ!$H$6:$H$405,$AN7)<$AO7))),"対象月が時短期間外／","")&IF(AND(INDEX(職員マスタ!$F$6:$F$405,$AN7)<>"",$AO7<>"",INDEX(職員マスタ!$F$6:$F$405,$AN7)<$AO7),"対象月に子が2歳到達済／","")&IF(AND($H7<>"",INDEX(職員マスタ!$B$6:$B$405,$AN7)<>"",SUBSTITUTE(SUBSTITUTE($H7," ","")," ","")<>SUBSTITUTE(SUBSTITUTE(INDEX(職員マスタ!$B$6:$B$405,$AN7)," ","")," ","")),"氏名がマスタと相違／","")&IF(AND($Q7<>"",INDEX(職員マスタ!$E$6:$E$405,$AN7)<>"",$Q7<>INDEX(職員マスタ!$E$6:$E$405,$AN7)),"子の生年月日がマスタと相違／","")&IF(AND($L7<>"",INDEX(職員マスタ!$G$6:$G$405,$AN7)<>"",$L7<>INDEX(職員マスタ!$G$6:$G$405,$AN7)),"時短開始日がマスタと相違／","")&IF(AND($M7<>"",INDEX(職員マスタ!$H$6:$H$405,$AN7)<>"",$M7<>INDEX(職員マスタ!$H$6:$H$405,$AN7)),"時短終了日がマスタと相違／","")))&IF(AND($B7<>"",$E7=""),"報酬額が未入力／","")&IF(N($U7)>0,"申請書に入力エラーが残っています／","")&IF(AND($B7<>"",$AO7<>""),IF(COUNTIFS($B$6:$B$3005,$B7,$C$6:$C$3005,$C7,$D$6:$D$3005,$D7)>1,"同じ月の請求が重複しています／",""),"")&IF(AND(N($E7)>0,$Z7<>"",$Z7<>"×",$AC7=0,$AB7=""),"計算額が下限以下のため不支給／","")) | AM7: =IF($AD7="保留中",COUNTIF($AD$6:$AD7,"保留中"),"") | AN7: =IF($AO7="","",IF(SUMPRODUCT(MAX((職員マスタ!$A$6:$A$405=$B7)*(((職員マスタ!$G$6:$G$405="")+(職員マスタ!$G$6:$G$405<=EOMONTH($AO7,0)))>0)*(((職員マスタ!$H$6:$H$405="")+(職員マスタ!$H$6:$H$405>=$AO7))>0)*(ROW(職員マスタ!$A$6:$A$405)-5)))>0,SUMPRODUCT(MAX((職員マスタ!$A$6:$A$405=$B7)*(((職員マスタ!$G$6:$G$405="")+(職員マスタ!$G$6:$G$405<=EOMONTH($AO7,0)))>0)*(((職員マスタ!$H$6:$H$405="")+(職員マスタ!$H$6:$H$405>=$AO7))>0)*(ROW(職員マスタ!$A$6:$A$405)-5))),IFERROR(MATCH($B7,職員マスタ!$A$6:$A$405,0),""))) | AO7: =IF(OR($B7="",$C7="",$D7=""),"",DATE($C7+2018,$D7,1))
B8: 5901723 | C8: 8 | D8: 7 | E8: 397430 | V8: =IF($AN8="",IF($B8="","",$H8),IF(INDEX(職員マスタ!$B$6:$B$405,$AN8)="",$H8,INDEX(職員マスタ!$B$6:$B$405,$AN8))) | W8: =IF($AN8="",IF($B8="","",$R8),IF(INDEX(職員マスタ!$C$6:$C$405,$AN8)="",$R8,INDEX(職員マスタ!$C$6:$C$405,$AN8))) | X8: =IF($AO8="","","R"&$C8&"."&$D8) | Y8: =IF($AN8="","",IF(INDEX(職員マスタ!$K$6:$K$405,$AN8)="","",INDEX(職員マスタ!$K$6:$K$405,$AN8))) | Z8: =IF(OR($E8="",$Y8=""),"",IF($E8>=$Y8,"×",IF($E8>=$Y8*設定!$C$5,"△","○"))) | AA8: =IF($Z8="","",IF($Z8="×",0,IF($Z8="○",ROUNDDOWN($E8*設定!$C$4,0),ROUNDDOWN($E8*ROUND((9*$Y8-9*$E8)/(10*$E8),4),0)))) | AC8: =IF($B8="","",IF($AB8<>"",$AB8,IF($AA8="","",IF($AA8<=設定!$C$3,0,$AA8)))) | AD8: =IF($B8="","",IF(AND($AE8<>"",$AG8="",$AJ8=""),"保留中",IF($AJ8<>"",IF(N($AC8)>0,"支給済","不支給"),IF($AC8="","要確認",IF($AC8=0,"不支給","未処理"))))) | AI8: =IF(AND($AD8="保留中",$AF8<>""),TODAY()-$AF8,"") | AJ8: R8.9 | AK8: =IF($B8="","",IF($AO8="","対象年月が未入力／","")&IF($B8="","",IF($AN8="","職員マスタに未登録の職員番号／",IF($Y8="","標準報酬月額が未登録／","")&IF(AND($AO8<>"",OR(AND(INDEX(職員マスタ!$G$6:$G$405,$AN8)<>"",INDEX(職員マスタ!$G$6:$G$405,$AN8)>EOMONTH($AO8,0)),AND(INDEX(職員マスタ!$H$6:$H$405,$AN8)<>"",INDEX(職員マスタ!$H$6:$H$405,$AN8)<$AO8))),"対象月が時短期間外／","")&IF(AND(INDEX(職員マスタ!$F$6:$F$405,$AN8)<>"",$AO8<>"",INDEX(職員マスタ!$F$6:$F$405,$AN8)<$AO8),"対象月に子が2歳到達済／","")&IF(AND($H8<>"",INDEX(職員マスタ!$B$6:$B$405,$AN8)<>"",SUBSTITUTE(SUBSTITUTE($H8," ","")," ","")<>SUBSTITUTE(SUBSTITUTE(INDEX(職員マスタ!$B$6:$B$405,$AN8)," ","")," ","")),"氏名がマスタと相違／","")&IF(AND($Q8<>"",INDEX(職員マスタ!$E$6:$E$405,$AN8)<>"",$Q8<>INDEX(職員マスタ!$E$6:$E$405,$AN8)),"子の生年月日がマスタと相違／","")&IF(AND($L8<>"",INDEX(職員マスタ!$G$6:$G$405,$AN8)<>"",$L8<>INDEX(職員マスタ!$G$6:$G$405,$AN8)),"時短開始日がマスタと相違／","")&IF(AND($M8<>"",INDEX(職員マスタ!$H$6:$H$405,$AN8)<>"",$M8<>INDEX(職員マスタ!$H$6:$H$405,$AN8)),"時短終了日がマスタと相違／","")))&IF(AND($B8<>"",$E8=""),"報酬額が未入力／","")&IF(N($U8)>0,"申請書に入力エラーが残っています／","")&IF(AND($B8<>"",$AO8<>""),IF(COUNTIFS($B$6:$B$3005,$B8,$C$6:$C$3005,$C8,$D$6:$D$3005,$D8)>1,"同じ月の請求が重複しています／",""),"")&IF(AND(N($E8)>0,$Z8<>"",$Z8<>"×",$AC8=0,$AB8=""),"計算額が下限以下のため不支給／","")) | AM8: =IF($AD8="保留中",COUNTIF($AD$6:$AD8,"保留中"),"") | AN8: =IF($AO8="","",IF(SUMPRODUCT(MAX((職員マスタ!$A$6:$A$405=$B8)*(((職員マスタ!$G$6:$G$405="")+(職員マスタ!$G$6:$G$405<=EOMONTH($AO8,0)))>0)*(((職員マスタ!$H$6:$H$405="")+(職員マスタ!$H$6:$H$405>=$AO8))>0)*(ROW(職員マスタ!$A$6:$A$405)-5)))>0,SUMPRODUCT(MAX((職員マスタ!$A$6:$A$405=$B8)*(((職員マスタ!$G$6:$G$405="")+(職員マスタ!$G$6:$G$405<=EOMONTH($AO8,0)))>0)*(((職員マスタ!$H$6:$H$405="")+(職員マスタ!$H$6:$H$405>=$AO8))>0)*(ROW(職員マスタ!$A$6:$A$405)-5))),IFERROR(MATCH($B8,職員マスタ!$A$6:$A$405,0),""))) | AO8: =IF(OR($B8="",$C8="",$D8=""),"",DATE($C8+2018,$D8,1))
B9: 5901723 | C9: 8 | D9: 8 | E9: 378376 | V9: =IF($AN9="",IF($B9="","",$H9),IF(INDEX(職員マスタ!$B$6:$B$405,$AN9)="",$H9,INDEX(職員マスタ!$B$6:$B$405,$AN9))) | W9: =IF($AN9="",IF($B9="","",$R9),IF(INDEX(職員マスタ!$C$6:$C$405,$AN9)="",$R9,INDEX(職員マスタ!$C$6:$C$405,$AN9))) | X9: =IF($AO9="","","R"&$C9&"."&$D9) | Y9: =IF($AN9="","",IF(INDEX(職員マスタ!$K$6:$K$405,$AN9)="","",INDEX(職員マスタ!$K$6:$K$405,$AN9))) | Z9: =IF(OR($E9="",$Y9=""),"",IF($E9>=$Y9,"×",IF($E9>=$Y9*設定!$C$5,"△","○"))) | AA9: =IF($Z9="","",IF($Z9="×",0,IF($Z9="○",ROUNDDOWN($E9*設定!$C$4,0),ROUNDDOWN($E9*ROUND((9*$Y9-9*$E9)/(10*$E9),4),0)))) | AC9: =IF($B9="","",IF($AB9<>"",$AB9,IF($AA9="","",IF($AA9<=設定!$C$3,0,$AA9)))) | AD9: =IF($B9="","",IF(AND($AE9<>"",$AG9="",$AJ9=""),"保留中",IF($AJ9<>"",IF(N($AC9)>0,"支給済","不支給"),IF($AC9="","要確認",IF($AC9=0,"不支給","未処理"))))) | AI9: =IF(AND($AD9="保留中",$AF9<>""),TODAY()-$AF9,"") | AJ9: R8.10 | AK9: =IF($B9="","",IF($AO9="","対象年月が未入力／","")&IF($B9="","",IF($AN9="","職員マスタに未登録の職員番号／",IF($Y9="","標準報酬月額が未登録／","")&IF(AND($AO9<>"",OR(AND(INDEX(職員マスタ!$G$6:$G$405,$AN9)<>"",INDEX(職員マスタ!$G$6:$G$405,$AN9)>EOMONTH($AO9,0)),AND(INDEX(職員マスタ!$H$6:$H$405,$AN9)<>"",INDEX(職員マスタ!$H$6:$H$405,$AN9)<$AO9))),"対象月が時短期間外／","")&IF(AND(INDEX(職員マスタ!$F$6:$F$405,$AN9)<>"",$AO9<>"",INDEX(職員マスタ!$F$6:$F$405,$AN9)<$AO9),"対象月に子が2歳到達済／","")&IF(AND($H9<>"",INDEX(職員マスタ!$B$6:$B$405,$AN9)<>"",SUBSTITUTE(SUBSTITUTE($H9," ","")," ","")<>SUBSTITUTE(SUBSTITUTE(INDEX(職員マスタ!$B$6:$B$405,$AN9)," ","")," ","")),"氏名がマスタと相違／","")&IF(AND($Q9<>"",INDEX(職員マスタ!$E$6:$E$405,$AN9)<>"",$Q9<>INDEX(職員マスタ!$E$6:$E$405,$AN9)),"子の生年月日がマスタと相違／","")&IF(AND($L9<>"",INDEX(職員マスタ!$G$6:$G$405,$AN9)<>"",$L9<>INDEX(職員マスタ!$G$6:$G$405,$AN9)),"時短開始日がマスタと相違／","")&IF(AND($M9<>"",INDEX(職員マスタ!$H$6:$H$405,$AN9)<>"",$M9<>INDEX(職員マスタ!$H$6:$H$405,$AN9)),"時短終了日がマスタと相違／","")))&IF(AND($B9<>"",$E9=""),"報酬額が未入力／","")&IF(N($U9)>0,"申請書に入力エラーが残っています／","")&IF(AND($B9<>"",$AO9<>""),IF(COUNTIFS($B$6:$B$3005,$B9,$C$6:$C$3005,$C9,$D$6:$D$3005,$D9)>1,"同じ月の請求が重複しています／",""),"")&IF(AND(N($E9)>0,$Z9<>"",$Z9<>"×",$AC9=0,$AB9=""),"計算額が下限以下のため不支給／","")) | AM9: =IF($AD9="保留中",COUNTIF($AD$6:$AD9,"保留中"),"") | AN9: =IF($AO9="","",IF(SUMPRODUCT(MAX((職員マスタ!$A$6:$A$405=$B9)*(((職員マスタ!$G$6:$G$405="")+(職員マスタ!$G$6:$G$405<=EOMONTH($AO9,0)))>0)*(((職員マスタ!$H$6:$H$405="")+(職員マスタ!$H$6:$H$405>=$AO9))>0)*(ROW(職員マスタ!$A$6:$A$405)-5)))>0,SUMPRODUCT(MAX((職員マスタ!$A$6:$A$405=$B9)*(((職員マスタ!$G$6:$G$405="")+(職員マスタ!$G$6:$G$405<=EOMONTH($AO9,0)))>0)*(((職員マスタ!$H$6:$H$405="")+(職員マスタ!$H$6:$H$405>=$AO9))>0)*(ROW(職員マスタ!$A$6:$A$405)-5))),IFERROR(MATCH($B9,職員マスタ!$A$6:$A$405,0),""))) | AO9: =IF(OR($B9="",$C9="",$D9=""),"",DATE($C9+2018,$D9,1))
B10: 6202204 | C10: 7 | D10: 4 | E10: 153009 | V10: =IF($AN10="",IF($B10="","",$H10),IF(INDEX(職員マスタ!$B$6:$B$405,$AN10)="",$H10,INDEX(職員マスタ!$B$6:$B$405,$AN10))) | W10: =IF($AN10="",IF($B10="","",$R10),IF(INDEX(職員マスタ!$C$6:$C$405,$AN10)="",$R10,INDEX(職員マスタ!$C$6:$C$405,$AN10))) | X10: =IF($AO10="","","R"&$C10&"."&$D10) | Y10: =IF($AN10="","",IF(INDEX(職員マスタ!$K$6:$K$405,$AN10)="","",INDEX(職員マスタ!$K$6:$K$405,$AN10))) | Z10: =IF(OR($E10="",$Y10=""),"",IF($E10>=$Y10,"×",IF($E10>=$Y10*設定!$C$5,"△","○"))) | AA10: =IF($Z10="","",IF($Z10="×",0,IF($Z10="○",ROUNDDOWN($E10*設定!$C$4,0),ROUNDDOWN($E10*ROUND((9*$Y10-9*$E10)/(10*$E10),4),0)))) | AC10: =IF($B10="","",IF($AB10<>"",$AB10,IF($AA10="","",IF($AA10<=設定!$C$3,0,$AA10)))) | AD10: =IF($B10="","",IF(AND($AE10<>"",$AG10="",$AJ10=""),"保留中",IF($AJ10<>"",IF(N($AC10)>0,"支給済","不支給"),IF($AC10="","要確認",IF($AC10=0,"不支給","未処理"))))) | AI10: =IF(AND($AD10="保留中",$AF10<>""),TODAY()-$AF10,"") | AJ10: R7.8 | AK10: =IF($B10="","",IF($AO10="","対象年月が未入力／","")&IF($B10="","",IF($AN10="","職員マスタに未登録の職員番号／",IF($Y10="","標準報酬月額が未登録／","")&IF(AND($AO10<>"",OR(AND(INDEX(職員マスタ!$G$6:$G$405,$AN10)<>"",INDEX(職員マスタ!$G$6:$G$405,$AN10)>EOMONTH($AO10,0)),AND(INDEX(職員マスタ!$H$6:$H$405,$AN10)<>"",INDEX(職員マスタ!$H$6:$H$405,$AN10)<$AO10))),"対象月が時短期間外／","")&IF(AND(INDEX(職員マスタ!$F$6:$F$405,$AN10)<>"",$AO10<>"",INDEX(職員マスタ!$F$6:$F$405,$AN10)<$AO10),"対象月に子が2歳到達済／","")&IF(AND($H10<>"",INDEX(職員マスタ!$B$6:$B$405,$AN10)<>"",SUBSTITUTE(SUBSTITUTE($H10," ","")," ","")<>SUBSTITUTE(SUBSTITUTE(INDEX(職員マスタ!$B$6:$B$405,$AN10)," ","")," ","")),"氏名がマスタと相違／","")&IF(AND($Q10<>"",INDEX(職員マスタ!$E$6:$E$405,$AN10)<>"",$Q10<>INDEX(職員マスタ!$E$6:$E$405,$AN10)),"子の生年月日がマスタと相違／","")&IF(AND($L10<>"",INDEX(職員マスタ!$G$6:$G$405,$AN10)<>"",$L10<>INDEX(職員マスタ!$G$6:$G$405,$AN10)),"時短開始日がマスタと相違／","")&IF(AND($M10<>"",INDEX(職員マスタ!$H$6:$H$405,$AN10)<>"",$M10<>INDEX(職員マスタ!$H$6:$H$405,$AN10)),"時短終了日がマスタと相違／","")))&IF(AND($B10<>"",$E10=""),"報酬額が未入力／","")&IF(N($U10)>0,"申請書に入力エラーが残っています／","")&IF(AND($B10<>"",$AO10<>""),IF(COUNTIFS($B$6:$B$3005,$B10,$C$6:$C$3005,$C10,$D$6:$D$3005,$D10)>1,"同じ月の請求が重複しています／",""),"")&IF(AND(N($E10)>0,$Z10<>"",$Z10<>"×",$AC10=0,$AB10=""),"計算額が下限以下のため不支給／","")) | AM10: =IF($AD10="保留中",COUNTIF($AD$6:$AD10,"保留中"),"") | AN10: =IF($AO10="","",IF(SUMPRODUCT(MAX((職員マスタ!$A$6:$A$405=$B10)*(((職員マスタ!$G$6:$G$405="")+(職員マスタ!$G$6:$G$405<=EOMONTH($AO10,0)))>0)*(((職員マスタ!$H$6:$H$405="")+(職員マスタ!$H$6:$H$405>=$AO10))>0)*(ROW(職員マスタ!$A$6:$A$405)-5)))>0,SUMPRODUCT(MAX((職員マスタ!$A$6:$A$405=$B10)*(((職員マスタ!$G$6:$G$405="")+(職員マスタ!$G$6:$G$405<=EOMONTH($AO10,0)))>0)*(((職員マスタ!$H$6:$H$405="")+(職員マスタ!$H$6:$H$405>=$AO10))>0)*(ROW(職員マスタ!$A$6:$A$405)-5))),IFERROR(MATCH($B10,職員マスタ!$A$6:$A$405,0),""))) | AO10: =IF(OR($B10="",$C10="",$D10=""),"",DATE($C10+2018,$D10,1))
B11: 6202204 | C11: 7 | D11: 5 | E11: 207843 | V11: =IF($AN11="",IF($B11="","",$H11),IF(INDEX(職員マスタ!$B$6:$B$405,$AN11)="",$H11,INDEX(職員マスタ!$B$6:$B$405,$AN11))) | W11: =IF($AN11="",IF($B11="","",$R11),IF(INDEX(職員マスタ!$C$6:$C$405,$AN11)="",$R11,INDEX(職員マスタ!$C$6:$C$405,$AN11))) | X11: =IF($AO11="","","R"&$C11&"."&$D11) | Y11: =IF($AN11="","",IF(INDEX(職員マスタ!$K$6:$K$405,$AN11)="","",INDEX(職員マスタ!$K$6:$K$405,$AN11))) | Z11: =IF(OR($E11="",$Y11=""),"",IF($E11>=$Y11,"×",IF($E11>=$Y11*設定!$C$5,"△","○"))) | AA11: =IF($Z11="","",IF($Z11="×",0,IF($Z11="○",ROUNDDOWN($E11*設定!$C$4,0),ROUNDDOWN($E11*ROUND((9*$Y11-9*$E11)/(10*$E11),4),0)))) | AC11: =IF($B11="","",IF($AB11<>"",$AB11,IF($AA11="","",IF($AA11<=設定!$C$3,0,$AA11)))) | AD11: =IF($B11="","",IF(AND($AE11<>"",$AG11="",$AJ11=""),"保留中",IF($AJ11<>"",IF(N($AC11)>0,"支給済","不支給"),IF($AC11="","要確認",IF($AC11=0,"不支給","未処理"))))) | AI11: =IF(AND($AD11="保留中",$AF11<>""),TODAY()-$AF11,"") | AJ11: R7.8 | AK11: =IF($B11="","",IF($AO11="","対象年月が未入力／","")&IF($B11="","",IF($AN11="","職員マスタに未登録の職員番号／",IF($Y11="","標準報酬月額が未登録／","")&IF(AND($AO11<>"",OR(AND(INDEX(職員マスタ!$G$6:$G$405,$AN11)<>"",INDEX(職員マスタ!$G$6:$G$405,$AN11)>EOMONTH($AO11,0)),AND(INDEX(職員マスタ!$H$6:$H$405,$AN11)<>"",INDEX(職員マスタ!$H$6:$H$405,$AN11)<$AO11))),"対象月が時短期間外／","")&IF(AND(INDEX(職員マスタ!$F$6:$F$405,$AN11)<>"",$AO11<>"",INDEX(職員マスタ!$F$6:$F$405,$AN11)<$AO11),"対象月に子が2歳到達済／","")&IF(AND($H11<>"",INDEX(職員マスタ!$B$6:$B$405,$AN11)<>"",SUBSTITUTE(SUBSTITUTE($H11," ","")," ","")<>SUBSTITUTE(SUBSTITUTE(INDEX(職員マスタ!$B$6:$B$405,$AN11)," ","")," ","")),"氏名がマスタと相違／","")&IF(AND($Q11<>"",INDEX(職員マスタ!$E$6:$E$405,$AN11)<>"",$Q11<>INDEX(職員マスタ!$E$6:$E$405,$AN11)),"子の生年月日がマスタと相違／","")&IF(AND($L11<>"",INDEX(職員マスタ!$G$6:$G$405,$AN11)<>"",$L11<>INDEX(職員マスタ!$G$6:$G$405,$AN11)),"時短開始日がマスタと相違／","")&IF(AND($M11<>"",INDEX(職員マスタ!$H$6:$H$405,$AN11)<>"",$M11<>INDEX(職員マスタ!$H$6:$H$405,$AN11)),"時短終了日がマスタと相違／","")))&IF(AND($B11<>"",$E11=""),"報酬額が未入力／","")&IF(N($U11)>0,"申請書に入力エラーが残っています／","")&IF(AND($B11<>"",$AO11<>""),IF(COUNTIFS($B$6:$B$3005,$B11,$C$6:$C$3005,$C11,$D$6:$D$3005,$D11)>1,"同じ月の請求が重複しています／",""),"")&IF(AND(N($E11)>0,$Z11<>"",$Z11<>"×",$AC11=0,$AB11=""),"計算額が下限以下のため不支給／","")) | AM11: =IF($AD11="保留中",COUNTIF($AD$6:$AD11,"保留中"),"") | AN11: =IF($AO11="","",IF(SUMPRODUCT(MAX((職員マスタ!$A$6:$A$405=$B11)*(((職員マスタ!$G$6:$G$405="")+(職員マスタ!$G$6:$G$405<=EOMONTH($AO11,0)))>0)*(((職員マスタ!$H$6:$H$405="")+(職員マスタ!$H$6:$H$405>=$AO11))>0)*(ROW(職員マスタ!$A$6:$A$405)-5)))>0,SUMPRODUCT(MAX((職員マスタ!$A$6:$A$405=$B11)*(((職員マスタ!$G$6:$G$405="")+(職員マスタ!$G$6:$G$405<=EOMONTH($AO11,0)))>0)*(((職員マスタ!$H$6:$H$405="")+(職員マスタ!$H$6:$H$405>=$AO11))>0)*(ROW(職員マスタ!$A$6:$A$405)-5))),IFERROR(MATCH($B11,職員マスタ!$A$6:$A$405,0),""))) | AO11: =IF(OR($B11="",$C11="",$D11=""),"",DATE($C11+2018,$D11,1))
B12: 6202204 | C12: 7 | D12: 6 | E12: 204190 | V12: =IF($AN12="",IF($B12="","",$H12),IF(INDEX(職員マスタ!$B$6:$B$405,$AN12)="",$H12,INDEX(職員マスタ!$B$6:$B$405,$AN12))) | W12: =IF($AN12="",IF($B12="","",$R12),IF(INDEX(職員マスタ!$C$6:$C$405,$AN12)="",$R12,INDEX(職員マスタ!$C$6:$C$405,$AN12))) | X12: =IF($AO12="","","R"&$C12&"."&$D12) | Y12: =IF($AN12="","",IF(INDEX(職員マスタ!$K$6:$K$405,$AN12)="","",INDEX(職員マスタ!$K$6:$K$405,$AN12))) | Z12: =IF(OR($E12="",$Y12=""),"",IF($E12>=$Y12,"×",IF($E12>=$Y12*設定!$C$5,"△","○"))) | AA12: =IF($Z12="","",IF($Z12="×",0,IF($Z12="○",ROUNDDOWN($E12*設定!$C$4,0),ROUNDDOWN($E12*ROUND((9*$Y12-9*$E12)/(10*$E12),4),0)))) | AC12: =IF($B12="","",IF($AB12<>"",$AB12,IF($AA12="","",IF($AA12<=設定!$C$3,0,$AA12)))) | AD12: =IF($B12="","",IF(AND($AE12<>"",$AG12="",$AJ12=""),"保留中",IF($AJ12<>"",IF(N($AC12)>0,"支給済","不支給"),IF($AC12="","要確認",IF($AC12=0,"不支給","未処理"))))) | AI12: =IF(AND($AD12="保留中",$AF12<>""),TODAY()-$AF12,"") | AJ12: R7.8 | AK12: =IF($B12="","",IF($AO12="","対象年月が未入力／","")&IF($B12="","",IF($AN12="","職員マスタに未登録の職員番号／",IF($Y12="","標準報酬月額が未登録／","")&IF(AND($AO12<>"",OR(AND(INDEX(職員マスタ!$G$6:$G$405,$AN12)<>"",INDEX(職員マスタ!$G$6:$G$405,$AN12)>EOMONTH($AO12,0)),AND(INDEX(職員マスタ!$H$6:$H$405,$AN12)<>"",INDEX(職員マスタ!$H$6:$H$405,$AN12)<$AO12))),"対象月が時短期間外／","")&IF(AND(INDEX(職員マスタ!$F$6:$F$405,$AN12)<>"",$AO12<>"",INDEX(職員マスタ!$F$6:$F$405,$AN12)<$AO12),"対象月に子が2歳到達済／","")&IF(AND($H12<>"",INDEX(職員マスタ!$B$6:$B$405,$AN12)<>"",SUBSTITUTE(SUBSTITUTE($H12," ","")," ","")<>SUBSTITUTE(SUBSTITUTE(INDEX(職員マスタ!$B$6:$B$405,$AN12)," ","")," ","")),"氏名がマスタと相違／","")&IF(AND($Q12<>"",INDEX(職員マスタ!$E$6:$E$405,$AN12)<>"",$Q12<>INDEX(職員マスタ!$E$6:$E$405,$AN12)),"子の生年月日がマスタと相違／","")&IF(AND($L12<>"",INDEX(職員マスタ!$G$6:$G$405,$AN12)<>"",$L12<>INDEX(職員マスタ!$G$6:$G$405,$AN12)),"時短開始日がマスタと相違／","")&IF(AND($M12<>"",INDEX(職員マスタ!$H$6:$H$405,$AN12)<>"",$M12<>INDEX(職員マスタ!$H$6:$H$405,$AN12)),"時短終了日がマスタと相違／","")))&IF(AND($B12<>"",$E12=""),"報酬額が未入力／","")&IF(N($U12)>0,"申請書に入力エラーが残っています／","")&IF(AND($B12<>"",$AO12<>""),IF(COUNTIFS($B$6:$B$3005,$B12,$C$6:$C$3005,$C12,$D$6:$D$3005,$D12)>1,"同じ月の請求が重複しています／",""),"")&IF(AND(N($E12)>0,$Z12<>"",$Z12<>"×",$AC12=0,$AB12=""),"計算額が下限以下のため不支給／","")) | AM12: =IF($AD12="保留中",COUNTIF($AD$6:$AD12,"保留中"),"") | AN12: =IF($AO12="","",IF(SUMPRODUCT(MAX((職員マスタ!$A$6:$A$405=$B12)*(((職員マスタ!$G$6:$G$405="")+(職員マスタ!$G$6:$G$405<=EOMONTH($AO12,0)))>0)*(((職員マスタ!$H$6:$H$405="")+(職員マスタ!$H$6:$H$405>=$AO12))>0)*(ROW(職員マスタ!$A$6:$A$405)-5)))>0,SUMPRODUCT(MAX((職員マスタ!$A$6:$A$405=$B12)*(((職員マスタ!$G$6:$G$405="")+(職員マスタ!$G$6:$G$405<=EOMONTH($AO12,0)))>0)*(((職員マスタ!$H$6:$H$405="")+(職員マスタ!$H$6:$H$405>=$AO12))>0)*(ROW(職員マスタ!$A$6:$A$405)-5))),IFERROR(MATCH($B12,職員マスタ!$A$6:$A$405,0),""))) | AO12: =IF(OR($B12="",$C12="",$D12=""),"",DATE($C12+2018,$D12,1))
B13: 6202204 | C13: 7 | D13: 7 | E13: 206249 | V13: =IF($AN13="",IF($B13="","",$H13),IF(INDEX(職員マスタ!$B$6:$B$405,$AN13)="",$H13,INDEX(職員マスタ!$B$6:$B$405,$AN13))) | W13: =IF($AN13="",IF($B13="","",$R13),IF(INDEX(職員マスタ!$C$6:$C$405,$AN13)="",$R13,INDEX(職員マスタ!$C$6:$C$405,$AN13))) | X13: =IF($AO13="","","R"&$C13&"."&$D13) | Y13: =IF($AN13="","",IF(INDEX(職員マスタ!$K$6:$K$405,$AN13)="","",INDEX(職員マスタ!$K$6:$K$405,$AN13))) | Z13: =IF(OR($E13="",$Y13=""),"",IF($E13>=$Y13,"×",IF($E13>=$Y13*設定!$C$5,"△","○"))) | AA13: =IF($Z13="","",IF($Z13="×",0,IF($Z13="○",ROUNDDOWN($E13*設定!$C$4,0),ROUNDDOWN($E13*ROUND((9*$Y13-9*$E13)/(10*$E13),4),0)))) | AC13: =IF($B13="","",IF($AB13<>"",$AB13,IF($AA13="","",IF($AA13<=設定!$C$3,0,$AA13)))) | AD13: =IF($B13="","",IF(AND($AE13<>"",$AG13="",$AJ13=""),"保留中",IF($AJ13<>"",IF(N($AC13)>0,"支給済","不支給"),IF($AC13="","要確認",IF($AC13=0,"不支給","未処理"))))) | AI13: =IF(AND($AD13="保留中",$AF13<>""),TODAY()-$AF13,"") | AJ13: R7.9 | AK13: =IF($B13="","",IF($AO13="","対象年月が未入力／","")&IF($B13="","",IF($AN13="","職員マスタに未登録の職員番号／",IF($Y13="","標準報酬月額が未登録／","")&IF(AND($AO13<>"",OR(AND(INDEX(職員マスタ!$G$6:$G$405,$AN13)<>"",INDEX(職員マスタ!$G$6:$G$405,$AN13)>EOMONTH($AO13,0)),AND(INDEX(職員マスタ!$H$6:$H$405,$AN13)<>"",INDEX(職員マスタ!$H$6:$H$405,$AN13)<$AO13))),"対象月が時短期間外／","")&IF(AND(INDEX(職員マスタ!$F$6:$F$405,$AN13)<>"",$AO13<>"",INDEX(職員マスタ!$F$6:$F$405,$AN13)<$AO13),"対象月に子が2歳到達済／","")&IF(AND($H13<>"",INDEX(職員マスタ!$B$6:$B$405,$AN13)<>"",SUBSTITUTE(SUBSTITUTE($H13," ","")," ","")<>SUBSTITUTE(SUBSTITUTE(INDEX(職員マスタ!$B$6:$B$405,$AN13)," ","")," ","")),"氏名がマスタと相違／","")&IF(AND($Q13<>"",INDEX(職員マスタ!$E$6:$E$405,$AN13)<>"",$Q13<>INDEX(職員マスタ!$E$6:$E$405,$AN13)),"子の生年月日がマスタと相違／","")&IF(AND($L13<>"",INDEX(職員マスタ!$G$6:$G$405,$AN13)<>"",$L13<>INDEX(職員マスタ!$G$6:$G$405,$AN13)),"時短開始日がマスタと相違／","")&IF(AND($M13<>"",INDEX(職員マスタ!$H$6:$H$405,$AN13)<>"",$M13<>INDEX(職員マスタ!$H$6:$H$405,$AN13)),"時短終了日がマスタと相違／","")))&IF(AND($B13<>"",$E13=""),"報酬額が未入力／","")&IF(N($U13)>0,"申請書に入力エラーが残っています／","")&IF(AND($B13<>"",$AO13<>""),IF(COUNTIFS($B$6:$B$3005,$B13,$C$6:$C$3005,$C13,$D$6:$D$3005,$D13)>1,"同じ月の請求が重複しています／",""),"")&IF(AND(N($E13)>0,$Z13<>"",$Z13<>"×",$AC13=0,$AB13=""),"計算額が下限以下のため不支給／","")) | AM13: =IF($AD13="保留中",COUNTIF($AD$6:$AD13,"保留中"),"") | AN13: =IF($AO13="","",IF(SUMPRODUCT(MAX((職員マスタ!$A$6:$A$405=$B13)*(((職員マスタ!$G$6:$G$405="")+(職員マスタ!$G$6:$G$405<=EOMONTH($AO13,0)))>0)*(((職員マスタ!$H$6:$H$405="")+(職員マスタ!$H$6:$H$405>=$AO13))>0)*(ROW(職員マスタ!$A$6:$A$405)-5)))>0,SUMPRODUCT(MAX((職員マスタ!$A$6:$A$405=$B13)*(((職員マスタ!$G$6:$G$405="")+(職員マスタ!$G$6:$G$405<=EOMONTH($AO13,0)))>0)*(((職員マスタ!$H$6:$H$405="")+(職員マスタ!$H$6:$H$405>=$AO13))>0)*(ROW(職員マスタ!$A$6:$A$405)-5))),IFERROR(MATCH($B13,職員マスタ!$A$6:$A$405,0),""))) | AO13: =IF(OR($B13="",$C13="",$D13=""),"",DATE($C13+2018,$D13,1))
B14: 6202204 | C14: 7 | D14: 8 | E14: 202131 | V14: =IF($AN14="",IF($B14="","",$H14),IF(INDEX(職員マスタ!$B$6:$B$405,$AN14)="",$H14,INDEX(職員マスタ!$B$6:$B$405,$AN14))) | W14: =IF($AN14="",IF($B14="","",$R14),IF(INDEX(職員マスタ!$C$6:$C$405,$AN14)="",$R14,INDEX(職員マスタ!$C$6:$C$405,$AN14))) | X14: =IF($AO14="","","R"&$C14&"."&$D14) | Y14: =IF($AN14="","",IF(INDEX(職員マスタ!$K$6:$K$405,$AN14)="","",INDEX(職員マスタ!$K$6:$K$405,$AN14))) | Z14: =IF(OR($E14="",$Y14=""),"",IF($E14>=$Y14,"×",IF($E14>=$Y14*設定!$C$5,"△","○"))) | AA14: =IF($Z14="","",IF($Z14="×",0,IF($Z14="○",ROUNDDOWN($E14*設定!$C$4,0),ROUNDDOWN($E14*ROUND((9*$Y14-9*$E14)/(10*$E14),4),0)))) | AC14: =IF($B14="","",IF($AB14<>"",$AB14,IF($AA14="","",IF($AA14<=設定!$C$3,0,$AA14)))) | AD14: =IF($B14="","",IF(AND($AE14<>"",$AG14="",$AJ14=""),"保留中",IF($AJ14<>"",IF(N($AC14)>0,"支給済","不支給"),IF($AC14="","要確認",IF($AC14=0,"不支給","未処理"))))) | AI14: =IF(AND($AD14="保留中",$AF14<>""),TODAY()-$AF14,"") | AJ14: R7.10 | AK14: =IF($B14="","",IF($AO14="","対象年月が未入力／","")&IF($B14="","",IF($AN14="","職員マスタに未登録の職員番号／",IF($Y14="","標準報酬月額が未登録／","")&IF(AND($AO14<>"",OR(AND(INDEX(職員マスタ!$G$6:$G$405,$AN14)<>"",INDEX(職員マスタ!$G$6:$G$405,$AN14)>EOMONTH($AO14,0)),AND(INDEX(職員マスタ!$H$6:$H$405,$AN14)<>"",INDEX(職員マスタ!$H$6:$H$405,$AN14)<$AO14))),"対象月が時短期間外／","")&IF(AND(INDEX(職員マスタ!$F$6:$F$405,$AN14)<>"",$AO14<>"",INDEX(職員マスタ!$F$6:$F$405,$AN14)<$AO14),"対象月に子が2歳到達済／","")&IF(AND($H14<>"",INDEX(職員マスタ!$B$6:$B$405,$AN14)<>"",SUBSTITUTE(SUBSTITUTE($H14," ","")," ","")<>SUBSTITUTE(SUBSTITUTE(INDEX(職員マスタ!$B$6:$B$405,$AN14)," ","")," ","")),"氏名がマスタと相違／","")&IF(AND($Q14<>"",INDEX(職員マスタ!$E$6:$E$405,$AN14)<>"",$Q14<>INDEX(職員マスタ!$E$6:$E$405,$AN14)),"子の生年月日がマスタと相違／","")&IF(AND($L14<>"",INDEX(職員マスタ!$G$6:$G$405,$AN14)<>"",$L14<>INDEX(職員マスタ!$G$6:$G$405,$AN14)),"時短開始日がマスタと相違／","")&IF(AND($M14<>"",INDEX(職員マスタ!$H$6:$H$405,$AN14)<>"",$M14<>INDEX(職員マスタ!$H$6:$H$405,$AN14)),"時短終了日がマスタと相違／","")))&IF(AND($B14<>"",$E14=""),"報酬額が未入力／","")&IF(N($U14)>0,"申請書に入力エラーが残っています／","")&IF(AND($B14<>"",$AO14<>""),IF(COUNTIFS($B$6:$B$3005,$B14,$C$6:$C$3005,$C14,$D$6:$D$3005,$D14)>1,"同じ月の請求が重複しています／",""),"")&IF(AND(N($E14)>0,$Z14<>"",$Z14<>"×",$AC14=0,$AB14=""),"計算額が下限以下のため不支給／","")) | AM14: =IF($AD14="保留中",COUNTIF($AD$6:$AD14,"保留中"),"") | AN14: =IF($AO14="","",IF(SUMPRODUCT(MAX((職員マスタ!$A$6:$A$405=$B14)*(((職員マスタ!$G$6:$G$405="")+(職員マスタ!$G$6:$G$405<=EOMONTH($AO14,0)))>0)*(((職員マスタ!$H$6:$H$405="")+(職員マスタ!$H$6:$H$405>=$AO14))>0)*(ROW(職員マスタ!$A$6:$A$405)-5)))>0,SUMPRODUCT(MAX((職員マスタ!$A$6:$A$405=$B14)*(((職員マスタ!$G$6:$G$405="")+(職員マスタ!$G$6:$G$405<=EOMONTH($AO14,0)))>0)*(((職員マスタ!$H$6:$H$405="")+(職員マスタ!$H$6:$H$405>=$AO14))>0)*(ROW(職員マスタ!$A$6:$A$405)-5))),IFERROR(MATCH($B14,職員マスタ!$A$6:$A$405,0),""))) | AO14: =IF(OR($B14="",$C14="",$D14=""),"",DATE($C14+2018,$D14,1))
B15: 6202204 | C15: 7 | D15: 9 | E15: 202131 | V15: =IF($AN15="",IF($B15="","",$H15),IF(INDEX(職員マスタ!$B$6:$B$405,$AN15)="",$H15,INDEX(職員マスタ!$B$6:$B$405,$AN15))) | W15: =IF($AN15="",IF($B15="","",$R15),IF(INDEX(職員マスタ!$C$6:$C$405,$AN15)="",$R15,INDEX(職員マスタ!$C$6:$C$405,$AN15))) | X15: =IF($AO15="","","R"&$C15&"."&$D15) | Y15: =IF($AN15="","",IF(INDEX(職員マスタ!$K$6:$K$405,$AN15)="","",INDEX(職員マスタ!$K$6:$K$405,$AN15))) | Z15: =IF(OR($E15="",$Y15=""),"",IF($E15>=$Y15,"×",IF($E15>=$Y15*設定!$C$5,"△","○"))) | AA15: =IF($Z15="","",IF($Z15="×",0,IF($Z15="○",ROUNDDOWN($E15*設定!$C$4,0),ROUNDDOWN($E15*ROUND((9*$Y15-9*$E15)/(10*$E15),4),0)))) | AC15: =IF($B15="","",IF($AB15<>"",$AB15,IF($AA15="","",IF($AA15<=設定!$C$3,0,$AA15)))) | AD15: =IF($B15="","",IF(AND($AE15<>"",$AG15="",$AJ15=""),"保留中",IF($AJ15<>"",IF(N($AC15)>0,"支給済","不支給"),IF($AC15="","要確認",IF($AC15=0,"不支給","未処理"))))) | AI15: =IF(AND($AD15="保留中",$AF15<>""),TODAY()-$AF15,"") | AJ15: R7.12 | AK15: =IF($B15="","",IF($AO15="","対象年月が未入力／","")&IF($B15="","",IF($AN15="","職員マスタに未登録の職員番号／",IF($Y15="","標準報酬月額が未登録／","")&IF(AND($AO15<>"",OR(AND(INDEX(職員マスタ!$G$6:$G$405,$AN15)<>"",INDEX(職員マスタ!$G$6:$G$405,$AN15)>EOMONTH($AO15,0)),AND(INDEX(職員マスタ!$H$6:$H$405,$AN15)<>"",INDEX(職員マスタ!$H$6:$H$405,$AN15)<$AO15))),"対象月が時短期間外／","")&IF(AND(INDEX(職員マスタ!$F$6:$F$405,$AN15)<>"",$AO15<>"",INDEX(職員マスタ!$F$6:$F$405,$AN15)<$AO15),"対象月に子が2歳到達済／","")&IF(AND($H15<>"",INDEX(職員マスタ!$B$6:$B$405,$AN15)<>"",SUBSTITUTE(SUBSTITUTE($H15," ","")," ","")<>SUBSTITUTE(SUBSTITUTE(INDEX(職員マスタ!$B$6:$B$405,$AN15)," ","")," ","")),"氏名がマスタと相違／","")&IF(AND($Q15<>"",INDEX(職員マスタ!$E$6:$E$405,$AN15)<>"",$Q15<>INDEX(職員マスタ!$E$6:$E$405,$AN15)),"子の生年月日がマスタと相違／","")&IF(AND($L15<>"",INDEX(職員マスタ!$G$6:$G$405,$AN15)<>"",$L15<>INDEX(職員マスタ!$G$6:$G$405,$AN15)),"時短開始日がマスタと相違／","")&IF(AND($M15<>"",INDEX(職員マスタ!$H$6:$H$405,$AN15)<>"",$M15<>INDEX(職員マスタ!$H$6:$H$405,$AN15)),"時短終了日がマスタと相違／","")))&IF(AND($B15<>"",$E15=""),"報酬額が未入力／","")&IF(N($U15)>0,"申請書に入力エラーが残っています／","")&IF(AND($B15<>"",$AO15<>""),IF(COUNTIFS($B$6:$B$3005,$B15,$C$6:$C$3005,$C15,$D$6:$D$3005,$D15)>1,"同じ月の請求が重複しています／",""),"")&IF(AND(N($E15)>0,$Z15<>"",$Z15<>"×",$AC15=0,$AB15=""),"計算額が下限以下のため不支給／","")) | AM15: =IF($AD15="保留中",COUNTIF($AD$6:$AD15,"保留中"),"") | AN15: =IF($AO15="","",IF(SUMPRODUCT(MAX((職員マスタ!$A$6:$A$405=$B15)*(((職員マスタ!$G$6:$G$405="")+(職員マスタ!$G$6:$G$405<=EOMONTH($AO15,0)))>0)*(((職員マスタ!$H$6:$H$405="")+(職員マスタ!$H$6:$H$405>=$AO15))>0)*(ROW(職員マスタ!$A$6:$A$405)-5)))>0,SUMPRODUCT(MAX((職員マスタ!$A$6:$A$405=$B15)*(((職員マスタ!$G$6:$G$405="")+(職員マスタ!$G$6:$G$405<=EOMONTH($AO15,0)))>0)*(((職員マスタ!$H$6:$H$405="")+(職員マスタ!$H$6:$H$405>=$AO15))>0)*(ROW(職員マスタ!$A$6:$A$405)-5))),IFERROR(MATCH($B15,職員マスタ!$A$6:$A$405,0),""))) | AO15: =IF(OR($B15="",$C15="",$D15=""),"",DATE($C15+2018,$D15,1))
B16: 6202204 | C16: 8 | D16: 4 | E16: 207321 | V16: =IF($AN16="",IF($B16="","",$H16),IF(INDEX(職員マスタ!$B$6:$B$405,$AN16)="",$H16,INDEX(職員マスタ!$B$6:$B$405,$AN16))) | W16: =IF($AN16="",IF($B16="","",$R16),IF(INDEX(職員マスタ!$C$6:$C$405,$AN16)="",$R16,INDEX(職員マスタ!$C$6:$C$405,$AN16))) | X16: =IF($AO16="","","R"&$C16&"."&$D16) | Y16: =IF($AN16="","",IF(INDEX(職員マスタ!$K$6:$K$405,$AN16)="","",INDEX(職員マスタ!$K$6:$K$405,$AN16))) | Z16: =IF(OR($E16="",$Y16=""),"",IF($E16>=$Y16,"×",IF($E16>=$Y16*設定!$C$5,"△","○"))) | AA16: =IF($Z16="","",IF($Z16="×",0,IF($Z16="○",ROUNDDOWN($E16*設定!$C$4,0),ROUNDDOWN($E16*ROUND((9*$Y16-9*$E16)/(10*$E16),4),0)))) | AC16: =IF($B16="","",IF($AB16<>"",$AB16,IF($AA16="","",IF($AA16<=設定!$C$3,0,$AA16)))) | AD16: =IF($B16="","",IF(AND($AE16<>"",$AG16="",$AJ16=""),"保留中",IF($AJ16<>"",IF(N($AC16)>0,"支給済","不支給"),IF($AC16="","要確認",IF($AC16=0,"不支給","未処理"))))) | AI16: =IF(AND($AD16="保留中",$AF16<>""),TODAY()-$AF16,"") | AJ16: R8.10 | AK16: =IF($B16="","",IF($AO16="","対象年月が未入力／","")&IF($B16="","",IF($AN16="","職員マスタに未登録の職員番号／",IF($Y16="","標準報酬月額が未登録／","")&IF(AND($AO16<>"",OR(AND(INDEX(職員マスタ!$G$6:$G$405,$AN16)<>"",INDEX(職員マスタ!$G$6:$G$405,$AN16)>EOMONTH($AO16,0)),AND(INDEX(職員マスタ!$H$6:$H$405,$AN16)<>"",INDEX(職員マスタ!$H$6:$H$405,$AN16)<$AO16))),"対象月が時短期間外／","")&IF(AND(INDEX(職員マスタ!$F$6:$F$405,$AN16)<>"",$AO16<>"",INDEX(職員マスタ!$F$6:$F$405,$AN16)<$AO16),"対象月に子が2歳到達済／","")&IF(AND($H16<>"",INDEX(職員マスタ!$B$6:$B$405,$AN16)<>"",SUBSTITUTE(SUBSTITUTE($H16," ","")," ","")<>SUBSTITUTE(SUBSTITUTE(INDEX(職員マスタ!$B$6:$B$405,$AN16)," ","")," ","")),"氏名がマスタと相違／","")&IF(AND($Q16<>"",INDEX(職員マスタ!$E$6:$E$405,$AN16)<>"",$Q16<>INDEX(職員マスタ!$E$6:$E$405,$AN16)),"子の生年月日がマスタと相違／","")&IF(AND($L16<>"",INDEX(職員マスタ!$G$6:$G$405,$AN16)<>"",$L16<>INDEX(職員マスタ!$G$6:$G$405,$AN16)),"時短開始日がマスタと相違／","")&IF(AND($M16<>"",INDEX(職員マスタ!$H$6:$H$405,$AN16)<>"",$M16<>INDEX(職員マスタ!$H$6:$H$405,$AN16)),"時短終了日がマスタと相違／","")))&IF(AND($B16<>"",$E16=""),"報酬額が未入力／","")&IF(N($U16)>0,"申請書に入力エラーが残っています／","")&IF(AND($B16<>"",$AO16<>""),IF(COUNTIFS($B$6:$B$3005,$B16,$C$6:$C$3005,$C16,$D$6:$D$3005,$D16)>1,"同じ月の請求が重複しています／",""),"")&IF(AND(N($E16)>0,$Z16<>"",$Z16<>"×",$AC16=0,$AB16=""),"計算額が下限以下のため不支給／","")) | AM16: =IF($AD16="保留中",COUNTIF($AD$6:$AD16,"保留中"),"") | AN16: =IF($AO16="","",IF(SUMPRODUCT(MAX((職員マスタ!$A$6:$A$405=$B16)*(((職員マスタ!$G$6:$G$405="")+(職員マスタ!$G$6:$G$405<=EOMONTH($AO16,0)))>0)*(((職員マスタ!$H$6:$H$405="")+(職員マスタ!$H$6:$H$405>=$AO16))>0)*(ROW(職員マスタ!$A$6:$A$405)-5)))>0,SUMPRODUCT(MAX((職員マスタ!$A$6:$A$405=$B16)*(((職員マスタ!$G$6:$G$405="")+(職員マスタ!$G$6:$G$405<=EOMONTH($AO16,0)))>0)*(((職員マスタ!$H$6:$H$405="")+(職員マスタ!$H$6:$H$405>=$AO16))>0)*(ROW(職員マスタ!$A$6:$A$405)-5))),IFERROR(MATCH($B16,職員マスタ!$A$6:$A$405,0),""))) | AO16: =IF(OR($B16="",$C16="",$D16=""),"",DATE($C16+2018,$D16,1))
B17: 6202204 | C17: 8 | D17: 5 | E17: 210045 | V17: =IF($AN17="",IF($B17="","",$H17),IF(INDEX(職員マスタ!$B$6:$B$405,$AN17)="",$H17,INDEX(職員マスタ!$B$6:$B$405,$AN17))) | W17: =IF($AN17="",IF($B17="","",$R17),IF(INDEX(職員マスタ!$C$6:$C$405,$AN17)="",$R17,INDEX(職員マスタ!$C$6:$C$405,$AN17))) | X17: =IF($AO17="","","R"&$C17&"."&$D17) | Y17: =IF($AN17="","",IF(INDEX(職員マスタ!$K$6:$K$405,$AN17)="","",INDEX(職員マスタ!$K$6:$K$405,$AN17))) | Z17: =IF(OR($E17="",$Y17=""),"",IF($E17>=$Y17,"×",IF($E17>=$Y17*設定!$C$5,"△","○"))) | AA17: =IF($Z17="","",IF($Z17="×",0,IF($Z17="○",ROUNDDOWN($E17*設定!$C$4,0),ROUNDDOWN($E17*ROUND((9*$Y17-9*$E17)/(10*$E17),4),0)))) | AC17: =IF($B17="","",IF($AB17<>"",$AB17,IF($AA17="","",IF($AA17<=設定!$C$3,0,$AA17)))) | AD17: =IF($B17="","",IF(AND($AE17<>"",$AG17="",$AJ17=""),"保留中",IF($AJ17<>"",IF(N($AC17)>0,"支給済","不支給"),IF($AC17="","要確認",IF($AC17=0,"不支給","未処理"))))) | AI17: =IF(AND($AD17="保留中",$AF17<>""),TODAY()-$AF17,"") | AJ17: R8.10 | AK17: =IF($B17="","",IF($AO17="","対象年月が未入力／","")&IF($B17="","",IF($AN17="","職員マスタに未登録の職員番号／",IF($Y17="","標準報酬月額が未登録／","")&IF(AND($AO17<>"",OR(AND(INDEX(職員マスタ!$G$6:$G$405,$AN17)<>"",INDEX(職員マスタ!$G$6:$G$405,$AN17)>EOMONTH($AO17,0)),AND(INDEX(職員マスタ!$H$6:$H$405,$AN17)<>"",INDEX(職員マスタ!$H$6:$H$405,$AN17)<$AO17))),"対象月が時短期間外／","")&IF(AND(INDEX(職員マスタ!$F$6:$F$405,$AN17)<>"",$AO17<>"",INDEX(職員マスタ!$F$6:$F$405,$AN17)<$AO17),"対象月に子が2歳到達済／","")&IF(AND($H17<>"",INDEX(職員マスタ!$B$6:$B$405,$AN17)<>"",SUBSTITUTE(SUBSTITUTE($H17," ","")," ","")<>SUBSTITUTE(SUBSTITUTE(INDEX(職員マスタ!$B$6:$B$405,$AN17)," ","")," ","")),"氏名がマスタと相違／","")&IF(AND($Q17<>"",INDEX(職員マスタ!$E$6:$E$405,$AN17)<>"",$Q17<>INDEX(職員マスタ!$E$6:$E$405,$AN17)),"子の生年月日がマスタと相違／","")&IF(AND($L17<>"",INDEX(職員マスタ!$G$6:$G$405,$AN17)<>"",$L17<>INDEX(職員マスタ!$G$6:$G$405,$AN17)),"時短開始日がマスタと相違／","")&IF(AND($M17<>"",INDEX(職員マスタ!$H$6:$H$405,$AN17)<>"",$M17<>INDEX(職員マスタ!$H$6:$H$405,$AN17)),"時短終了日がマスタと相違／","")))&IF(AND($B17<>"",$E17=""),"報酬額が未入力／","")&IF(N($U17)>0,"申請書に入力エラーが残っています／","")&IF(AND($B17<>"",$AO17<>""),IF(COUNTIFS($B$6:$B$3005,$B17,$C$6:$C$3005,$C17,$D$6:$D$3005,$D17)>1,"同じ月の請求が重複しています／",""),"")&IF(AND(N($E17)>0,$Z17<>"",$Z17<>"×",$AC17=0,$AB17=""),"計算額が下限以下のため不支給／","")) | AM17: =IF($AD17="保留中",COUNTIF($AD$6:$AD17,"保留中"),"") | AN17: =IF($AO17="","",IF(SUMPRODUCT(MAX((職員マスタ!$A$6:$A$405=$B17)*(((職員マスタ!$G$6:$G$405="")+(職員マスタ!$G$6:$G$405<=EOMONTH($AO17,0)))>0)*(((職員マスタ!$H$6:$H$405="")+(職員マスタ!$H$6:$H$405>=$AO17))>0)*(ROW(職員マスタ!$A$6:$A$405)-5)))>0,SUMPRODUCT(MAX((職員マスタ!$A$6:$A$405=$B17)*(((職員マスタ!$G$6:$G$405="")+(職員マスタ!$G$6:$G$405<=EOMONTH($AO17,0)))>0)*(((職員マスタ!$H$6:$H$405="")+(職員マスタ!$H$6:$H$405>=$AO17))>0)*(ROW(職員マスタ!$A$6:$A$405)-5))),IFERROR(MATCH($B17,職員マスタ!$A$6:$A$405,0),""))) | AO17: =IF(OR($B17="",$C17="",$D17=""),"",DATE($C17+2018,$D17,1))
B18: 6202204 | C18: 8 | D18: 6 | E18: 207321 | V18: =IF($AN18="",IF($B18="","",$H18),IF(INDEX(職員マスタ!$B$6:$B$405,$AN18)="",$H18,INDEX(職員マスタ!$B$6:$B$405,$AN18))) | W18: =IF($AN18="",IF($B18="","",$R18),IF(INDEX(職員マスタ!$C$6:$C$405,$AN18)="",$R18,INDEX(職員マスタ!$C$6:$C$405,$AN18))) | X18: =IF($AO18="","","R"&$C18&"."&$D18) | Y18: =IF($AN18="","",IF(INDEX(職員マスタ!$K$6:$K$405,$AN18)="","",INDEX(職員マスタ!$K$6:$K$405,$AN18))) | Z18: =IF(OR($E18="",$Y18=""),"",IF($E18>=$Y18,"×",IF($E18>=$Y18*設定!$C$5,"△","○"))) | AA18: =IF($Z18="","",IF($Z18="×",0,IF($Z18="○",ROUNDDOWN($E18*設定!$C$4,0),ROUNDDOWN($E18*ROUND((9*$Y18-9*$E18)/(10*$E18),4),0)))) | AC18: =IF($B18="","",IF($AB18<>"",$AB18,IF($AA18="","",IF($AA18<=設定!$C$3,0,$AA18)))) | AD18: =IF($B18="","",IF(AND($AE18<>"",$AG18="",$AJ18=""),"保留中",IF($AJ18<>"",IF(N($AC18)>0,"支給済","不支給"),IF($AC18="","要確認",IF($AC18=0,"不支給","未処理"))))) | AI18: =IF(AND($AD18="保留中",$AF18<>""),TODAY()-$AF18,"") | AJ18: R8.9 | AK18: =IF($B18="","",IF($AO18="","対象年月が未入力／","")&IF($B18="","",IF($AN18="","職員マスタに未登録の職員番号／",IF($Y18="","標準報酬月額が未登録／","")&IF(AND($AO18<>"",OR(AND(INDEX(職員マスタ!$G$6:$G$405,$AN18)<>"",INDEX(職員マスタ!$G$6:$G$405,$AN18)>EOMONTH($AO18,0)),AND(INDEX(職員マスタ!$H$6:$H$405,$AN18)<>"",INDEX(職員マスタ!$H$6:$H$405,$AN18)<$AO18))),"対象月が時短期間外／","")&IF(AND(INDEX(職員マスタ!$F$6:$F$405,$AN18)<>"",$AO18<>"",INDEX(職員マスタ!$F$6:$F$405,$AN18)<$AO18),"対象月に子が2歳到達済／","")&IF(AND($H18<>"",INDEX(職員マスタ!$B$6:$B$405,$AN18)<>"",SUBSTITUTE(SUBSTITUTE($H18," ","")," ","")<>SUBSTITUTE(SUBSTITUTE(INDEX(職員マスタ!$B$6:$B$405,$AN18)," ","")," ","")),"氏名がマスタと相違／","")&IF(AND($Q18<>"",INDEX(職員マスタ!$E$6:$E$405,$AN18)<>"",$Q18<>INDEX(職員マスタ!$E$6:$E$405,$AN18)),"子の生年月日がマスタと相違／","")&IF(AND($L18<>"",INDEX(職員マスタ!$G$6:$G$405,$AN18)<>"",$L18<>INDEX(職員マスタ!$G$6:$G$405,$AN18)),"時短開始日がマスタと相違／","")&IF(AND($M18<>"",INDEX(職員マスタ!$H$6:$H$405,$AN18)<>"",$M18<>INDEX(職員マスタ!$H$6:$H$405,$AN18)),"時短終了日がマスタと相違／","")))&IF(AND($B18<>"",$E18=""),"報酬額が未入力／","")&IF(N($U18)>0,"申請書に入力エラーが残っています／","")&IF(AND($B18<>"",$AO18<>""),IF(COUNTIFS($B$6:$B$3005,$B18,$C$6:$C$3005,$C18,$D$6:$D$3005,$D18)>1,"同じ月の請求が重複しています／",""),"")&IF(AND(N($E18)>0,$Z18<>"",$Z18<>"×",$AC18=0,$AB18=""),"計算額が下限以下のため不支給／","")) | AM18: =IF($AD18="保留中",COUNTIF($AD$6:$AD18,"保留中"),"") | AN18: =IF($AO18="","",IF(SUMPRODUCT(MAX((職員マスタ!$A$6:$A$405=$B18)*(((職員マスタ!$G$6:$G$405="")+(職員マスタ!$G$6:$G$405<=EOMONTH($AO18,0)))>0)*(((職員マスタ!$H$6:$H$405="")+(職員マスタ!$H$6:$H$405>=$AO18))>0)*(ROW(職員マスタ!$A$6:$A$405)-5)))>0,SUMPRODUCT(MAX((職員マスタ!$A$6:$A$405=$B18)*(((職員マスタ!$G$6:$G$405="")+(職員マスタ!$G$6:$G$405<=EOMONTH($AO18,0)))>0)*(((職員マスタ!$H$6:$H$405="")+(職員マスタ!$H$6:$H$405>=$AO18))>0)*(ROW(職員マスタ!$A$6:$A$405)-5))),IFERROR(MATCH($B18,職員マスタ!$A$6:$A$405,0),""))) | AO18: =IF(OR($B18="",$C18="",$D18=""),"",DATE($C18+2018,$D18,1))
... B20: 6202204 | C20: 8 | D20: 8 | E20: 207321 | V20: =IF($AN20="",IF($B20="","",$H20),IF(INDEX(職員マスタ!$B$6:$B$405,$AN20)="",$H20,INDEX(職員マスタ!$B$6:$B$405,$AN20))) | W20: =IF($AN20="",IF($B20="","",$R20),IF(INDEX(職員マスタ!$C$6:$C$405,$AN20)="",$R20,INDEX(職員マスタ!$C$6:$C$405,$AN20))) | X20: =IF($AO20="","","R"&$C20&"."&$D20) | Y20: =IF($AN20="","",IF(INDEX(職員マスタ!$K$6:$K$405,$AN20)="","",INDEX(職員マスタ!$K$6:$K$405,$AN20))) | Z20: =IF(OR($E20="",$Y20=""),"",IF($E20>=$Y20,"×",IF($E20>=$Y20*設定!$C$5,"△","○"))) | AA20: =IF($Z20="","",IF($Z20="×",0,IF($Z20="○",ROUNDDOWN($E20*設定!$C$4,0),ROUNDDOWN($E20*ROUND((9*$Y20-9*$E20)/(10*$E20),4),0)))) | AC20: =IF($B20="","",IF($AB20<>"",$AB20,IF($AA20="","",IF($AA20<=設定!$C$3,0,$AA20)))) | AD20: =IF($B20="","",IF(AND($AE20<>"",$AG20="",$AJ20=""),"保留中",IF($AJ20<>"",IF(N($AC20)>0,"支給済","不支給"),IF($AC20="","要確認",IF($AC20=0,"不支給","未処理"))))) | AI20: =IF(AND($AD20="保留中",$AF20<>""),TODAY()-$AF20,"") | AJ20: R8.10 | AK20: =IF($B20="","",IF($AO20="","対象年月が未入力／","")&IF($B20="","",IF($AN20="","職員マスタに未登録の職員番号／",IF($Y20="","標準報酬月額が未登録／","")&IF(AND($AO20<>"",OR(AND(INDEX(職員マスタ!$G$6:$G$405,$AN20)<>"",INDEX(職員マスタ!$G$6:$G$405,$AN20)>EOMONTH($AO20,0)),AND(INDEX(職員マスタ!$H$6:$H$405,$AN20)<>"",INDEX(職員マスタ!$H$6:$H$405,$AN20)<$AO20))),"対象月が時短期間外／","")&IF(AND(INDEX(職員マスタ!$F$6:$F$405,$AN20)<>"",$AO20<>"",INDEX(職員マスタ!$F$6:$F$405,$AN20)<$AO20),"対象月に子が2歳到達済／","")&IF(AND($H20<>"",INDEX(職員マスタ!$B$6:$B$405,$AN20)<>"",SUBSTITUTE(SUBSTITUTE($H20," ","")," ","")<>SUBSTITUTE(SUBSTITUTE(INDEX(職員マスタ!$B$6:$B$405,$AN20)," ","")," ","")),"氏名がマスタと相違／","")&IF(AND($Q20<>"",INDEX(職員マスタ!$E$6:$E$405,$AN20)<>"",$Q20<>INDEX(職員マスタ!$E$6:$E$405,$AN20)),"子の生年月日がマスタと相違／","")&IF(AND($L20<>"",INDEX(職員マスタ!$G$6:$G$405,$AN20)<>"",$L20<>INDEX(職員マスタ!$G$6:$G$405,$AN20)),"時短開始日がマスタと相違／","")&IF(AND($M20<>"",INDEX(職員マスタ!$H$6:$H$405,$AN20)<>"",$M20<>INDEX(職員マスタ!$H$6:$H$405,$AN20)),"時短終了日がマスタと相違／","")))&IF(AND($B20<>"",$E20=""),"報酬額が未入力／","")&IF(N($U20)>0,"申請書に入力エラーが残っています／","")&IF(AND($B20<>"",$AO20<>""),IF(COUNTIFS($B$6:$B$3005,$B20,$C$6:$C$3005,$C20,$D$6:$D$3005,$D20)>1,"同じ月の請求が重複しています／",""),"")&IF(AND(N($E20)>0,$Z20<>"",$Z20<>"×",$AC20=0,$AB20=""),"計算額が下限以下のため不支給／","")) | AM20: =IF($AD20="保留中",COUNTIF($AD$6:$AD20,"保留中"),"") | AN20: =IF($AO20="","",IF(SUMPRODUCT(MAX((職員マスタ!$A$6:$A$405=$B20)*(((職員マスタ!$G$6:$G$405="")+(職員マスタ!$G$6:$G$405<=EOMONTH($AO20,0)))>0)*(((職員マスタ!$H$6:$H$405="")+(職員マスタ!$H$6:$H$405>=$AO20))>0)*(ROW(職員マスタ!$A$6:$A$405)-5)))>0,SUMPRODUCT(MAX((職員マスタ!$A$6:$A$405=$B20)*(((職員マスタ!$G$6:$G$405="")+(職員マスタ!$G$6:$G$405<=EOMONTH($AO20,0)))>0)*(((職員マスタ!$H$6:$H$405="")+(職員マスタ!$H$6:$H$405>=$AO20))>0)*(ROW(職員マスタ!$A$6:$A$405)-5))),IFERROR(MATCH($B20,職員マスタ!$A$6:$A$405,0),""))) | AO20: =IF(OR($B20="",$C20="",$D20=""),"",DATE($C20+2018,$D20,1))
B21: 6300941 | C21: 8 | D21: 6 | E21: 370216 | V21: =IF($AN21="",IF($B21="","",$H21),IF(INDEX(職員マスタ!$B$6:$B$405,$AN21)="",$H21,INDEX(職員マスタ!$B$6:$B$405,$AN21))) | W21: =IF($AN21="",IF($B21="","",$R21),IF(INDEX(職員マスタ!$C$6:$C$405,$AN21)="",$R21,INDEX(職員マスタ!$C$6:$C$405,$AN21))) | X21: =IF($AO21="","","R"&$C21&"."&$D21) | Y21: =IF($AN21="","",IF(INDEX(職員マスタ!$K$6:$K$405,$AN21)="","",INDEX(職員マスタ!$K$6:$K$405,$AN21))) | Z21: =IF(OR($E21="",$Y21=""),"",IF($E21>=$Y21,"×",IF($E21>=$Y21*設定!$C$5,"△","○"))) | AA21: =IF($Z21="","",IF($Z21="×",0,IF($Z21="○",ROUNDDOWN($E21*設定!$C$4,0),ROUNDDOWN($E21*ROUND((9*$Y21-9*$E21)/(10*$E21),4),0)))) | AC21: =IF($B21="","",IF($AB21<>"",$AB21,IF($AA21="","",IF($AA21<=設定!$C$3,0,$AA21)))) | AD21: =IF($B21="","",IF(AND($AE21<>"",$AG21="",$AJ21=""),"保留中",IF($AJ21<>"",IF(N($AC21)>0,"支給済","不支給"),IF($AC21="","要確認",IF($AC21=0,"不支給","未処理"))))) | AI21: =IF(AND($AD21="保留中",$AF21<>""),TODAY()-$AF21,"") | AK21: =IF($B21="","",IF($AO21="","対象年月が未入力／","")&IF($B21="","",IF($AN21="","職員マスタに未登録の職員番号／",IF($Y21="","標準報酬月額が未登録／","")&IF(AND($AO21<>"",OR(AND(INDEX(職員マスタ!$G$6:$G$405,$AN21)<>"",INDEX(職員マスタ!$G$6:$G$405,$AN21)>EOMONTH($AO21,0)),AND(INDEX(職員マスタ!$H$6:$H$405,$AN21)<>"",INDEX(職員マスタ!$H$6:$H$405,$AN21)<$AO21))),"対象月が時短期間外／","")&IF(AND(INDEX(職員マスタ!$F$6:$F$405,$AN21)<>"",$AO21<>"",INDEX(職員マスタ!$F$6:$F$405,$AN21)<$AO21),"対象月に子が2歳到達済／","")&IF(AND($H21<>"",INDEX(職員マスタ!$B$6:$B$405,$AN21)<>"",SUBSTITUTE(SUBSTITUTE($H21," ","")," ","")<>SUBSTITUTE(SUBSTITUTE(INDEX(職員マスタ!$B$6:$B$405,$AN21)," ","")," ","")),"氏名がマスタと相違／","")&IF(AND($Q21<>"",INDEX(職員マスタ!$E$6:$E$405,$AN21)<>"",$Q21<>INDEX(職員マスタ!$E$6:$E$405,$AN21)),"子の生年月日がマスタと相違／","")&IF(AND($L21<>"",INDEX(職員マスタ!$G$6:$G$405,$AN21)<>"",$L21<>INDEX(職員マスタ!$G$6:$G$405,$AN21)),"時短開始日がマスタと相違／","")&IF(AND($M21<>"",INDEX(職員マスタ!$H$6:$H$405,$AN21)<>"",$M21<>INDEX(職員マスタ!$H$6:$H$405,$AN21)),"時短終了日がマスタと相違／","")))&IF(AND($B21<>"",$E21=""),"報酬額が未入力／","")&IF(N($U21)>0,"申請書に入力エラーが残っています／","")&IF(AND($B21<>"",$AO21<>""),IF(COUNTIFS($B$6:$B$3005,$B21,$C$6:$C$3005,$C21,$D$6:$D$3005,$D21)>1,"同じ月の請求が重複しています／",""),"")&IF(AND(N($E21)>0,$Z21<>"",$Z21<>"×",$AC21=0,$AB21=""),"計算額が下限以下のため不支給／","")) | AM21: =IF($AD21="保留中",COUNTIF($AD$6:$AD21,"保留中"),"") | AN21: =IF($AO21="","",IF(SUMPRODUCT(MAX((職員マスタ!$A$6:$A$405=$B21)*(((職員マスタ!$G$6:$G$405="")+(職員マスタ!$G$6:$G$405<=EOMONTH($AO21,0)))>0)*(((職員マスタ!$H$6:$H$405="")+(職員マスタ!$H$6:$H$405>=$AO21))>0)*(ROW(職員マスタ!$A$6:$A$405)-5)))>0,SUMPRODUCT(MAX((職員マスタ!$A$6:$A$405=$B21)*(((職員マスタ!$G$6:$G$405="")+(職員マスタ!$G$6:$G$405<=EOMONTH($AO21,0)))>0)*(((職員マスタ!$H$6:$H$405="")+(職員マスタ!$H$6:$H$405>=$AO21))>0)*(ROW(職員マスタ!$A$6:$A$405)-5))),IFERROR(MATCH($B21,職員マスタ!$A$6:$A$405,0),""))) | AO21: =IF(OR($B21="",$C21="",$D21=""),"",DATE($C21+2018,$D21,1))
B22: 6300941 | C22: 8 | D22: 7 | E22: 357142 | V22: =IF($AN22="",IF($B22="","",$H22),IF(INDEX(職員マスタ!$B$6:$B$405,$AN22)="",$H22,INDEX(職員マスタ!$B$6:$B$405,$AN22))) | W22: =IF($AN22="",IF($B22="","",$R22),IF(INDEX(職員マスタ!$C$6:$C$405,$AN22)="",$R22,INDEX(職員マスタ!$C$6:$C$405,$AN22))) | X22: =IF($AO22="","","R"&$C22&"."&$D22) | Y22: =IF($AN22="","",IF(INDEX(職員マスタ!$K$6:$K$405,$AN22)="","",INDEX(職員マスタ!$K$6:$K$405,$AN22))) | Z22: =IF(OR($E22="",$Y22=""),"",IF($E22>=$Y22,"×",IF($E22>=$Y22*設定!$C$5,"△","○"))) | AA22: =IF($Z22="","",IF($Z22="×",0,IF($Z22="○",ROUNDDOWN($E22*設定!$C$4,0),ROUNDDOWN($E22*ROUND((9*$Y22-9*$E22)/(10*$E22),4),0)))) | AC22: =IF($B22="","",IF($AB22<>"",$AB22,IF($AA22="","",IF($AA22<=設定!$C$3,0,$AA22)))) | AD22: =IF($B22="","",IF(AND($AE22<>"",$AG22="",$AJ22=""),"保留中",IF($AJ22<>"",IF(N($AC22)>0,"支給済","不支給"),IF($AC22="","要確認",IF($AC22=0,"不支給","未処理"))))) | AI22: =IF(AND($AD22="保留中",$AF22<>""),TODAY()-$AF22,"") | AJ22: R8.9 | AK22: =IF($B22="","",IF($AO22="","対象年月が未入力／","")&IF($B22="","",IF($AN22="","職員マスタに未登録の職員番号／",IF($Y22="","標準報酬月額が未登録／","")&IF(AND($AO22<>"",OR(AND(INDEX(職員マスタ!$G$6:$G$405,$AN22)<>"",INDEX(職員マスタ!$G$6:$G$405,$AN22)>EOMONTH($AO22,0)),AND(INDEX(職員マスタ!$H$6:$H$405,$AN22)<>"",INDEX(職員マスタ!$H$6:$H$405,$AN22)<$AO22))),"対象月が時短期間外／","")&IF(AND(INDEX(職員マスタ!$F$6:$F$405,$AN22)<>"",$AO22<>"",INDEX(職員マスタ!$F$6:$F$405,$AN22)<$AO22),"対象月に子が2歳到達済／","")&IF(AND($H22<>"",INDEX(職員マスタ!$B$6:$B$405,$AN22)<>"",SUBSTITUTE(SUBSTITUTE($H22," ","")," ","")<>SUBSTITUTE(SUBSTITUTE(INDEX(職員マスタ!$B$6:$B$405,$AN22)," ","")," ","")),"氏名がマスタと相違／","")&IF(AND($Q22<>"",INDEX(職員マスタ!$E$6:$E$405,$AN22)<>"",$Q22<>INDEX(職員マスタ!$E$6:$E$405,$AN22)),"子の生年月日がマスタと相違／","")&IF(AND($L22<>"",INDEX(職員マスタ!$G$6:$G$405,$AN22)<>"",$L22<>INDEX(職員マスタ!$G$6:$G$405,$AN22)),"時短開始日がマスタと相違／","")&IF(AND($M22<>"",INDEX(職員マスタ!$H$6:$H$405,$AN22)<>"",$M22<>INDEX(職員マスタ!$H$6:$H$405,$AN22)),"時短終了日がマスタと相違／","")))&IF(AND($B22<>"",$E22=""),"報酬額が未入力／","")&IF(N($U22)>0,"申請書に入力エラーが残っています／","")&IF(AND($B22<>"",$AO22<>""),IF(COUNTIFS($B$6:$B$3005,$B22,$C$6:$C$3005,$C22,$D$6:$D$3005,$D22)>1,"同じ月の請求が重複しています／",""),"")&IF(AND(N($E22)>0,$Z22<>"",$Z22<>"×",$AC22=0,$AB22=""),"計算額が下限以下のため不支給／","")) | AM22: =IF($AD22="保留中",COUNTIF($AD$6:$AD22,"保留中"),"") | AN22: =IF($AO22="","",IF(SUMPRODUCT(MAX((職員マスタ!$A$6:$A$405=$B22)*(((職員マスタ!$G$6:$G$405="")+(職員マスタ!$G$6:$G$405<=EOMONTH($AO22,0)))>0)*(((職員マスタ!$H$6:$H$405="")+(職員マスタ!$H$6:$H$405>=$AO22))>0)*(ROW(職員マスタ!$A$6:$A$405)-5)))>0,SUMPRODUCT(MAX((職員マスタ!$A$6:$A$405=$B22)*(((職員マスタ!$G$6:$G$405="")+(職員マスタ!$G$6:$G$405<=EOMONTH($AO22,0)))>0)*(((職員マスタ!$H$6:$H$405="")+(職員マスタ!$H$6:$H$405>=$AO22))>0)*(ROW(職員マスタ!$A$6:$A$405)-5))),IFERROR(MATCH($B22,職員マスタ!$A$6:$A$405,0),""))) | AO22: =IF(OR($B22="",$C22="",$D22=""),"",DATE($C22+2018,$D22,1))
B23: 6400857 | C23: 8 | D23: 4 | E23: 239718 | V23: =IF($AN23="",IF($B23="","",$H23),IF(INDEX(職員マスタ!$B$6:$B$405,$AN23)="",$H23,INDEX(職員マスタ!$B$6:$B$405,$AN23))) | W23: =IF($AN23="",IF($B23="","",$R23),IF(INDEX(職員マスタ!$C$6:$C$405,$AN23)="",$R23,INDEX(職員マスタ!$C$6:$C$405,$AN23))) | X23: =IF($AO23="","","R"&$C23&"."&$D23) | Y23: =IF($AN23="","",IF(INDEX(職員マスタ!$K$6:$K$405,$AN23)="","",INDEX(職員マスタ!$K$6:$K$405,$AN23))) | Z23: =IF(OR($E23="",$Y23=""),"",IF($E23>=$Y23,"×",IF($E23>=$Y23*設定!$C$5,"△","○"))) | AA23: =IF($Z23="","",IF($Z23="×",0,IF($Z23="○",ROUNDDOWN($E23*設定!$C$4,0),ROUNDDOWN($E23*ROUND((9*$Y23-9*$E23)/(10*$E23),4),0)))) | AC23: =IF($B23="","",IF($AB23<>"",$AB23,IF($AA23="","",IF($AA23<=設定!$C$3,0,$AA23)))) | AD23: =IF($B23="","",IF(AND($AE23<>"",$AG23="",$AJ23=""),"保留中",IF($AJ23<>"",IF(N($AC23)>0,"支給済","不支給"),IF($AC23="","要確認",IF($AC23=0,"不支給","未処理"))))) | AI23: =IF(AND($AD23="保留中",$AF23<>""),TODAY()-$AF23,"") | AJ23: R8.6 | AK23: =IF($B23="","",IF($AO23="","対象年月が未入力／","")&IF($B23="","",IF($AN23="","職員マスタに未登録の職員番号／",IF($Y23="","標準報酬月額が未登録／","")&IF(AND($AO23<>"",OR(AND(INDEX(職員マスタ!$G$6:$G$405,$AN23)<>"",INDEX(職員マスタ!$G$6:$G$405,$AN23)>EOMONTH($AO23,0)),AND(INDEX(職員マスタ!$H$6:$H$405,$AN23)<>"",INDEX(職員マスタ!$H$6:$H$405,$AN23)<$AO23))),"対象月が時短期間外／","")&IF(AND(INDEX(職員マスタ!$F$6:$F$405,$AN23)<>"",$AO23<>"",INDEX(職員マスタ!$F$6:$F$405,$AN23)<$AO23),"対象月に子が2歳到達済／","")&IF(AND($H23<>"",INDEX(職員マスタ!$B$6:$B$405,$AN23)<>"",SUBSTITUTE(SUBSTITUTE($H23," ","")," ","")<>SUBSTITUTE(SUBSTITUTE(INDEX(職員マスタ!$B$6:$B$405,$AN23)," ","")," ","")),"氏名がマスタと相違／","")&IF(AND($Q23<>"",INDEX(職員マスタ!$E$6:$E$405,$AN23)<>"",$Q23<>INDEX(職員マスタ!$E$6:$E$405,$AN23)),"子の生年月日がマスタと相違／","")&IF(AND($L23<>"",INDEX(職員マスタ!$G$6:$G$405,$AN23)<>"",$L23<>INDEX(職員マスタ!$G$6:$G$405,$AN23)),"時短開始日がマスタと相違／","")&IF(AND($M23<>"",INDEX(職員マスタ!$H$6:$H$405,$AN23)<>"",$M23<>INDEX(職員マスタ!$H$6:$H$405,$AN23)),"時短終了日がマスタと相違／","")))&IF(AND($B23<>"",$E23=""),"報酬額が未入力／","")&IF(N($U23)>0,"申請書に入力エラーが残っています／","")&IF(AND($B23<>"",$AO23<>""),IF(COUNTIFS($B$6:$B$3005,$B23,$C$6:$C$3005,$C23,$D$6:$D$3005,$D23)>1,"同じ月の請求が重複しています／",""),"")&IF(AND(N($E23)>0,$Z23<>"",$Z23<>"×",$AC23=0,$AB23=""),"計算額が下限以下のため不支給／","")) | AM23: =IF($AD23="保留中",COUNTIF($AD$6:$AD23,"保留中"),"") | AN23: =IF($AO23="","",IF(SUMPRODUCT(MAX((職員マスタ!$A$6:$A$405=$B23)*(((職員マスタ!$G$6:$G$405="")+(職員マスタ!$G$6:$G$405<=EOMONTH($AO23,0)))>0)*(((職員マスタ!$H$6:$H$405="")+(職員マスタ!$H$6:$H$405>=$AO23))>0)*(ROW(職員マスタ!$A$6:$A$405)-5)))>0,SUMPRODUCT(MAX((職員マスタ!$A$6:$A$405=$B23)*(((職員マスタ!$G$6:$G$405="")+(職員マスタ!$G$6:$G$405<=EOMONTH($AO23,0)))>0)*(((職員マスタ!$H$6:$H$405="")+(職員マスタ!$H$6:$H$405>=$AO23))>0)*(ROW(職員マスタ!$A$6:$A$405)-5))),IFERROR(MATCH($B23,職員マスタ!$A$6:$A$405,0),""))) | AO23: =IF(OR($B23="",$C23="",$D23=""),"",DATE($C23+2018,$D23,1))
B24: 6400857 | C24: 8 | D24: 5 | E24: 260051 | V24: =IF($AN24="",IF($B24="","",$H24),IF(INDEX(職員マスタ!$B$6:$B$405,$AN24)="",$H24,INDEX(職員マスタ!$B$6:$B$405,$AN24))) | W24: =IF($AN24="",IF($B24="","",$R24),IF(INDEX(職員マスタ!$C$6:$C$405,$AN24)="",$R24,INDEX(職員マスタ!$C$6:$C$405,$AN24))) | X24: =IF($AO24="","","R"&$C24&"."&$D24) | Y24: =IF($AN24="","",IF(INDEX(職員マスタ!$K$6:$K$405,$AN24)="","",INDEX(職員マスタ!$K$6:$K$405,$AN24))) | Z24: =IF(OR($E24="",$Y24=""),"",IF($E24>=$Y24,"×",IF($E24>=$Y24*設定!$C$5,"△","○"))) | AA24: =IF($Z24="","",IF($Z24="×",0,IF($Z24="○",ROUNDDOWN($E24*設定!$C$4,0),ROUNDDOWN($E24*ROUND((9*$Y24-9*$E24)/(10*$E24),4),0)))) | AC24: =IF($B24="","",IF($AB24<>"",$AB24,IF($AA24="","",IF($AA24<=設定!$C$3,0,$AA24)))) | AD24: =IF($B24="","",IF(AND($AE24<>"",$AG24="",$AJ24=""),"保留中",IF($AJ24<>"",IF(N($AC24)>0,"支給済","不支給"),IF($AC24="","要確認",IF($AC24=0,"不支給","未処理"))))) | AI24: =IF(AND($AD24="保留中",$AF24<>""),TODAY()-$AF24,"") | AJ24: R8.7 | AK24: =IF($B24="","",IF($AO24="","対象年月が未入力／","")&IF($B24="","",IF($AN24="","職員マスタに未登録の職員番号／",IF($Y24="","標準報酬月額が未登録／","")&IF(AND($AO24<>"",OR(AND(INDEX(職員マスタ!$G$6:$G$405,$AN24)<>"",INDEX(職員マスタ!$G$6:$G$405,$AN24)>EOMONTH($AO24,0)),AND(INDEX(職員マスタ!$H$6:$H$405,$AN24)<>"",INDEX(職員マスタ!$H$6:$H$405,$AN24)<$AO24))),"対象月が時短期間外／","")&IF(AND(INDEX(職員マスタ!$F$6:$F$405,$AN24)<>"",$AO24<>"",INDEX(職員マスタ!$F$6:$F$405,$AN24)<$AO24),"対象月に子が2歳到達済／","")&IF(AND($H24<>"",INDEX(職員マスタ!$B$6:$B$405,$AN24)<>"",SUBSTITUTE(SUBSTITUTE($H24," ","")," ","")<>SUBSTITUTE(SUBSTITUTE(INDEX(職員マスタ!$B$6:$B$405,$AN24)," ","")," ","")),"氏名がマスタと相違／","")&IF(AND($Q24<>"",INDEX(職員マスタ!$E$6:$E$405,$AN24)<>"",$Q24<>INDEX(職員マスタ!$E$6:$E$405,$AN24)),"子の生年月日がマスタと相違／","")&IF(AND($L24<>"",INDEX(職員マスタ!$G$6:$G$405,$AN24)<>"",$L24<>INDEX(職員マスタ!$G$6:$G$405,$AN24)),"時短開始日がマスタと相違／","")&IF(AND($M24<>"",INDEX(職員マスタ!$H$6:$H$405,$AN24)<>"",$M24<>INDEX(職員マスタ!$H$6:$H$405,$AN24)),"時短終了日がマスタと相違／","")))&IF(AND($B24<>"",$E24=""),"報酬額が未入力／","")&IF(N($U24)>0,"申請書に入力エラーが残っています／","")&IF(AND($B24<>"",$AO24<>""),IF(COUNTIFS($B$6:$B$3005,$B24,$C$6:$C$3005,$C24,$D$6:$D$3005,$D24)>1,"同じ月の請求が重複しています／",""),"")&IF(AND(N($E24)>0,$Z24<>"",$Z24<>"×",$AC24=0,$AB24=""),"計算額が下限以下のため不支給／","")) | AM24: =IF($AD24="保留中",COUNTIF($AD$6:$AD24,"保留中"),"") | AN24: =IF($AO24="","",IF(SUMPRODUCT(MAX((職員マスタ!$A$6:$A$405=$B24)*(((職員マスタ!$G$6:$G$405="")+(職員マスタ!$G$6:$G$405<=EOMONTH($AO24,0)))>0)*(((職員マスタ!$H$6:$H$405="")+(職員マスタ!$H$6:$H$405>=$AO24))>0)*(ROW(職員マスタ!$A$6:$A$405)-5)))>0,SUMPRODUCT(MAX((職員マスタ!$A$6:$A$405=$B24)*(((職員マスタ!$G$6:$G$405="")+(職員マスタ!$G$6:$G$405<=EOMONTH($AO24,0)))>0)*(((職員マスタ!$H$6:$H$405="")+(職員マスタ!$H$6:$H$405>=$AO24))>0)*(ROW(職員マスタ!$A$6:$A$405)-5))),IFERROR(MATCH($B24,職員マスタ!$A$6:$A$405,0),""))) | AO24: =IF(OR($B24="",$C24="",$D24=""),"",DATE($C24+2018,$D24,1))
B25: 6400857 | C25: 8 | D25: 6 | E25: 254399 | V25: =IF($AN25="",IF($B25="","",$H25),IF(INDEX(職員マスタ!$B$6:$B$405,$AN25)="",$H25,INDEX(職員マスタ!$B$6:$B$405,$AN25))) | W25: =IF($AN25="",IF($B25="","",$R25),IF(INDEX(職員マスタ!$C$6:$C$405,$AN25)="",$R25,INDEX(職員マスタ!$C$6:$C$405,$AN25))) | X25: =IF($AO25="","","R"&$C25&"."&$D25) | Y25: =IF($AN25="","",IF(INDEX(職員マスタ!$K$6:$K$405,$AN25)="","",INDEX(職員マスタ!$K$6:$K$405,$AN25))) | Z25: =IF(OR($E25="",$Y25=""),"",IF($E25>=$Y25,"×",IF($E25>=$Y25*設定!$C$5,"△","○"))) | AA25: =IF($Z25="","",IF($Z25="×",0,IF($Z25="○",ROUNDDOWN($E25*設定!$C$4,0),ROUNDDOWN($E25*ROUND((9*$Y25-9*$E25)/(10*$E25),4),0)))) | AC25: =IF($B25="","",IF($AB25<>"",$AB25,IF($AA25="","",IF($AA25<=設定!$C$3,0,$AA25)))) | AD25: =IF($B25="","",IF(AND($AE25<>"",$AG25="",$AJ25=""),"保留中",IF($AJ25<>"",IF(N($AC25)>0,"支給済","不支給"),IF($AC25="","要確認",IF($AC25=0,"不支給","未処理"))))) | AI25: =IF(AND($AD25="保留中",$AF25<>""),TODAY()-$AF25,"") | AJ25: R8.8 | AK25: =IF($B25="","",IF($AO25="","対象年月が未入力／","")&IF($B25="","",IF($AN25="","職員マスタに未登録の職員番号／",IF($Y25="","標準報酬月額が未登録／","")&IF(AND($AO25<>"",OR(AND(INDEX(職員マスタ!$G$6:$G$405,$AN25)<>"",INDEX(職員マスタ!$G$6:$G$405,$AN25)>EOMONTH($AO25,0)),AND(INDEX(職員マスタ!$H$6:$H$405,$AN25)<>"",INDEX(職員マスタ!$H$6:$H$405,$AN25)<$AO25))),"対象月が時短期間外／","")&IF(AND(INDEX(職員マスタ!$F$6:$F$405,$AN25)<>"",$AO25<>"",INDEX(職員マスタ!$F$6:$F$405,$AN25)<$AO25),"対象月に子が2歳到達済／","")&IF(AND($H25<>"",INDEX(職員マスタ!$B$6:$B$405,$AN25)<>"",SUBSTITUTE(SUBSTITUTE($H25," ","")," ","")<>SUBSTITUTE(SUBSTITUTE(INDEX(職員マスタ!$B$6:$B$405,$AN25)," ","")," ","")),"氏名がマスタと相違／","")&IF(AND($Q25<>"",INDEX(職員マスタ!$E$6:$E$405,$AN25)<>"",$Q25<>INDEX(職員マスタ!$E$6:$E$405,$AN25)),"子の生年月日がマスタと相違／","")&IF(AND($L25<>"",INDEX(職員マスタ!$G$6:$G$405,$AN25)<>"",$L25<>INDEX(職員マスタ!$G$6:$G$405,$AN25)),"時短開始日がマスタと相違／","")&IF(AND($M25<>"",INDEX(職員マスタ!$H$6:$H$405,$AN25)<>"",$M25<>INDEX(職員マスタ!$H$6:$H$405,$AN25)),"時短終了日がマスタと相違／","")))&IF(AND($B25<>"",$E25=""),"報酬額が未入力／","")&IF(N($U25)>0,"申請書に入力エラーが残っています／","")&IF(AND($B25<>"",$AO25<>""),IF(COUNTIFS($B$6:$B$3005,$B25,$C$6:$C$3005,$C25,$D$6:$D$3005,$D25)>1,"同じ月の請求が重複しています／",""),"")&IF(AND(N($E25)>0,$Z25<>"",$Z25<>"×",$AC25=0,$AB25=""),"計算額が下限以下のため不支給／","")) | AM25: =IF($AD25="保留中",COUNTIF($AD$6:$AD25,"保留中"),"") | AN25: =IF($AO25="","",IF(SUMPRODUCT(MAX((職員マスタ!$A$6:$A$405=$B25)*(((職員マスタ!$G$6:$G$405="")+(職員マスタ!$G$6:$G$405<=EOMONTH($AO25,0)))>0)*(((職員マスタ!$H$6:$H$405="")+(職員マスタ!$H$6:$H$405>=$AO25))>0)*(ROW(職員マスタ!$A$6:$A$405)-5)))>0,SUMPRODUCT(MAX((職員マスタ!$A$6:$A$405=$B25)*(((職員マスタ!$G$6:$G$405="")+(職員マスタ!$G$6:$G$405<=EOMONTH($AO25,0)))>0)*(((職員マスタ!$H$6:$H$405="")+(職員マスタ!$H$6:$H$405>=$AO25))>0)*(ROW(職員マスタ!$A$6:$A$405)-5))),IFERROR(MATCH($B25,職員マスタ!$A$6:$A$405,0),""))) | AO25: =IF(OR($B25="",$C25="",$D25=""),"",DATE($C25+2018,$D25,1))
B26: 6400857 | C26: 8 | D26: 7 | E26: 240269 | V26: =IF($AN26="",IF($B26="","",$H26),IF(INDEX(職員マスタ!$B$6:$B$405,$AN26)="",$H26,INDEX(職員マスタ!$B$6:$B$405,$AN26))) | W26: =IF($AN26="",IF($B26="","",$R26),IF(INDEX(職員マスタ!$C$6:$C$405,$AN26)="",$R26,INDEX(職員マスタ!$C$6:$C$405,$AN26))) | X26: =IF($AO26="","","R"&$C26&"."&$D26) | Y26: =IF($AN26="","",IF(INDEX(職員マスタ!$K$6:$K$405,$AN26)="","",INDEX(職員マスタ!$K$6:$K$405,$AN26))) | Z26: =IF(OR($E26="",$Y26=""),"",IF($E26>=$Y26,"×",IF($E26>=$Y26*設定!$C$5,"△","○"))) | AA26: =IF($Z26="","",IF($Z26="×",0,IF($Z26="○",ROUNDDOWN($E26*設定!$C$4,0),ROUNDDOWN($E26*ROUND((9*$Y26-9*$E26)/(10*$E26),4),0)))) | AC26: =IF($B26="","",IF($AB26<>"",$AB26,IF($AA26="","",IF($AA26<=設定!$C$3,0,$AA26)))) | AD26: =IF($B26="","",IF(AND($AE26<>"",$AG26="",$AJ26=""),"保留中",IF($AJ26<>"",IF(N($AC26)>0,"支給済","不支給"),IF($AC26="","要確認",IF($AC26=0,"不支給","未処理"))))) | AI26: =IF(AND($AD26="保留中",$AF26<>""),TODAY()-$AF26,"") | AJ26: R8.9 | AK26: =IF($B26="","",IF($AO26="","対象年月が未入力／","")&IF($B26="","",IF($AN26="","職員マスタに未登録の職員番号／",IF($Y26="","標準報酬月額が未登録／","")&IF(AND($AO26<>"",OR(AND(INDEX(職員マスタ!$G$6:$G$405,$AN26)<>"",INDEX(職員マスタ!$G$6:$G$405,$AN26)>EOMONTH($AO26,0)),AND(INDEX(職員マスタ!$H$6:$H$405,$AN26)<>"",INDEX(職員マスタ!$H$6:$H$405,$AN26)<$AO26))),"対象月が時短期間外／","")&IF(AND(INDEX(職員マスタ!$F$6:$F$405,$AN26)<>"",$AO26<>"",INDEX(職員マスタ!$F$6:$F$405,$AN26)<$AO26),"対象月に子が2歳到達済／","")&IF(AND($H26<>"",INDEX(職員マスタ!$B$6:$B$405,$AN26)<>"",SUBSTITUTE(SUBSTITUTE($H26," ","")," ","")<>SUBSTITUTE(SUBSTITUTE(INDEX(職員マスタ!$B$6:$B$405,$AN26)," ","")," ","")),"氏名がマスタと相違／","")&IF(AND($Q26<>"",INDEX(職員マスタ!$E$6:$E$405,$AN26)<>"",$Q26<>INDEX(職員マスタ!$E$6:$E$405,$AN26)),"子の生年月日がマスタと相違／","")&IF(AND($L26<>"",INDEX(職員マスタ!$G$6:$G$405,$AN26)<>"",$L26<>INDEX(職員マスタ!$G$6:$G$405,$AN26)),"時短開始日がマスタと相違／","")&IF(AND($M26<>"",INDEX(職員マスタ!$H$6:$H$405,$AN26)<>"",$M26<>INDEX(職員マスタ!$H$6:$H$405,$AN26)),"時短終了日がマスタと相違／","")))&IF(AND($B26<>"",$E26=""),"報酬額が未入力／","")&IF(N($U26)>0,"申請書に入力エラーが残っています／","")&IF(AND($B26<>"",$AO26<>""),IF(COUNTIFS($B$6:$B$3005,$B26,$C$6:$C$3005,$C26,$D$6:$D$3005,$D26)>1,"同じ月の請求が重複しています／",""),"")&IF(AND(N($E26)>0,$Z26<>"",$Z26<>"×",$AC26=0,$AB26=""),"計算額が下限以下のため不支給／","")) | AM26: =IF($AD26="保留中",COUNTIF($AD$6:$AD26,"保留中"),"") | AN26: =IF($AO26="","",IF(SUMPRODUCT(MAX((職員マスタ!$A$6:$A$405=$B26)*(((職員マスタ!$G$6:$G$405="")+(職員マスタ!$G$6:$G$405<=EOMONTH($AO26,0)))>0)*(((職員マスタ!$H$6:$H$405="")+(職員マスタ!$H$6:$H$405>=$AO26))>0)*(ROW(職員マスタ!$A$6:$A$405)-5)))>0,SUMPRODUCT(MAX((職員マスタ!$A$6:$A$405=$B26)*(((職員マスタ!$G$6:$G$405="")+(職員マスタ!$G$6:$G$405<=EOMONTH($AO26,0)))>0)*(((職員マスタ!$H$6:$H$405="")+(職員マスタ!$H$6:$H$405>=$AO26))>0)*(ROW(職員マスタ!$A$6:$A$405)-5))),IFERROR(MATCH($B26,職員マスタ!$A$6:$A$405,0),""))) | AO26: =IF(OR($B26="",$C26="",$D26=""),"",DATE($C26+2018,$D26,1))
B27: 6400857 | C27: 8 | D27: 8 | E27: 240269 | V27: =IF($AN27="",IF($B27="","",$H27),IF(INDEX(職員マスタ!$B$6:$B$405,$AN27)="",$H27,INDEX(職員マスタ!$B$6:$B$405,$AN27))) | W27: =IF($AN27="",IF($B27="","",$R27),IF(INDEX(職員マスタ!$C$6:$C$405,$AN27)="",$R27,INDEX(職員マスタ!$C$6:$C$405,$AN27))) | X27: =IF($AO27="","","R"&$C27&"."&$D27) | Y27: =IF($AN27="","",IF(INDEX(職員マスタ!$K$6:$K$405,$AN27)="","",INDEX(職員マスタ!$K$6:$K$405,$AN27))) | Z27: =IF(OR($E27="",$Y27=""),"",IF($E27>=$Y27,"×",IF($E27>=$Y27*設定!$C$5,"△","○"))) | AA27: =IF($Z27="","",IF($Z27="×",0,IF($Z27="○",ROUNDDOWN($E27*設定!$C$4,0),ROUNDDOWN($E27*ROUND((9*$Y27-9*$E27)/(10*$E27),4),0)))) | AC27: =IF($B27="","",IF($AB27<>"",$AB27,IF($AA27="","",IF($AA27<=設定!$C$3,0,$AA27)))) | AD27: =IF($B27="","",IF(AND($AE27<>"",$AG27="",$AJ27=""),"保留中",IF($AJ27<>"",IF(N($AC27)>0,"支給済","不支給"),IF($AC27="","要確認",IF($AC27=0,"不支給","未処理"))))) | AI27: =IF(AND($AD27="保留中",$AF27<>""),TODAY()-$AF27,"") | AJ27: R8.10 | AK27: =IF($B27="","",IF($AO27="","対象年月が未入力／","")&IF($B27="","",IF($AN27="","職員マスタに未登録の職員番号／",IF($Y27="","標準報酬月額が未登録／","")&IF(AND($AO27<>"",OR(AND(INDEX(職員マスタ!$G$6:$G$405,$AN27)<>"",INDEX(職員マスタ!$G$6:$G$405,$AN27)>EOMONTH($AO27,0)),AND(INDEX(職員マスタ!$H$6:$H$405,$AN27)<>"",INDEX(職員マスタ!$H$6:$H$405,$AN27)<$AO27))),"対象月が時短期間外／","")&IF(AND(INDEX(職員マスタ!$F$6:$F$405,$AN27)<>"",$AO27<>"",INDEX(職員マスタ!$F$6:$F$405,$AN27)<$AO27),"対象月に子が2歳到達済／","")&IF(AND($H27<>"",INDEX(職員マスタ!$B$6:$B$405,$AN27)<>"",SUBSTITUTE(SUBSTITUTE($H27," ","")," ","")<>SUBSTITUTE(SUBSTITUTE(INDEX(職員マスタ!$B$6:$B$405,$AN27)," ","")," ","")),"氏名がマスタと相違／","")&IF(AND($Q27<>"",INDEX(職員マスタ!$E$6:$E$405,$AN27)<>"",$Q27<>INDEX(職員マスタ!$E$6:$E$405,$AN27)),"子の生年月日がマスタと相違／","")&IF(AND($L27<>"",INDEX(職員マスタ!$G$6:$G$405,$AN27)<>"",$L27<>INDEX(職員マスタ!$G$6:$G$405,$AN27)),"時短開始日がマスタと相違／","")&IF(AND($M27<>"",INDEX(職員マスタ!$H$6:$H$405,$AN27)<>"",$M27<>INDEX(職員マスタ!$H$6:$H$405,$AN27)),"時短終了日がマスタと相違／","")))&IF(AND($B27<>"",$E27=""),"報酬額が未入力／","")&IF(N($U27)>0,"申請書に入力エラーが残っています／","")&IF(AND($B27<>"",$AO27<>""),IF(COUNTIFS($B$6:$B$3005,$B27,$C$6:$C$3005,$C27,$D$6:$D$3005,$D27)>1,"同じ月の請求が重複しています／",""),"")&IF(AND(N($E27)>0,$Z27<>"",$Z27<>"×",$AC27=0,$AB27=""),"計算額が下限以下のため不支給／","")) | AM27: =IF($AD27="保留中",COUNTIF($AD$6:$AD27,"保留中"),"") | AN27: =IF($AO27="","",IF(SUMPRODUCT(MAX((職員マスタ!$A$6:$A$405=$B27)*(((職員マスタ!$G$6:$G$405="")+(職員マスタ!$G$6:$G$405<=EOMONTH($AO27,0)))>0)*(((職員マスタ!$H$6:$H$405="")+(職員マスタ!$H$6:$H$405>=$AO27))>0)*(ROW(職員マスタ!$A$6:$A$405)-5)))>0,SUMPRODUCT(MAX((職員マスタ!$A$6:$A$405=$B27)*(((職員マスタ!$G$6:$G$405="")+(職員マスタ!$G$6:$G$405<=EOMONTH($AO27,0)))>0)*(((職員マスタ!$H$6:$H$405="")+(職員マスタ!$H$6:$H$405>=$AO27))>0)*(ROW(職員マスタ!$A$6:$A$405)-5))),IFERROR(MATCH($B27,職員マスタ!$A$6:$A$405,0),""))) | AO27: =IF(OR($B27="",$C27="",$D27=""),"",DATE($C27+2018,$D27,1))
B28: 6403315 | C28: 8 | D28: 5 | E28: 210833 | V28: =IF($AN28="",IF($B28="","",$H28),IF(INDEX(職員マスタ!$B$6:$B$405,$AN28)="",$H28,INDEX(職員マスタ!$B$6:$B$405,$AN28))) | W28: =IF($AN28="",IF($B28="","",$R28),IF(INDEX(職員マスタ!$C$6:$C$405,$AN28)="",$R28,INDEX(職員マスタ!$C$6:$C$405,$AN28))) | X28: =IF($AO28="","","R"&$C28&"."&$D28) | Y28: =IF($AN28="","",IF(INDEX(職員マスタ!$K$6:$K$405,$AN28)="","",INDEX(職員マスタ!$K$6:$K$405,$AN28))) | Z28: =IF(OR($E28="",$Y28=""),"",IF($E28>=$Y28,"×",IF($E28>=$Y28*設定!$C$5,"△","○"))) | AA28: =IF($Z28="","",IF($Z28="×",0,IF($Z28="○",ROUNDDOWN($E28*設定!$C$4,0),ROUNDDOWN($E28*ROUND((9*$Y28-9*$E28)/(10*$E28),4),0)))) | AC28: =IF($B28="","",IF($AB28<>"",$AB28,IF($AA28="","",IF($AA28<=設定!$C$3,0,$AA28)))) | AD28: =IF($B28="","",IF(AND($AE28<>"",$AG28="",$AJ28=""),"保留中",IF($AJ28<>"",IF(N($AC28)>0,"支給済","不支給"),IF($AC28="","要確認",IF($AC28=0,"不支給","未処理"))))) | AI28: =IF(AND($AD28="保留中",$AF28<>""),TODAY()-$AF28,"") | AJ28: R8.9 | AK28: =IF($B28="","",IF($AO28="","対象年月が未入力／","")&IF($B28="","",IF($AN28="","職員マスタに未登録の職員番号／",IF($Y28="","標準報酬月額が未登録／","")&IF(AND($AO28<>"",OR(AND(INDEX(職員マスタ!$G$6:$G$405,$AN28)<>"",INDEX(職員マスタ!$G$6:$G$405,$AN28)>EOMONTH($AO28,0)),AND(INDEX(職員マスタ!$H$6:$H$405,$AN28)<>"",INDEX(職員マスタ!$H$6:$H$405,$AN28)<$AO28))),"対象月が時短期間外／","")&IF(AND(INDEX(職員マスタ!$F$6:$F$405,$AN28)<>"",$AO28<>"",INDEX(職員マスタ!$F$6:$F$405,$AN28)<$AO28),"対象月に子が2歳到達済／","")&IF(AND($H28<>"",INDEX(職員マスタ!$B$6:$B$405,$AN28)<>"",SUBSTITUTE(SUBSTITUTE($H28," ","")," ","")<>SUBSTITUTE(SUBSTITUTE(INDEX(職員マスタ!$B$6:$B$405,$AN28)," ","")," ","")),"氏名がマスタと相違／","")&IF(AND($Q28<>"",INDEX(職員マスタ!$E$6:$E$405,$AN28)<>"",$Q28<>INDEX(職員マスタ!$E$6:$E$405,$AN28)),"子の生年月日がマスタと相違／","")&IF(AND($L28<>"",INDEX(職員マスタ!$G$6:$G$405,$AN28)<>"",$L28<>INDEX(職員マスタ!$G$6:$G$405,$AN28)),"時短開始日がマスタと相違／","")&IF(AND($M28<>"",INDEX(職員マスタ!$H$6:$H$405,$AN28)<>"",$M28<>INDEX(職員マスタ!$H$6:$H$405,$AN28)),"時短終了日がマスタと相違／","")))&IF(AND($B28<>"",$E28=""),"報酬額が未入力／","")&IF(N($U28)>0,"申請書に入力エラーが残っています／","")&IF(AND($B28<>"",$AO28<>""),IF(COUNTIFS($B$6:$B$3005,$B28,$C$6:$C$3005,$C28,$D$6:$D$3005,$D28)>1,"同じ月の請求が重複しています／",""),"")&IF(AND(N($E28)>0,$Z28<>"",$Z28<>"×",$AC28=0,$AB28=""),"計算額が下限以下のため不支給／","")) | AM28: =IF($AD28="保留中",COUNTIF($AD$6:$AD28,"保留中"),"") | AN28: =IF($AO28="","",IF(SUMPRODUCT(MAX((職員マスタ!$A$6:$A$405=$B28)*(((職員マスタ!$G$6:$G$405="")+(職員マスタ!$G$6:$G$405<=EOMONTH($AO28,0)))>0)*(((職員マスタ!$H$6:$H$405="")+(職員マスタ!$H$6:$H$405>=$AO28))>0)*(ROW(職員マスタ!$A$6:$A$405)-5)))>0,SUMPRODUCT(MAX((職員マスタ!$A$6:$A$405=$B28)*(((職員マスタ!$G$6:$G$405="")+(職員マスタ!$G$6:$G$405<=EOMONTH($AO28,0)))>0)*(((職員マスタ!$H$6:$H$405="")+(職員マスタ!$H$6:$H$405>=$AO28))>0)*(ROW(職員マスタ!$A$6:$A$405)-5))),IFERROR(MATCH($B28,職員マスタ!$A$6:$A$405,0),""))) | AO28: =IF(OR($B28="",$C28="",$D28=""),"",DATE($C28+2018,$D28,1))
B29: 6403315 | C29: 8 | D29: 6 | E29: 223858 | V29: =IF($AN29="",IF($B29="","",$H29),IF(INDEX(職員マスタ!$B$6:$B$405,$AN29)="",$H29,INDEX(職員マスタ!$B$6:$B$405,$AN29))) | W29: =IF($AN29="",IF($B29="","",$R29),IF(INDEX(職員マスタ!$C$6:$C$405,$AN29)="",$R29,INDEX(職員マスタ!$C$6:$C$405,$AN29))) | X29: =IF($AO29="","","R"&$C29&"."&$D29) | Y29: =IF($AN29="","",IF(INDEX(職員マスタ!$K$6:$K$405,$AN29)="","",INDEX(職員マスタ!$K$6:$K$405,$AN29))) | Z29: =IF(OR($E29="",$Y29=""),"",IF($E29>=$Y29,"×",IF($E29>=$Y29*設定!$C$5,"△","○"))) | AA29: =IF($Z29="","",IF($Z29="×",0,IF($Z29="○",ROUNDDOWN($E29*設定!$C$4,0),ROUNDDOWN($E29*ROUND((9*$Y29-9*$E29)/(10*$E29),4),0)))) | AC29: =IF($B29="","",IF($AB29<>"",$AB29,IF($AA29="","",IF($AA29<=設定!$C$3,0,$AA29)))) | AD29: =IF($B29="","",IF(AND($AE29<>"",$AG29="",$AJ29=""),"保留中",IF($AJ29<>"",IF(N($AC29)>0,"支給済","不支給"),IF($AC29="","要確認",IF($AC29=0,"不支給","未処理"))))) | AI29: =IF(AND($AD29="保留中",$AF29<>""),TODAY()-$AF29,"") | AJ29: R8.9 | AK29: =IF($B29="","",IF($AO29="","対象年月が未入力／","")&IF($B29="","",IF($AN29="","職員マスタに未登録の職員番号／",IF($Y29="","標準報酬月額が未登録／","")&IF(AND($AO29<>"",OR(AND(INDEX(職員マスタ!$G$6:$G$405,$AN29)<>"",INDEX(職員マスタ!$G$6:$G$405,$AN29)>EOMONTH($AO29,0)),AND(INDEX(職員マスタ!$H$6:$H$405,$AN29)<>"",INDEX(職員マスタ!$H$6:$H$405,$AN29)<$AO29))),"対象月が時短期間外／","")&IF(AND(INDEX(職員マスタ!$F$6:$F$405,$AN29)<>"",$AO29<>"",INDEX(職員マスタ!$F$6:$F$405,$AN29)<$AO29),"対象月に子が2歳到達済／","")&IF(AND($H29<>"",INDEX(職員マスタ!$B$6:$B$405,$AN29)<>"",SUBSTITUTE(SUBSTITUTE($H29," ","")," ","")<>SUBSTITUTE(SUBSTITUTE(INDEX(職員マスタ!$B$6:$B$405,$AN29)," ","")," ","")),"氏名がマスタと相違／","")&IF(AND($Q29<>"",INDEX(職員マスタ!$E$6:$E$405,$AN29)<>"",$Q29<>INDEX(職員マスタ!$E$6:$E$405,$AN29)),"子の生年月日がマスタと相違／","")&IF(AND($L29<>"",INDEX(職員マスタ!$G$6:$G$405,$AN29)<>"",$L29<>INDEX(職員マスタ!$G$6:$G$405,$AN29)),"時短開始日がマスタと相違／","")&IF(AND($M29<>"",INDEX(職員マスタ!$H$6:$H$405,$AN29)<>"",$M29<>INDEX(職員マスタ!$H$6:$H$405,$AN29)),"時短終了日がマスタと相違／","")))&IF(AND($B29<>"",$E29=""),"報酬額が未入力／","")&IF(N($U29)>0,"申請書に入力エラーが残っています／","")&IF(AND($B29<>"",$AO29<>""),IF(COUNTIFS($B$6:$B$3005,$B29,$C$6:$C$3005,$C29,$D$6:$D$3005,$D29)>1,"同じ月の請求が重複しています／",""),"")&IF(AND(N($E29)>0,$Z29<>"",$Z29<>"×",$AC29=0,$AB29=""),"計算額が下限以下のため不支給／","")) | AM29: =IF($AD29="保留中",COUNTIF($AD$6:$AD29,"保留中"),"") | AN29: =IF($AO29="","",IF(SUMPRODUCT(MAX((職員マスタ!$A$6:$A$405=$B29)*(((職員マスタ!$G$6:$G$405="")+(職員マスタ!$G$6:$G$405<=EOMONTH($AO29,0)))>0)*(((職員マスタ!$H$6:$H$405="")+(職員マスタ!$H$6:$H$405>=$AO29))>0)*(ROW(職員マスタ!$A$6:$A$405)-5)))>0,SUMPRODUCT(MAX((職員マスタ!$A$6:$A$405=$B29)*(((職員マスタ!$G$6:$G$405="")+(職員マスタ!$G$6:$G$405<=EOMONTH($AO29,0)))>0)*(((職員マスタ!$H$6:$H$405="")+(職員マスタ!$H$6:$H$405>=$AO29))>0)*(ROW(職員マスタ!$A$6:$A$405)-5))),IFERROR(MATCH($B29,職員マスタ!$A$6:$A$405,0),""))) | AO29: =IF(OR($B29="",$C29="",$D29=""),"",DATE($C29+2018,$D29,1))
B30: 6403315 | C30: 8 | D30: 7 | E30: 215001 | V30: =IF($AN30="",IF($B30="","",$H30),IF(INDEX(職員マスタ!$B$6:$B$405,$AN30)="",$H30,INDEX(職員マスタ!$B$6:$B$405,$AN30))) | W30: =IF($AN30="",IF($B30="","",$R30),IF(INDEX(職員マスタ!$C$6:$C$405,$AN30)="",$R30,INDEX(職員マスタ!$C$6:$C$405,$AN30))) | X30: =IF($AO30="","","R"&$C30&"."&$D30) | Y30: =IF($AN30="","",IF(INDEX(職員マスタ!$K$6:$K$405,$AN30)="","",INDEX(職員マスタ!$K$6:$K$405,$AN30))) | Z30: =IF(OR($E30="",$Y30=""),"",IF($E30>=$Y30,"×",IF($E30>=$Y30*設定!$C$5,"△","○"))) | AA30: =IF($Z30="","",IF($Z30="×",0,IF($Z30="○",ROUNDDOWN($E30*設定!$C$4,0),ROUNDDOWN($E30*ROUND((9*$Y30-9*$E30)/(10*$E30),4),0)))) | AC30: =IF($B30="","",IF($AB30<>"",$AB30,IF($AA30="","",IF($AA30<=設定!$C$3,0,$AA30)))) | AD30: =IF($B30="","",IF(AND($AE30<>"",$AG30="",$AJ30=""),"保留中",IF($AJ30<>"",IF(N($AC30)>0,"支給済","不支給"),IF($AC30="","要確認",IF($AC30=0,"不支給","未処理"))))) | AI30: =IF(AND($AD30="保留中",$AF30<>""),TODAY()-$AF30,"") | AJ30: R8.10 | AK30: =IF($B30="","",IF($AO30="","対象年月が未入力／","")&IF($B30="","",IF($AN30="","職員マスタに未登録の職員番号／",IF($Y30="","標準報酬月額が未登録／","")&IF(AND($AO30<>"",OR(AND(INDEX(職員マスタ!$G$6:$G$405,$AN30)<>"",INDEX(職員マスタ!$G$6:$G$405,$AN30)>EOMONTH($AO30,0)),AND(INDEX(職員マスタ!$H$6:$H$405,$AN30)<>"",INDEX(職員マスタ!$H$6:$H$405,$AN30)<$AO30))),"対象月が時短期間外／","")&IF(AND(INDEX(職員マスタ!$F$6:$F$405,$AN30)<>"",$AO30<>"",INDEX(職員マスタ!$F$6:$F$405,$AN30)<$AO30),"対象月に子が2歳到達済／","")&IF(AND($H30<>"",INDEX(職員マスタ!$B$6:$B$405,$AN30)<>"",SUBSTITUTE(SUBSTITUTE($H30," ","")," ","")<>SUBSTITUTE(SUBSTITUTE(INDEX(職員マスタ!$B$6:$B$405,$AN30)," ","")," ","")),"氏名がマスタと相違／","")&IF(AND($Q30<>"",INDEX(職員マスタ!$E$6:$E$405,$AN30)<>"",$Q30<>INDEX(職員マスタ!$E$6:$E$405,$AN30)),"子の生年月日がマスタと相違／","")&IF(AND($L30<>"",INDEX(職員マスタ!$G$6:$G$405,$AN30)<>"",$L30<>INDEX(職員マスタ!$G$6:$G$405,$AN30)),"時短開始日がマスタと相違／","")&IF(AND($M30<>"",INDEX(職員マスタ!$H$6:$H$405,$AN30)<>"",$M30<>INDEX(職員マスタ!$H$6:$H$405,$AN30)),"時短終了日がマスタと相違／","")))&IF(AND($B30<>"",$E30=""),"報酬額が未入力／","")&IF(N($U30)>0,"申請書に入力エラーが残っています／","")&IF(AND($B30<>"",$AO30<>""),IF(COUNTIFS($B$6:$B$3005,$B30,$C$6:$C$3005,$C30,$D$6:$D$3005,$D30)>1,"同じ月の請求が重複しています／",""),"")&IF(AND(N($E30)>0,$Z30<>"",$Z30<>"×",$AC30=0,$AB30=""),"計算額が下限以下のため不支給／","")) | AM30: =IF($AD30="保留中",COUNTIF($AD$6:$AD30,"保留中"),"") | AN30: =IF($AO30="","",IF(SUMPRODUCT(MAX((職員マスタ!$A$6:$A$405=$B30)*(((職員マスタ!$G$6:$G$405="")+(職員マスタ!$G$6:$G$405<=EOMONTH($AO30,0)))>0)*(((職員マスタ!$H$6:$H$405="")+(職員マスタ!$H$6:$H$405>=$AO30))>0)*(ROW(職員マスタ!$A$6:$A$405)-5)))>0,SUMPRODUCT(MAX((職員マスタ!$A$6:$A$405=$B30)*(((職員マスタ!$G$6:$G$405="")+(職員マスタ!$G$6:$G$405<=EOMONTH($AO30,0)))>0)*(((職員マスタ!$H$6:$H$405="")+(職員マスタ!$H$6:$H$405>=$AO30))>0)*(ROW(職員マスタ!$A$6:$A$405)-5))),IFERROR(MATCH($B30,職員マスタ!$A$6:$A$405,0),""))) | AO30: =IF(OR($B30="",$C30="",$D30=""),"",DATE($C30+2018,$D30,1))
B31: 6620462 | C31: 8 | D31: 1 | E31: 269662 | V31: =IF($AN31="",IF($B31="","",$H31),IF(INDEX(職員マスタ!$B$6:$B$405,$AN31)="",$H31,INDEX(職員マスタ!$B$6:$B$405,$AN31))) | W31: =IF($AN31="",IF($B31="","",$R31),IF(INDEX(職員マスタ!$C$6:$C$405,$AN31)="",$R31,INDEX(職員マスタ!$C$6:$C$405,$AN31))) | X31: =IF($AO31="","","R"&$C31&"."&$D31) | Y31: =IF($AN31="","",IF(INDEX(職員マスタ!$K$6:$K$405,$AN31)="","",INDEX(職員マスタ!$K$6:$K$405,$AN31))) | Z31: =IF(OR($E31="",$Y31=""),"",IF($E31>=$Y31,"×",IF($E31>=$Y31*設定!$C$5,"△","○"))) | AA31: =IF($Z31="","",IF($Z31="×",0,IF($Z31="○",ROUNDDOWN($E31*設定!$C$4,0),ROUNDDOWN($E31*ROUND((9*$Y31-9*$E31)/(10*$E31),4),0)))) | AC31: =IF($B31="","",IF($AB31<>"",$AB31,IF($AA31="","",IF($AA31<=設定!$C$3,0,$AA31)))) | AD31: =IF($B31="","",IF(AND($AE31<>"",$AG31="",$AJ31=""),"保留中",IF($AJ31<>"",IF(N($AC31)>0,"支給済","不支給"),IF($AC31="","要確認",IF($AC31=0,"不支給","未処理"))))) | AI31: =IF(AND($AD31="保留中",$AF31<>""),TODAY()-$AF31,"") | AJ31: R8.8 | AK31: =IF($B31="","",IF($AO31="","対象年月が未入力／","")&IF($B31="","",IF($AN31="","職員マスタに未登録の職員番号／",IF($Y31="","標準報酬月額が未登録／","")&IF(AND($AO31<>"",OR(AND(INDEX(職員マスタ!$G$6:$G$405,$AN31)<>"",INDEX(職員マスタ!$G$6:$G$405,$AN31)>EOMONTH($AO31,0)),AND(INDEX(職員マスタ!$H$6:$H$405,$AN31)<>"",INDEX(職員マスタ!$H$6:$H$405,$AN31)<$AO31))),"対象月が時短期間外／","")&IF(AND(INDEX(職員マスタ!$F$6:$F$405,$AN31)<>"",$AO31<>"",INDEX(職員マスタ!$F$6:$F$405,$AN31)<$AO31),"対象月に子が2歳到達済／","")&IF(AND($H31<>"",INDEX(職員マスタ!$B$6:$B$405,$AN31)<>"",SUBSTITUTE(SUBSTITUTE($H31," ","")," ","")<>SUBSTITUTE(SUBSTITUTE(INDEX(職員マスタ!$B$6:$B$405,$AN31)," ","")," ","")),"氏名がマスタと相違／","")&IF(AND($Q31<>"",INDEX(職員マスタ!$E$6:$E$405,$AN31)<>"",$Q31<>INDEX(職員マスタ!$E$6:$E$405,$AN31)),"子の生年月日がマスタと相違／","")&IF(AND($L31<>"",INDEX(職員マスタ!$G$6:$G$405,$AN31)<>"",$L31<>INDEX(職員マスタ!$G$6:$G$405,$AN31)),"時短開始日がマスタと相違／","")&IF(AND($M31<>"",INDEX(職員マスタ!$H$6:$H$405,$AN31)<>"",$M31<>INDEX(職員マスタ!$H$6:$H$405,$AN31)),"時短終了日がマスタと相違／","")))&IF(AND($B31<>"",$E31=""),"報酬額が未入力／","")&IF(N($U31)>0,"申請書に入力エラーが残っています／","")&IF(AND($B31<>"",$AO31<>""),IF(COUNTIFS($B$6:$B$3005,$B31,$C$6:$C$3005,$C31,$D$6:$D$3005,$D31)>1,"同じ月の請求が重複しています／",""),"")&IF(AND(N($E31)>0,$Z31<>"",$Z31<>"×",$AC31=0,$AB31=""),"計算額が下限以下のため不支給／","")) | AM31: =IF($AD31="保留中",COUNTIF($AD$6:$AD31,"保留中"),"") | AN31: =IF($AO31="","",IF(SUMPRODUCT(MAX((職員マスタ!$A$6:$A$405=$B31)*(((職員マスタ!$G$6:$G$405="")+(職員マスタ!$G$6:$G$405<=EOMONTH($AO31,0)))>0)*(((職員マスタ!$H$6:$H$405="")+(職員マスタ!$H$6:$H$405>=$AO31))>0)*(ROW(職員マスタ!$A$6:$A$405)-5)))>0,SUMPRODUCT(MAX((職員マスタ!$A$6:$A$405=$B31)*(((職員マスタ!$G$6:$G$405="")+(職員マスタ!$G$6:$G$405<=EOMONTH($AO31,0)))>0)*(((職員マスタ!$H$6:$H$405="")+(職員マスタ!$H$6:$H$405>=$AO31))>0)*(ROW(職員マスタ!$A$6:$A$405)-5))),IFERROR(MATCH($B31,職員マスタ!$A$6:$A$405,0),""))) | AO31: =IF(OR($B31="",$C31="",$D31=""),"",DATE($C31+2018,$D31,1))
B32: 6620462 | C32: 8 | D32: 2 | E32: 285278 | V32: =IF($AN32="",IF($B32="","",$H32),IF(INDEX(職員マスタ!$B$6:$B$405,$AN32)="",$H32,INDEX(職員マスタ!$B$6:$B$405,$AN32))) | W32: =IF($AN32="",IF($B32="","",$R32),IF(INDEX(職員マスタ!$C$6:$C$405,$AN32)="",$R32,INDEX(職員マスタ!$C$6:$C$405,$AN32))) | X32: =IF($AO32="","","R"&$C32&"."&$D32) | Y32: =IF($AN32="","",IF(INDEX(職員マスタ!$K$6:$K$405,$AN32)="","",INDEX(職員マスタ!$K$6:$K$405,$AN32))) | Z32: =IF(OR($E32="",$Y32=""),"",IF($E32>=$Y32,"×",IF($E32>=$Y32*設定!$C$5,"△","○"))) | AA32: =IF($Z32="","",IF($Z32="×",0,IF($Z32="○",ROUNDDOWN($E32*設定!$C$4,0),ROUNDDOWN($E32*ROUND((9*$Y32-9*$E32)/(10*$E32),4),0)))) | AC32: =IF($B32="","",IF($AB32<>"",$AB32,IF($AA32="","",IF($AA32<=設定!$C$3,0,$AA32)))) | AD32: =IF($B32="","",IF(AND($AE32<>"",$AG32="",$AJ32=""),"保留中",IF($AJ32<>"",IF(N($AC32)>0,"支給済","不支給"),IF($AC32="","要確認",IF($AC32=0,"不支給","未処理"))))) | AI32: =IF(AND($AD32="保留中",$AF32<>""),TODAY()-$AF32,"") | AJ32: R8.8 | AK32: =IF($B32="","",IF($AO32="","対象年月が未入力／","")&IF($B32="","",IF($AN32="","職員マスタに未登録の職員番号／",IF($Y32="","標準報酬月額が未登録／","")&IF(AND($AO32<>"",OR(AND(INDEX(職員マスタ!$G$6:$G$405,$AN32)<>"",INDEX(職員マスタ!$G$6:$G$405,$AN32)>EOMONTH($AO32,0)),AND(INDEX(職員マスタ!$H$6:$H$405,$AN32)<>"",INDEX(職員マスタ!$H$6:$H$405,$AN32)<$AO32))),"対象月が時短期間外／","")&IF(AND(INDEX(職員マスタ!$F$6:$F$405,$AN32)<>"",$AO32<>"",INDEX(職員マスタ!$F$6:$F$405,$AN32)<$AO32),"対象月に子が2歳到達済／","")&IF(AND($H32<>"",INDEX(職員マスタ!$B$6:$B$405,$AN32)<>"",SUBSTITUTE(SUBSTITUTE($H32," ","")," ","")<>SUBSTITUTE(SUBSTITUTE(INDEX(職員マスタ!$B$6:$B$405,$AN32)," ","")," ","")),"氏名がマスタと相違／","")&IF(AND($Q32<>"",INDEX(職員マスタ!$E$6:$E$405,$AN32)<>"",$Q32<>INDEX(職員マスタ!$E$6:$E$405,$AN32)),"子の生年月日がマスタと相違／","")&IF(AND($L32<>"",INDEX(職員マスタ!$G$6:$G$405,$AN32)<>"",$L32<>INDEX(職員マスタ!$G$6:$G$405,$AN32)),"時短開始日がマスタと相違／","")&IF(AND($M32<>"",INDEX(職員マスタ!$H$6:$H$405,$AN32)<>"",$M32<>INDEX(職員マスタ!$H$6:$H$405,$AN32)),"時短終了日がマスタと相違／","")))&IF(AND($B32<>"",$E32=""),"報酬額が未入力／","")&IF(N($U32)>0,"申請書に入力エラーが残っています／","")&IF(AND($B32<>"",$AO32<>""),IF(COUNTIFS($B$6:$B$3005,$B32,$C$6:$C$3005,$C32,$D$6:$D$3005,$D32)>1,"同じ月の請求が重複しています／",""),"")&IF(AND(N($E32)>0,$Z32<>"",$Z32<>"×",$AC32=0,$AB32=""),"計算額が下限以下のため不支給／","")) | AM32: =IF($AD32="保留中",COUNTIF($AD$6:$AD32,"保留中"),"") | AN32: =IF($AO32="","",IF(SUMPRODUCT(MAX((職員マスタ!$A$6:$A$405=$B32)*(((職員マスタ!$G$6:$G$405="")+(職員マスタ!$G$6:$G$405<=EOMONTH($AO32,0)))>0)*(((職員マスタ!$H$6:$H$405="")+(職員マスタ!$H$6:$H$405>=$AO32))>0)*(ROW(職員マスタ!$A$6:$A$405)-5)))>0,SUMPRODUCT(MAX((職員マスタ!$A$6:$A$405=$B32)*(((職員マスタ!$G$6:$G$405="")+(職員マスタ!$G$6:$G$405<=EOMONTH($AO32,0)))>0)*(((職員マスタ!$H$6:$H$405="")+(職員マスタ!$H$6:$H$405>=$AO32))>0)*(ROW(職員マスタ!$A$6:$A$405)-5))),IFERROR(MATCH($B32,職員マスタ!$A$6:$A$405,0),""))) | AO32: =IF(OR($B32="",$C32="",$D32=""),"",DATE($C32+2018,$D32,1))
B33: 6620462 | C33: 8 | D33: 3 | E33: 286580 | V33: =IF($AN33="",IF($B33="","",$H33),IF(INDEX(職員マスタ!$B$6:$B$405,$AN33)="",$H33,INDEX(職員マスタ!$B$6:$B$405,$AN33))) | W33: =IF($AN33="",IF($B33="","",$R33),IF(INDEX(職員マスタ!$C$6:$C$405,$AN33)="",$R33,INDEX(職員マスタ!$C$6:$C$405,$AN33))) | X33: =IF($AO33="","","R"&$C33&"."&$D33) | Y33: =IF($AN33="","",IF(INDEX(職員マスタ!$K$6:$K$405,$AN33)="","",INDEX(職員マスタ!$K$6:$K$405,$AN33))) | Z33: =IF(OR($E33="",$Y33=""),"",IF($E33>=$Y33,"×",IF($E33>=$Y33*設定!$C$5,"△","○"))) | AA33: =IF($Z33="","",IF($Z33="×",0,IF($Z33="○",ROUNDDOWN($E33*設定!$C$4,0),ROUNDDOWN($E33*ROUND((9*$Y33-9*$E33)/(10*$E33),4),0)))) | AC33: =IF($B33="","",IF($AB33<>"",$AB33,IF($AA33="","",IF($AA33<=設定!$C$3,0,$AA33)))) | AD33: =IF($B33="","",IF(AND($AE33<>"",$AG33="",$AJ33=""),"保留中",IF($AJ33<>"",IF(N($AC33)>0,"支給済","不支給"),IF($AC33="","要確認",IF($AC33=0,"不支給","未処理"))))) | AI33: =IF(AND($AD33="保留中",$AF33<>""),TODAY()-$AF33,"") | AJ33: R8.9 | AK33: =IF($B33="","",IF($AO33="","対象年月が未入力／","")&IF($B33="","",IF($AN33="","職員マスタに未登録の職員番号／",IF($Y33="","標準報酬月額が未登録／","")&IF(AND($AO33<>"",OR(AND(INDEX(職員マスタ!$G$6:$G$405,$AN33)<>"",INDEX(職員マスタ!$G$6:$G$405,$AN33)>EOMONTH($AO33,0)),AND(INDEX(職員マスタ!$H$6:$H$405,$AN33)<>"",INDEX(職員マスタ!$H$6:$H$405,$AN33)<$AO33))),"対象月が時短期間外／","")&IF(AND(INDEX(職員マスタ!$F$6:$F$405,$AN33)<>"",$AO33<>"",INDEX(職員マスタ!$F$6:$F$405,$AN33)<$AO33),"対象月に子が2歳到達済／","")&IF(AND($H33<>"",INDEX(職員マスタ!$B$6:$B$405,$AN33)<>"",SUBSTITUTE(SUBSTITUTE($H33," ","")," ","")<>SUBSTITUTE(SUBSTITUTE(INDEX(職員マスタ!$B$6:$B$405,$AN33)," ","")," ","")),"氏名がマスタと相違／","")&IF(AND($Q33<>"",INDEX(職員マスタ!$E$6:$E$405,$AN33)<>"",$Q33<>INDEX(職員マスタ!$E$6:$E$405,$AN33)),"子の生年月日がマスタと相違／","")&IF(AND($L33<>"",INDEX(職員マスタ!$G$6:$G$405,$AN33)<>"",$L33<>INDEX(職員マスタ!$G$6:$G$405,$AN33)),"時短開始日がマスタと相違／","")&IF(AND($M33<>"",INDEX(職員マスタ!$H$6:$H$405,$AN33)<>"",$M33<>INDEX(職員マスタ!$H$6:$H$405,$AN33)),"時短終了日がマスタと相違／","")))&IF(AND($B33<>"",$E33=""),"報酬額が未入力／","")&IF(N($U33)>0,"申請書に入力エラーが残っています／","")&IF(AND($B33<>"",$AO33<>""),IF(COUNTIFS($B$6:$B$3005,$B33,$C$6:$C$3005,$C33,$D$6:$D$3005,$D33)>1,"同じ月の請求が重複しています／",""),"")&IF(AND(N($E33)>0,$Z33<>"",$Z33<>"×",$AC33=0,$AB33=""),"計算額が下限以下のため不支給／","")) | AM33: =IF($AD33="保留中",COUNTIF($AD$6:$AD33,"保留中"),"") | AN33: =IF($AO33="","",IF(SUMPRODUCT(MAX((職員マスタ!$A$6:$A$405=$B33)*(((職員マスタ!$G$6:$G$405="")+(職員マスタ!$G$6:$G$405<=EOMONTH($AO33,0)))>0)*(((職員マスタ!$H$6:$H$405="")+(職員マスタ!$H$6:$H$405>=$AO33))>0)*(ROW(職員マスタ!$A$6:$A$405)-5)))>0,SUMPRODUCT(MAX((職員マスタ!$A$6:$A$405=$B33)*(((職員マスタ!$G$6:$G$405="")+(職員マスタ!$G$6:$G$405<=EOMONTH($AO33,0)))>0)*(((職員マスタ!$H$6:$H$405="")+(職員マスタ!$H$6:$H$405>=$AO33))>0)*(ROW(職員マスタ!$A$6:$A$405)-5))),IFERROR(MATCH($B33,職員マスタ!$A$6:$A$405,0),""))) | AO33: =IF(OR($B33="",$C33="",$D33=""),"",DATE($C33+2018,$D33,1))
... B49: 6903256 | C49: 8 | D49: 6 | E49: 170737 | V49: =IF($AN49="",IF($B49="","",$H49),IF(INDEX(職員マスタ!$B$6:$B$405,$AN49)="",$H49,INDEX(職員マスタ!$B$6:$B$405,$AN49))) | W49: =IF($AN49="",IF($B49="","",$R49),IF(INDEX(職員マスタ!$C$6:$C$405,$AN49)="",$R49,INDEX(職員マスタ!$C$6:$C$405,$AN49))) | X49: =IF($AO49="","","R"&$C49&"."&$D49) | Y49: =IF($AN49="","",IF(INDEX(職員マスタ!$K$6:$K$405,$AN49)="","",INDEX(職員マスタ!$K$6:$K$405,$AN49))) | Z49: =IF(OR($E49="",$Y49=""),"",IF($E49>=$Y49,"×",IF($E49>=$Y49*設定!$C$5,"△","○"))) | AA49: =IF($Z49="","",IF($Z49="×",0,IF($Z49="○",ROUNDDOWN($E49*設定!$C$4,0),ROUNDDOWN($E49*ROUND((9*$Y49-9*$E49)/(10*$E49),4),0)))) | AC49: =IF($B49="","",IF($AB49<>"",$AB49,IF($AA49="","",IF($AA49<=設定!$C$3,0,$AA49)))) | AD49: =IF($B49="","",IF(AND($AE49<>"",$AG49="",$AJ49=""),"保留中",IF($AJ49<>"",IF(N($AC49)>0,"支給済","不支給"),IF($AC49="","要確認",IF($AC49=0,"不支給","未処理"))))) | AI49: =IF(AND($AD49="保留中",$AF49<>""),TODAY()-$AF49,"") | AJ49: R8.8 | AK49: =IF($B49="","",IF($AO49="","対象年月が未入力／","")&IF($B49="","",IF($AN49="","職員マスタに未登録の職員番号／",IF($Y49="","標準報酬月額が未登録／","")&IF(AND($AO49<>"",OR(AND(INDEX(職員マスタ!$G$6:$G$405,$AN49)<>"",INDEX(職員マスタ!$G$6:$G$405,$AN49)>EOMONTH($AO49,0)),AND(INDEX(職員マスタ!$H$6:$H$405,$AN49)<>"",INDEX(職員マスタ!$H$6:$H$405,$AN49)<$AO49))),"対象月が時短期間外／","")&IF(AND(INDEX(職員マスタ!$F$6:$F$405,$AN49)<>"",$AO49<>"",INDEX(職員マスタ!$F$6:$F$405,$AN49)<$AO49),"対象月に子が2歳到達済／","")&IF(AND($H49<>"",INDEX(職員マスタ!$B$6:$B$405,$AN49)<>"",SUBSTITUTE(SUBSTITUTE($H49," ","")," ","")<>SUBSTITUTE(SUBSTITUTE(INDEX(職員マスタ!$B$6:$B$405,$AN49)," ","")," ","")),"氏名がマスタと相違／","")&IF(AND($Q49<>"",INDEX(職員マスタ!$E$6:$E$405,$AN49)<>"",$Q49<>INDEX(職員マスタ!$E$6:$E$405,$AN49)),"子の生年月日がマスタと相違／","")&IF(AND($L49<>"",INDEX(職員マスタ!$G$6:$G$405,$AN49)<>"",$L49<>INDEX(職員マスタ!$G$6:$G$405,$AN49)),"時短開始日がマスタと相違／","")&IF(AND($M49<>"",INDEX(職員マスタ!$H$6:$H$405,$AN49)<>"",$M49<>INDEX(職員マスタ!$H$6:$H$405,$AN49)),"時短終了日がマスタと相違／","")))&IF(AND($B49<>"",$E49=""),"報酬額が未入力／","")&IF(N($U49)>0,"申請書に入力エラーが残っています／","")&IF(AND($B49<>"",$AO49<>""),IF(COUNTIFS($B$6:$B$3005,$B49,$C$6:$C$3005,$C49,$D$6:$D$3005,$D49)>1,"同じ月の請求が重複しています／",""),"")&IF(AND(N($E49)>0,$Z49<>"",$Z49<>"×",$AC49=0,$AB49=""),"計算額が下限以下のため不支給／","")) | AM49: =IF($AD49="保留中",COUNTIF($AD$6:$AD49,"保留中"),"") | AN49: =IF($AO49="","",IF(SUMPRODUCT(MAX((職員マスタ!$A$6:$A$405=$B49)*(((職員マスタ!$G$6:$G$405="")+(職員マスタ!$G$6:$G$405<=EOMONTH($AO49,0)))>0)*(((職員マスタ!$H$6:$H$405="")+(職員マスタ!$H$6:$H$405>=$AO49))>0)*(ROW(職員マスタ!$A$6:$A$405)-5)))>0,SUMPRODUCT(MAX((職員マスタ!$A$6:$A$405=$B49)*(((職員マスタ!$G$6:$G$405="")+(職員マスタ!$G$6:$G$405<=EOMONTH($AO49,0)))>0)*(((職員マスタ!$H$6:$H$405="")+(職員マスタ!$H$6:$H$405>=$AO49))>0)*(ROW(職員マスタ!$A$6:$A$405)-5))),IFERROR(MATCH($B49,職員マスタ!$A$6:$A$405,0),""))) | AO49: =IF(OR($B49="",$C49="",$D49=""),"",DATE($C49+2018,$D49,1))
B50: 5700828 | C50: 7 | D50: 4 | E50: 294274 | V50: =IF($AN50="",IF($B50="","",$H50),IF(INDEX(職員マスタ!$B$6:$B$405,$AN50)="",$H50,INDEX(職員マスタ!$B$6:$B$405,$AN50))) | W50: =IF($AN50="",IF($B50="","",$R50),IF(INDEX(職員マスタ!$C$6:$C$405,$AN50)="",$R50,INDEX(職員マスタ!$C$6:$C$405,$AN50))) | X50: =IF($AO50="","","R"&$C50&"."&$D50) | Y50: =IF($AN50="","",IF(INDEX(職員マスタ!$K$6:$K$405,$AN50)="","",INDEX(職員マスタ!$K$6:$K$405,$AN50))) | Z50: =IF(OR($E50="",$Y50=""),"",IF($E50>=$Y50,"×",IF($E50>=$Y50*設定!$C$5,"△","○"))) | AA50: =IF($Z50="","",IF($Z50="×",0,IF($Z50="○",ROUNDDOWN($E50*設定!$C$4,0),ROUNDDOWN($E50*ROUND((9*$Y50-9*$E50)/(10*$E50),4),0)))) | AC50: =IF($B50="","",IF($AB50<>"",$AB50,IF($AA50="","",IF($AA50<=設定!$C$3,0,$AA50)))) | AD50: =IF($B50="","",IF(AND($AE50<>"",$AG50="",$AJ50=""),"保留中",IF($AJ50<>"",IF(N($AC50)>0,"支給済","不支給"),IF($AC50="","要確認",IF($AC50=0,"不支給","未処理"))))) | AE50: 住居手当の確認 | AI50: =IF(AND($AD50="保留中",$AF50<>""),TODAY()-$AF50,"") | AJ50: R7.11 | AK50: =IF($B50="","",IF($AO50="","対象年月が未入力／","")&IF($B50="","",IF($AN50="","職員マスタに未登録の職員番号／",IF($Y50="","標準報酬月額が未登録／","")&IF(AND($AO50<>"",OR(AND(INDEX(職員マスタ!$G$6:$G$405,$AN50)<>"",INDEX(職員マスタ!$G$6:$G$405,$AN50)>EOMONTH($AO50,0)),AND(INDEX(職員マスタ!$H$6:$H$405,$AN50)<>"",INDEX(職員マスタ!$H$6:$H$405,$AN50)<$AO50))),"対象月が時短期間外／","")&IF(AND(INDEX(職員マスタ!$F$6:$F$405,$AN50)<>"",$AO50<>"",INDEX(職員マスタ!$F$6:$F$405,$AN50)<$AO50),"対象月に子が2歳到達済／","")&IF(AND($H50<>"",INDEX(職員マスタ!$B$6:$B$405,$AN50)<>"",SUBSTITUTE(SUBSTITUTE($H50," ","")," ","")<>SUBSTITUTE(SUBSTITUTE(INDEX(職員マスタ!$B$6:$B$405,$AN50)," ","")," ","")),"氏名がマスタと相違／","")&IF(AND($Q50<>"",INDEX(職員マスタ!$E$6:$E$405,$AN50)<>"",$Q50<>INDEX(職員マスタ!$E$6:$E$405,$AN50)),"子の生年月日がマスタと相違／","")&IF(AND($L50<>"",INDEX(職員マスタ!$G$6:$G$405,$AN50)<>"",$L50<>INDEX(職員マスタ!$G$6:$G$405,$AN50)),"時短開始日がマスタと相違／","")&IF(AND($M50<>"",INDEX(職員マスタ!$H$6:$H$405,$AN50)<>"",$M50<>INDEX(職員マスタ!$H$6:$H$405,$AN50)),"時短終了日がマスタと相違／","")))&IF(AND($B50<>"",$E50=""),"報酬額が未入力／","")&IF(N($U50)>0,"申請書に入力エラーが残っています／","")&IF(AND($B50<>"",$AO50<>""),IF(COUNTIFS($B$6:$B$3005,$B50,$C$6:$C$3005,$C50,$D$6:$D$3005,$D50)>1,"同じ月の請求が重複しています／",""),"")&IF(AND(N($E50)>0,$Z50<>"",$Z50<>"×",$AC50=0,$AB50=""),"計算額が下限以下のため不支給／","")) | AL50: 保留 住居⇒支給 | AM50: =IF($AD50="保留中",COUNTIF($AD$6:$AD50,"保留中"),"") | AN50: =IF($AO50="","",IF(SUMPRODUCT(MAX((職員マスタ!$A$6:$A$405=$B50)*(((職員マスタ!$G$6:$G$405="")+(職員マスタ!$G$6:$G$405<=EOMONTH($AO50,0)))>0)*(((職員マスタ!$H$6:$H$405="")+(職員マスタ!$H$6:$H$405>=$AO50))>0)*(ROW(職員マスタ!$A$6:$A$405)-5)))>0,SUMPRODUCT(MAX((職員マスタ!$A$6:$A$405=$B50)*(((職員マスタ!$G$6:$G$405="")+(職員マスタ!$G$6:$G$405<=EOMONTH($AO50,0)))>0)*(((職員マスタ!$H$6:$H$405="")+(職員マスタ!$H$6:$H$405>=$AO50))>0)*(ROW(職員マスタ!$A$6:$A$405)-5))),IFERROR(MATCH($B50,職員マスタ!$A$6:$A$405,0),""))) | AO50: =IF(OR($B50="",$C50="",$D50=""),"",DATE($C50+2018,$D50,1))
B51: 5700828 | C51: 7 | D51: 5 | E51: 269722 | V51: =IF($AN51="",IF($B51="","",$H51),IF(INDEX(職員マスタ!$B$6:$B$405,$AN51)="",$H51,INDEX(職員マスタ!$B$6:$B$405,$AN51))) | W51: =IF($AN51="",IF($B51="","",$R51),IF(INDEX(職員マスタ!$C$6:$C$405,$AN51)="",$R51,INDEX(職員マスタ!$C$6:$C$405,$AN51))) | X51: =IF($AO51="","","R"&$C51&"."&$D51) | Y51: =IF($AN51="","",IF(INDEX(職員マスタ!$K$6:$K$405,$AN51)="","",INDEX(職員マスタ!$K$6:$K$405,$AN51))) | Z51: =IF(OR($E51="",$Y51=""),"",IF($E51>=$Y51,"×",IF($E51>=$Y51*設定!$C$5,"△","○"))) | AA51: =IF($Z51="","",IF($Z51="×",0,IF($Z51="○",ROUNDDOWN($E51*設定!$C$4,0),ROUNDDOWN($E51*ROUND((9*$Y51-9*$E51)/(10*$E51),4),0)))) | AC51: =IF($B51="","",IF($AB51<>"",$AB51,IF($AA51="","",IF($AA51<=設定!$C$3,0,$AA51)))) | AD51: =IF($B51="","",IF(AND($AE51<>"",$AG51="",$AJ51=""),"保留中",IF($AJ51<>"",IF(N($AC51)>0,"支給済","不支給"),IF($AC51="","要確認",IF($AC51=0,"不支給","未処理"))))) | AE51: 住居手当の確認 | AI51: =IF(AND($AD51="保留中",$AF51<>""),TODAY()-$AF51,"") | AJ51: R7.11 | AK51: =IF($B51="","",IF($AO51="","対象年月が未入力／","")&IF($B51="","",IF($AN51="","職員マスタに未登録の職員番号／",IF($Y51="","標準報酬月額が未登録／","")&IF(AND($AO51<>"",OR(AND(INDEX(職員マスタ!$G$6:$G$405,$AN51)<>"",INDEX(職員マスタ!$G$6:$G$405,$AN51)>EOMONTH($AO51,0)),AND(INDEX(職員マスタ!$H$6:$H$405,$AN51)<>"",INDEX(職員マスタ!$H$6:$H$405,$AN51)<$AO51))),"対象月が時短期間外／","")&IF(AND(INDEX(職員マスタ!$F$6:$F$405,$AN51)<>"",$AO51<>"",INDEX(職員マスタ!$F$6:$F$405,$AN51)<$AO51),"対象月に子が2歳到達済／","")&IF(AND($H51<>"",INDEX(職員マスタ!$B$6:$B$405,$AN51)<>"",SUBSTITUTE(SUBSTITUTE($H51," ","")," ","")<>SUBSTITUTE(SUBSTITUTE(INDEX(職員マスタ!$B$6:$B$405,$AN51)," ","")," ","")),"氏名がマスタと相違／","")&IF(AND($Q51<>"",INDEX(職員マスタ!$E$6:$E$405,$AN51)<>"",$Q51<>INDEX(職員マスタ!$E$6:$E$405,$AN51)),"子の生年月日がマスタと相違／","")&IF(AND($L51<>"",INDEX(職員マスタ!$G$6:$G$405,$AN51)<>"",$L51<>INDEX(職員マスタ!$G$6:$G$405,$AN51)),"時短開始日がマスタと相違／","")&IF(AND($M51<>"",INDEX(職員マスタ!$H$6:$H$405,$AN51)<>"",$M51<>INDEX(職員マスタ!$H$6:$H$405,$AN51)),"時短終了日がマスタと相違／","")))&IF(AND($B51<>"",$E51=""),"報酬額が未入力／","")&IF(N($U51)>0,"申請書に入力エラーが残っています／","")&IF(AND($B51<>"",$AO51<>""),IF(COUNTIFS($B$6:$B$3005,$B51,$C$6:$C$3005,$C51,$D$6:$D$3005,$D51)>1,"同じ月の請求が重複しています／",""),"")&IF(AND(N($E51)>0,$Z51<>"",$Z51<>"×",$AC51=0,$AB51=""),"計算額が下限以下のため不支給／","")) | AL51: 保留 住居⇒支給 | AM51: =IF($AD51="保留中",COUNTIF($AD$6:$AD51,"保留中"),"") | AN51: =IF($AO51="","",IF(SUMPRODUCT(MAX((職員マスタ!$A$6:$A$405=$B51)*(((職員マスタ!$G$6:$G$405="")+(職員マスタ!$G$6:$G$405<=EOMONTH($AO51,0)))>0)*(((職員マスタ!$H$6:$H$405="")+(職員マスタ!$H$6:$H$405>=$AO51))>0)*(ROW(職員マスタ!$A$6:$A$405)-5)))>0,SUMPRODUCT(MAX((職員マスタ!$A$6:$A$405=$B51)*(((職員マスタ!$G$6:$G$405="")+(職員マスタ!$G$6:$G$405<=EOMONTH($AO51,0)))>0)*(((職員マスタ!$H$6:$H$405="")+(職員マスタ!$H$6:$H$405>=$AO51))>0)*(ROW(職員マスタ!$A$6:$A$405)-5))),IFERROR(MATCH($B51,職員マスタ!$A$6:$A$405,0),""))) | AO51: =IF(OR($B51="",$C51="",$D51=""),"",DATE($C51+2018,$D51,1))
B52: 5700828 | C52: 7 | D52: 6 | E52: 269722 | V52: =IF($AN52="",IF($B52="","",$H52),IF(INDEX(職員マスタ!$B$6:$B$405,$AN52)="",$H52,INDEX(職員マスタ!$B$6:$B$405,$AN52))) | W52: =IF($AN52="",IF($B52="","",$R52),IF(INDEX(職員マスタ!$C$6:$C$405,$AN52)="",$R52,INDEX(職員マスタ!$C$6:$C$405,$AN52))) | X52: =IF($AO52="","","R"&$C52&"."&$D52) | Y52: =IF($AN52="","",IF(INDEX(職員マスタ!$K$6:$K$405,$AN52)="","",INDEX(職員マスタ!$K$6:$K$405,$AN52))) | Z52: =IF(OR($E52="",$Y52=""),"",IF($E52>=$Y52,"×",IF($E52>=$Y52*設定!$C$5,"△","○"))) | AA52: =IF($Z52="","",IF($Z52="×",0,IF($Z52="○",ROUNDDOWN($E52*設定!$C$4,0),ROUNDDOWN($E52*ROUND((9*$Y52-9*$E52)/(10*$E52),4),0)))) | AC52: =IF($B52="","",IF($AB52<>"",$AB52,IF($AA52="","",IF($AA52<=設定!$C$3,0,$AA52)))) | AD52: =IF($B52="","",IF(AND($AE52<>"",$AG52="",$AJ52=""),"保留中",IF($AJ52<>"",IF(N($AC52)>0,"支給済","不支給"),IF($AC52="","要確認",IF($AC52=0,"不支給","未処理"))))) | AI52: =IF(AND($AD52="保留中",$AF52<>""),TODAY()-$AF52,"") | AJ52: R7.9 | AK52: =IF($B52="","",IF($AO52="","対象年月が未入力／","")&IF($B52="","",IF($AN52="","職員マスタに未登録の職員番号／",IF($Y52="","標準報酬月額が未登録／","")&IF(AND($AO52<>"",OR(AND(INDEX(職員マスタ!$G$6:$G$405,$AN52)<>"",INDEX(職員マスタ!$G$6:$G$405,$AN52)>EOMONTH($AO52,0)),AND(INDEX(職員マスタ!$H$6:$H$405,$AN52)<>"",INDEX(職員マスタ!$H$6:$H$405,$AN52)<$AO52))),"対象月が時短期間外／","")&IF(AND(INDEX(職員マスタ!$F$6:$F$405,$AN52)<>"",$AO52<>"",INDEX(職員マスタ!$F$6:$F$405,$AN52)<$AO52),"対象月に子が2歳到達済／","")&IF(AND($H52<>"",INDEX(職員マスタ!$B$6:$B$405,$AN52)<>"",SUBSTITUTE(SUBSTITUTE($H52," ","")," ","")<>SUBSTITUTE(SUBSTITUTE(INDEX(職員マスタ!$B$6:$B$405,$AN52)," ","")," ","")),"氏名がマスタと相違／","")&IF(AND($Q52<>"",INDEX(職員マスタ!$E$6:$E$405,$AN52)<>"",$Q52<>INDEX(職員マスタ!$E$6:$E$405,$AN52)),"子の生年月日がマスタと相違／","")&IF(AND($L52<>"",INDEX(職員マスタ!$G$6:$G$405,$AN52)<>"",$L52<>INDEX(職員マスタ!$G$6:$G$405,$AN52)),"時短開始日がマスタと相違／","")&IF(AND($M52<>"",INDEX(職員マスタ!$H$6:$H$405,$AN52)<>"",$M52<>INDEX(職員マスタ!$H$6:$H$405,$AN52)),"時短終了日がマスタと相違／","")))&IF(AND($B52<>"",$E52=""),"報酬額が未入力／","")&IF(N($U52)>0,"申請書に入力エラーが残っています／","")&IF(AND($B52<>"",$AO52<>""),IF(COUNTIFS($B$6:$B$3005,$B52,$C$6:$C$3005,$C52,$D$6:$D$3005,$D52)>1,"同じ月の請求が重複しています／",""),"")&IF(AND(N($E52)>0,$Z52<>"",$Z52<>"×",$AC52=0,$AB52=""),"計算額が下限以下のため不支給／","")) | AM52: =IF($AD52="保留中",COUNTIF($AD$6:$AD52,"保留中"),"") | AN52: =IF($AO52="","",IF(SUMPRODUCT(MAX((職員マスタ!$A$6:$A$405=$B52)*(((職員マスタ!$G$6:$G$405="")+(職員マスタ!$G$6:$G$405<=EOMONTH($AO52,0)))>0)*(((職員マスタ!$H$6:$H$405="")+(職員マスタ!$H$6:$H$405>=$AO52))>0)*(ROW(職員マスタ!$A$6:$A$405)-5)))>0,SUMPRODUCT(MAX((職員マスタ!$A$6:$A$405=$B52)*(((職員マスタ!$G$6:$G$405="")+(職員マスタ!$G$6:$G$405<=EOMONTH($AO52,0)))>0)*(((職員マスタ!$H$6:$H$405="")+(職員マスタ!$H$6:$H$405>=$AO52))>0)*(ROW(職員マスタ!$A$6:$A$405)-5))),IFERROR(MATCH($B52,職員マスタ!$A$6:$A$405,0),""))) | AO52: =IF(OR($B52="",$C52="",$D52=""),"",DATE($C52+2018,$D52,1))
B53: 5700828 | C53: 7 | D53: 7 | E53: 388634 | V53: =IF($AN53="",IF($B53="","",$H53),IF(INDEX(職員マスタ!$B$6:$B$405,$AN53)="",$H53,INDEX(職員マスタ!$B$6:$B$405,$AN53))) | W53: =IF($AN53="",IF($B53="","",$R53),IF(INDEX(職員マスタ!$C$6:$C$405,$AN53)="",$R53,INDEX(職員マスタ!$C$6:$C$405,$AN53))) | X53: =IF($AO53="","","R"&$C53&"."&$D53) | Y53: =IF($AN53="","",IF(INDEX(職員マスタ!$K$6:$K$405,$AN53)="","",INDEX(職員マスタ!$K$6:$K$405,$AN53))) | Z53: =IF(OR($E53="",$Y53=""),"",IF($E53>=$Y53,"×",IF($E53>=$Y53*設定!$C$5,"△","○"))) | AA53: =IF($Z53="","",IF($Z53="×",0,IF($Z53="○",ROUNDDOWN($E53*設定!$C$4,0),ROUNDDOWN($E53*ROUND((9*$Y53-9*$E53)/(10*$E53),4),0)))) | AC53: =IF($B53="","",IF($AB53<>"",$AB53,IF($AA53="","",IF($AA53<=設定!$C$3,0,$AA53)))) | AD53: =IF($B53="","",IF(AND($AE53<>"",$AG53="",$AJ53=""),"保留中",IF($AJ53<>"",IF(N($AC53)>0,"支給済","不支給"),IF($AC53="","要確認",IF($AC53=0,"不支給","未処理"))))) | AI53: =IF(AND($AD53="保留中",$AF53<>""),TODAY()-$AF53,"") | AJ53: R7.9 | AK53: =IF($B53="","",IF($AO53="","対象年月が未入力／","")&IF($B53="","",IF($AN53="","職員マスタに未登録の職員番号／",IF($Y53="","標準報酬月額が未登録／","")&IF(AND($AO53<>"",OR(AND(INDEX(職員マスタ!$G$6:$G$405,$AN53)<>"",INDEX(職員マスタ!$G$6:$G$405,$AN53)>EOMONTH($AO53,0)),AND(INDEX(職員マスタ!$H$6:$H$405,$AN53)<>"",INDEX(職員マスタ!$H$6:$H$405,$AN53)<$AO53))),"対象月が時短期間外／","")&IF(AND(INDEX(職員マスタ!$F$6:$F$405,$AN53)<>"",$AO53<>"",INDEX(職員マスタ!$F$6:$F$405,$AN53)<$AO53),"対象月に子が2歳到達済／","")&IF(AND($H53<>"",INDEX(職員マスタ!$B$6:$B$405,$AN53)<>"",SUBSTITUTE(SUBSTITUTE($H53," ","")," ","")<>SUBSTITUTE(SUBSTITUTE(INDEX(職員マスタ!$B$6:$B$405,$AN53)," ","")," ","")),"氏名がマスタと相違／","")&IF(AND($Q53<>"",INDEX(職員マスタ!$E$6:$E$405,$AN53)<>"",$Q53<>INDEX(職員マスタ!$E$6:$E$405,$AN53)),"子の生年月日がマスタと相違／","")&IF(AND($L53<>"",INDEX(職員マスタ!$G$6:$G$405,$AN53)<>"",$L53<>INDEX(職員マスタ!$G$6:$G$405,$AN53)),"時短開始日がマスタと相違／","")&IF(AND($M53<>"",INDEX(職員マスタ!$H$6:$H$405,$AN53)<>"",$M53<>INDEX(職員マスタ!$H$6:$H$405,$AN53)),"時短終了日がマスタと相違／","")))&IF(AND($B53<>"",$E53=""),"報酬額が未入力／","")&IF(N($U53)>0,"申請書に入力エラーが残っています／","")&IF(AND($B53<>"",$AO53<>""),IF(COUNTIFS($B$6:$B$3005,$B53,$C$6:$C$3005,$C53,$D$6:$D$3005,$D53)>1,"同じ月の請求が重複しています／",""),"")&IF(AND(N($E53)>0,$Z53<>"",$Z53<>"×",$AC53=0,$AB53=""),"計算額が下限以下のため不支給／","")) | AM53: =IF($AD53="保留中",COUNTIF($AD$6:$AD53,"保留中"),"") | AN53: =IF($AO53="","",IF(SUMPRODUCT(MAX((職員マスタ!$A$6:$A$405=$B53)*(((職員マスタ!$G$6:$G$405="")+(職員マスタ!$G$6:$G$405<=EOMONTH($AO53,0)))>0)*(((職員マスタ!$H$6:$H$405="")+(職員マスタ!$H$6:$H$405>=$AO53))>0)*(ROW(職員マスタ!$A$6:$A$405)-5)))>0,SUMPRODUCT(MAX((職員マスタ!$A$6:$A$405=$B53)*(((職員マスタ!$G$6:$G$405="")+(職員マスタ!$G$6:$G$405<=EOMONTH($AO53,0)))>0)*(((職員マスタ!$H$6:$H$405="")+(職員マスタ!$H$6:$H$405>=$AO53))>0)*(ROW(職員マスタ!$A$6:$A$405)-5))),IFERROR(MATCH($B53,職員マスタ!$A$6:$A$405,0),""))) | AO53: =IF(OR($B53="",$C53="",$D53=""),"",DATE($C53+2018,$D53,1))
B54: 5802509 | C54: 7 | D54: 4 | E54: 192173 | V54: =IF($AN54="",IF($B54="","",$H54),IF(INDEX(職員マスタ!$B$6:$B$405,$AN54)="",$H54,INDEX(職員マスタ!$B$6:$B$405,$AN54))) | W54: =IF($AN54="",IF($B54="","",$R54),IF(INDEX(職員マスタ!$C$6:$C$405,$AN54)="",$R54,INDEX(職員マスタ!$C$6:$C$405,$AN54))) | X54: =IF($AO54="","","R"&$C54&"."&$D54) | Y54: =IF($AN54="","",IF(INDEX(職員マスタ!$K$6:$K$405,$AN54)="","",INDEX(職員マスタ!$K$6:$K$405,$AN54))) | Z54: =IF(OR($E54="",$Y54=""),"",IF($E54>=$Y54,"×",IF($E54>=$Y54*設定!$C$5,"△","○"))) | AA54: =IF($Z54="","",IF($Z54="×",0,IF($Z54="○",ROUNDDOWN($E54*設定!$C$4,0),ROUNDDOWN($E54*ROUND((9*$Y54-9*$E54)/(10*$E54),4),0)))) | AC54: =IF($B54="","",IF($AB54<>"",$AB54,IF($AA54="","",IF($AA54<=設定!$C$3,0,$AA54)))) | AD54: =IF($B54="","",IF(AND($AE54<>"",$AG54="",$AJ54=""),"保留中",IF($AJ54<>"",IF(N($AC54)>0,"支給済","不支給"),IF($AC54="","要確認",IF($AC54=0,"不支給","未処理"))))) | AI54: =IF(AND($AD54="保留中",$AF54<>""),TODAY()-$AF54,"") | AJ54: R7.8 | AK54: =IF($B54="","",IF($AO54="","対象年月が未入力／","")&IF($B54="","",IF($AN54="","職員マスタに未登録の職員番号／",IF($Y54="","標準報酬月額が未登録／","")&IF(AND($AO54<>"",OR(AND(INDEX(職員マスタ!$G$6:$G$405,$AN54)<>"",INDEX(職員マスタ!$G$6:$G$405,$AN54)>EOMONTH($AO54,0)),AND(INDEX(職員マスタ!$H$6:$H$405,$AN54)<>"",INDEX(職員マスタ!$H$6:$H$405,$AN54)<$AO54))),"対象月が時短期間外／","")&IF(AND(INDEX(職員マスタ!$F$6:$F$405,$AN54)<>"",$AO54<>"",INDEX(職員マスタ!$F$6:$F$405,$AN54)<$AO54),"対象月に子が2歳到達済／","")&IF(AND($H54<>"",INDEX(職員マスタ!$B$6:$B$405,$AN54)<>"",SUBSTITUTE(SUBSTITUTE($H54," ","")," ","")<>SUBSTITUTE(SUBSTITUTE(INDEX(職員マスタ!$B$6:$B$405,$AN54)," ","")," ","")),"氏名がマスタと相違／","")&IF(AND($Q54<>"",INDEX(職員マスタ!$E$6:$E$405,$AN54)<>"",$Q54<>INDEX(職員マスタ!$E$6:$E$405,$AN54)),"子の生年月日がマスタと相違／","")&IF(AND($L54<>"",INDEX(職員マスタ!$G$6:$G$405,$AN54)<>"",$L54<>INDEX(職員マスタ!$G$6:$G$405,$AN54)),"時短開始日がマスタと相違／","")&IF(AND($M54<>"",INDEX(職員マスタ!$H$6:$H$405,$AN54)<>"",$M54<>INDEX(職員マスタ!$H$6:$H$405,$AN54)),"時短終了日がマスタと相違／","")))&IF(AND($B54<>"",$E54=""),"報酬額が未入力／","")&IF(N($U54)>0,"申請書に入力エラーが残っています／","")&IF(AND($B54<>"",$AO54<>""),IF(COUNTIFS($B$6:$B$3005,$B54,$C$6:$C$3005,$C54,$D$6:$D$3005,$D54)>1,"同じ月の請求が重複しています／",""),"")&IF(AND(N($E54)>0,$Z54<>"",$Z54<>"×",$AC54=0,$AB54=""),"計算額が下限以下のため不支給／","")) | AM54: =IF($AD54="保留中",COUNTIF($AD$6:$AD54,"保留中"),"") | AN54: =IF($AO54="","",IF(SUMPRODUCT(MAX((職員マスタ!$A$6:$A$405=$B54)*(((職員マスタ!$G$6:$G$405="")+(職員マスタ!$G$6:$G$405<=EOMONTH($AO54,0)))>0)*(((職員マスタ!$H$6:$H$405="")+(職員マスタ!$H$6:$H$405>=$AO54))>0)*(ROW(職員マスタ!$A$6:$A$405)-5)))>0,SUMPRODUCT(MAX((職員マスタ!$A$6:$A$405=$B54)*(((職員マスタ!$G$6:$G$405="")+(職員マスタ!$G$6:$G$405<=EOMONTH($AO54,0)))>0)*(((職員マスタ!$H$6:$H$405="")+(職員マスタ!$H$6:$H$405>=$AO54))>0)*(ROW(職員マスタ!$A$6:$A$405)-5))),IFERROR(MATCH($B54,職員マスタ!$A$6:$A$405,0),""))) | AO54: =IF(OR($B54="",$C54="",$D54=""),"",DATE($C54+2018,$D54,1))
B55: 5802509 | C55: 7 | D55: 5 | E55: 201065 | V55: =IF($AN55="",IF($B55="","",$H55),IF(INDEX(職員マスタ!$B$6:$B$405,$AN55)="",$H55,INDEX(職員マスタ!$B$6:$B$405,$AN55))) | W55: =IF($AN55="",IF($B55="","",$R55),IF(INDEX(職員マスタ!$C$6:$C$405,$AN55)="",$R55,INDEX(職員マスタ!$C$6:$C$405,$AN55))) | X55: =IF($AO55="","","R"&$C55&"."&$D55) | Y55: =IF($AN55="","",IF(INDEX(職員マスタ!$K$6:$K$405,$AN55)="","",INDEX(職員マスタ!$K$6:$K$405,$AN55))) | Z55: =IF(OR($E55="",$Y55=""),"",IF($E55>=$Y55,"×",IF($E55>=$Y55*設定!$C$5,"△","○"))) | AA55: =IF($Z55="","",IF($Z55="×",0,IF($Z55="○",ROUNDDOWN($E55*設定!$C$4,0),ROUNDDOWN($E55*ROUND((9*$Y55-9*$E55)/(10*$E55),4),0)))) | AC55: =IF($B55="","",IF($AB55<>"",$AB55,IF($AA55="","",IF($AA55<=設定!$C$3,0,$AA55)))) | AD55: =IF($B55="","",IF(AND($AE55<>"",$AG55="",$AJ55=""),"保留中",IF($AJ55<>"",IF(N($AC55)>0,"支給済","不支給"),IF($AC55="","要確認",IF($AC55=0,"不支給","未処理"))))) | AI55: =IF(AND($AD55="保留中",$AF55<>""),TODAY()-$AF55,"") | AJ55: R7.8 | AK55: =IF($B55="","",IF($AO55="","対象年月が未入力／","")&IF($B55="","",IF($AN55="","職員マスタに未登録の職員番号／",IF($Y55="","標準報酬月額が未登録／","")&IF(AND($AO55<>"",OR(AND(INDEX(職員マスタ!$G$6:$G$405,$AN55)<>"",INDEX(職員マスタ!$G$6:$G$405,$AN55)>EOMONTH($AO55,0)),AND(INDEX(職員マスタ!$H$6:$H$405,$AN55)<>"",INDEX(職員マスタ!$H$6:$H$405,$AN55)<$AO55))),"対象月が時短期間外／","")&IF(AND(INDEX(職員マスタ!$F$6:$F$405,$AN55)<>"",$AO55<>"",INDEX(職員マスタ!$F$6:$F$405,$AN55)<$AO55),"対象月に子が2歳到達済／","")&IF(AND($H55<>"",INDEX(職員マスタ!$B$6:$B$405,$AN55)<>"",SUBSTITUTE(SUBSTITUTE($H55," ","")," ","")<>SUBSTITUTE(SUBSTITUTE(INDEX(職員マスタ!$B$6:$B$405,$AN55)," ","")," ","")),"氏名がマスタと相違／","")&IF(AND($Q55<>"",INDEX(職員マスタ!$E$6:$E$405,$AN55)<>"",$Q55<>INDEX(職員マスタ!$E$6:$E$405,$AN55)),"子の生年月日がマスタと相違／","")&IF(AND($L55<>"",INDEX(職員マスタ!$G$6:$G$405,$AN55)<>"",$L55<>INDEX(職員マスタ!$G$6:$G$405,$AN55)),"時短開始日がマスタと相違／","")&IF(AND($M55<>"",INDEX(職員マスタ!$H$6:$H$405,$AN55)<>"",$M55<>INDEX(職員マスタ!$H$6:$H$405,$AN55)),"時短終了日がマスタと相違／","")))&IF(AND($B55<>"",$E55=""),"報酬額が未入力／","")&IF(N($U55)>0,"申請書に入力エラーが残っています／","")&IF(AND($B55<>"",$AO55<>""),IF(COUNTIFS($B$6:$B$3005,$B55,$C$6:$C$3005,$C55,$D$6:$D$3005,$D55)>1,"同じ月の請求が重複しています／",""),"")&IF(AND(N($E55)>0,$Z55<>"",$Z55<>"×",$AC55=0,$AB55=""),"計算額が下限以下のため不支給／","")) | AM55: =IF($AD55="保留中",COUNTIF($AD$6:$AD55,"保留中"),"") | AN55: =IF($AO55="","",IF(SUMPRODUCT(MAX((職員マスタ!$A$6:$A$405=$B55)*(((職員マスタ!$G$6:$G$405="")+(職員マスタ!$G$6:$G$405<=EOMONTH($AO55,0)))>0)*(((職員マスタ!$H$6:$H$405="")+(職員マスタ!$H$6:$H$405>=$AO55))>0)*(ROW(職員マスタ!$A$6:$A$405)-5)))>0,SUMPRODUCT(MAX((職員マスタ!$A$6:$A$405=$B55)*(((職員マスタ!$G$6:$G$405="")+(職員マスタ!$G$6:$G$405<=EOMONTH($AO55,0)))>0)*(((職員マスタ!$H$6:$H$405="")+(職員マスタ!$H$6:$H$405>=$AO55))>0)*(ROW(職員マスタ!$A$6:$A$405)-5))),IFERROR(MATCH($B55,職員マスタ!$A$6:$A$405,0),""))) | AO55: =IF(OR($B55="",$C55="",$D55=""),"",DATE($C55+2018,$D55,1))
B56: 5802913 | C56: 7 | D56: 5 | E56: 184188 | V56: =IF($AN56="",IF($B56="","",$H56),IF(INDEX(職員マスタ!$B$6:$B$405,$AN56)="",$H56,INDEX(職員マスタ!$B$6:$B$405,$AN56))) | W56: =IF($AN56="",IF($B56="","",$R56),IF(INDEX(職員マスタ!$C$6:$C$405,$AN56)="",$R56,INDEX(職員マスタ!$C$6:$C$405,$AN56))) | X56: =IF($AO56="","","R"&$C56&"."&$D56) | Y56: =IF($AN56="","",IF(INDEX(職員マスタ!$K$6:$K$405,$AN56)="","",INDEX(職員マスタ!$K$6:$K$405,$AN56))) | Z56: =IF(OR($E56="",$Y56=""),"",IF($E56>=$Y56,"×",IF($E56>=$Y56*設定!$C$5,"△","○"))) | AA56: =IF($Z56="","",IF($Z56="×",0,IF($Z56="○",ROUNDDOWN($E56*設定!$C$4,0),ROUNDDOWN($E56*ROUND((9*$Y56-9*$E56)/(10*$E56),4),0)))) | AC56: =IF($B56="","",IF($AB56<>"",$AB56,IF($AA56="","",IF($AA56<=設定!$C$3,0,$AA56)))) | AD56: =IF($B56="","",IF(AND($AE56<>"",$AG56="",$AJ56=""),"保留中",IF($AJ56<>"",IF(N($AC56)>0,"支給済","不支給"),IF($AC56="","要確認",IF($AC56=0,"不支給","未処理"))))) | AI56: =IF(AND($AD56="保留中",$AF56<>""),TODAY()-$AF56,"") | AJ56: R7.8 | AK56: =IF($B56="","",IF($AO56="","対象年月が未入力／","")&IF($B56="","",IF($AN56="","職員マスタに未登録の職員番号／",IF($Y56="","標準報酬月額が未登録／","")&IF(AND($AO56<>"",OR(AND(INDEX(職員マスタ!$G$6:$G$405,$AN56)<>"",INDEX(職員マスタ!$G$6:$G$405,$AN56)>EOMONTH($AO56,0)),AND(INDEX(職員マスタ!$H$6:$H$405,$AN56)<>"",INDEX(職員マスタ!$H$6:$H$405,$AN56)<$AO56))),"対象月が時短期間外／","")&IF(AND(INDEX(職員マスタ!$F$6:$F$405,$AN56)<>"",$AO56<>"",INDEX(職員マスタ!$F$6:$F$405,$AN56)<$AO56),"対象月に子が2歳到達済／","")&IF(AND($H56<>"",INDEX(職員マスタ!$B$6:$B$405,$AN56)<>"",SUBSTITUTE(SUBSTITUTE($H56," ","")," ","")<>SUBSTITUTE(SUBSTITUTE(INDEX(職員マスタ!$B$6:$B$405,$AN56)," ","")," ","")),"氏名がマスタと相違／","")&IF(AND($Q56<>"",INDEX(職員マスタ!$E$6:$E$405,$AN56)<>"",$Q56<>INDEX(職員マスタ!$E$6:$E$405,$AN56)),"子の生年月日がマスタと相違／","")&IF(AND($L56<>"",INDEX(職員マスタ!$G$6:$G$405,$AN56)<>"",$L56<>INDEX(職員マスタ!$G$6:$G$405,$AN56)),"時短開始日がマスタと相違／","")&IF(AND($M56<>"",INDEX(職員マスタ!$H$6:$H$405,$AN56)<>"",$M56<>INDEX(職員マスタ!$H$6:$H$405,$AN56)),"時短終了日がマスタと相違／","")))&IF(AND($B56<>"",$E56=""),"報酬額が未入力／","")&IF(N($U56)>0,"申請書に入力エラーが残っています／","")&IF(AND($B56<>"",$AO56<>""),IF(COUNTIFS($B$6:$B$3005,$B56,$C$6:$C$3005,$C56,$D$6:$D$3005,$D56)>1,"同じ月の請求が重複しています／",""),"")&IF(AND(N($E56)>0,$Z56<>"",$Z56<>"×",$AC56=0,$AB56=""),"計算額が下限以下のため不支給／","")) | AM56: =IF($AD56="保留中",COUNTIF($AD$6:$AD56,"保留中"),"") | AN56: =IF($AO56="","",IF(SUMPRODUCT(MAX((職員マスタ!$A$6:$A$405=$B56)*(((職員マスタ!$G$6:$G$405="")+(職員マスタ!$G$6:$G$405<=EOMONTH($AO56,0)))>0)*(((職員マスタ!$H$6:$H$405="")+(職員マスタ!$H$6:$H$405>=$AO56))>0)*(ROW(職員マスタ!$A$6:$A$405)-5)))>0,SUMPRODUCT(MAX((職員マスタ!$A$6:$A$405=$B56)*(((職員マスタ!$G$6:$G$405="")+(職員マスタ!$G$6:$G$405<=EOMONTH($AO56,0)))>0)*(((職員マスタ!$H$6:$H$405="")+(職員マスタ!$H$6:$H$405>=$AO56))>0)*(ROW(職員マスタ!$A$6:$A$405)-5))),IFERROR(MATCH($B56,職員マスタ!$A$6:$A$405,0),""))) | AO56: =IF(OR($B56="",$C56="",$D56=""),"",DATE($C56+2018,$D56,1))
B57: 5802913 | C57: 7 | D57: 6 | E57: 201016 | V57: =IF($AN57="",IF($B57="","",$H57),IF(INDEX(職員マスタ!$B$6:$B$405,$AN57)="",$H57,INDEX(職員マスタ!$B$6:$B$405,$AN57))) | W57: =IF($AN57="",IF($B57="","",$R57),IF(INDEX(職員マスタ!$C$6:$C$405,$AN57)="",$R57,INDEX(職員マスタ!$C$6:$C$405,$AN57))) | X57: =IF($AO57="","","R"&$C57&"."&$D57) | Y57: =IF($AN57="","",IF(INDEX(職員マスタ!$K$6:$K$405,$AN57)="","",INDEX(職員マスタ!$K$6:$K$405,$AN57))) | Z57: =IF(OR($E57="",$Y57=""),"",IF($E57>=$Y57,"×",IF($E57>=$Y57*設定!$C$5,"△","○"))) | AA57: =IF($Z57="","",IF($Z57="×",0,IF($Z57="○",ROUNDDOWN($E57*設定!$C$4,0),ROUNDDOWN($E57*ROUND((9*$Y57-9*$E57)/(10*$E57),4),0)))) | AC57: =IF($B57="","",IF($AB57<>"",$AB57,IF($AA57="","",IF($AA57<=設定!$C$3,0,$AA57)))) | AD57: =IF($B57="","",IF(AND($AE57<>"",$AG57="",$AJ57=""),"保留中",IF($AJ57<>"",IF(N($AC57)>0,"支給済","不支給"),IF($AC57="","要確認",IF($AC57=0,"不支給","未処理"))))) | AI57: =IF(AND($AD57="保留中",$AF57<>""),TODAY()-$AF57,"") | AJ57: R7.8 | AK57: =IF($B57="","",IF($AO57="","対象年月が未入力／","")&IF($B57="","",IF($AN57="","職員マスタに未登録の職員番号／",IF($Y57="","標準報酬月額が未登録／","")&IF(AND($AO57<>"",OR(AND(INDEX(職員マスタ!$G$6:$G$405,$AN57)<>"",INDEX(職員マスタ!$G$6:$G$405,$AN57)>EOMONTH($AO57,0)),AND(INDEX(職員マスタ!$H$6:$H$405,$AN57)<>"",INDEX(職員マスタ!$H$6:$H$405,$AN57)<$AO57))),"対象月が時短期間外／","")&IF(AND(INDEX(職員マスタ!$F$6:$F$405,$AN57)<>"",$AO57<>"",INDEX(職員マスタ!$F$6:$F$405,$AN57)<$AO57),"対象月に子が2歳到達済／","")&IF(AND($H57<>"",INDEX(職員マスタ!$B$6:$B$405,$AN57)<>"",SUBSTITUTE(SUBSTITUTE($H57," ","")," ","")<>SUBSTITUTE(SUBSTITUTE(INDEX(職員マスタ!$B$6:$B$405,$AN57)," ","")," ","")),"氏名がマスタと相違／","")&IF(AND($Q57<>"",INDEX(職員マスタ!$E$6:$E$405,$AN57)<>"",$Q57<>INDEX(職員マスタ!$E$6:$E$405,$AN57)),"子の生年月日がマスタと相違／","")&IF(AND($L57<>"",INDEX(職員マスタ!$G$6:$G$405,$AN57)<>"",$L57<>INDEX(職員マスタ!$G$6:$G$405,$AN57)),"時短開始日がマスタと相違／","")&IF(AND($M57<>"",INDEX(職員マスタ!$H$6:$H$405,$AN57)<>"",$M57<>INDEX(職員マスタ!$H$6:$H$405,$AN57)),"時短終了日がマスタと相違／","")))&IF(AND($B57<>"",$E57=""),"報酬額が未入力／","")&IF(N($U57)>0,"申請書に入力エラーが残っています／","")&IF(AND($B57<>"",$AO57<>""),IF(COUNTIFS($B$6:$B$3005,$B57,$C$6:$C$3005,$C57,$D$6:$D$3005,$D57)>1,"同じ月の請求が重複しています／",""),"")&IF(AND(N($E57)>0,$Z57<>"",$Z57<>"×",$AC57=0,$AB57=""),"計算額が下限以下のため不支給／","")) | AM57: =IF($AD57="保留中",COUNTIF($AD$6:$AD57,"保留中"),"") | AN57: =IF($AO57="","",IF(SUMPRODUCT(MAX((職員マスタ!$A$6:$A$405=$B57)*(((職員マスタ!$G$6:$G$405="")+(職員マスタ!$G$6:$G$405<=EOMONTH($AO57,0)))>0)*(((職員マスタ!$H$6:$H$405="")+(職員マスタ!$H$6:$H$405>=$AO57))>0)*(ROW(職員マスタ!$A$6:$A$405)-5)))>0,SUMPRODUCT(MAX((職員マスタ!$A$6:$A$405=$B57)*(((職員マスタ!$G$6:$G$405="")+(職員マスタ!$G$6:$G$405<=EOMONTH($AO57,0)))>0)*(((職員マスタ!$H$6:$H$405="")+(職員マスタ!$H$6:$H$405>=$AO57))>0)*(ROW(職員マスタ!$A$6:$A$405)-5))),IFERROR(MATCH($B57,職員マスタ!$A$6:$A$405,0),""))) | AO57: =IF(OR($B57="",$C57="",$D57=""),"",DATE($C57+2018,$D57,1))
B58: 5802913 | C58: 7 | D58: 7 | E58: 188736 | V58: =IF($AN58="",IF($B58="","",$H58),IF(INDEX(職員マスタ!$B$6:$B$405,$AN58)="",$H58,INDEX(職員マスタ!$B$6:$B$405,$AN58))) | W58: =IF($AN58="",IF($B58="","",$R58),IF(INDEX(職員マスタ!$C$6:$C$405,$AN58)="",$R58,INDEX(職員マスタ!$C$6:$C$405,$AN58))) | X58: =IF($AO58="","","R"&$C58&"."&$D58) | Y58: =IF($AN58="","",IF(INDEX(職員マスタ!$K$6:$K$405,$AN58)="","",INDEX(職員マスタ!$K$6:$K$405,$AN58))) | Z58: =IF(OR($E58="",$Y58=""),"",IF($E58>=$Y58,"×",IF($E58>=$Y58*設定!$C$5,"△","○"))) | AA58: =IF($Z58="","",IF($Z58="×",0,IF($Z58="○",ROUNDDOWN($E58*設定!$C$4,0),ROUNDDOWN($E58*ROUND((9*$Y58-9*$E58)/(10*$E58),4),0)))) | AC58: =IF($B58="","",IF($AB58<>"",$AB58,IF($AA58="","",IF($AA58<=設定!$C$3,0,$AA58)))) | AD58: =IF($B58="","",IF(AND($AE58<>"",$AG58="",$AJ58=""),"保留中",IF($AJ58<>"",IF(N($AC58)>0,"支給済","不支給"),IF($AC58="","要確認",IF($AC58=0,"不支給","未処理"))))) | AI58: =IF(AND($AD58="保留中",$AF58<>""),TODAY()-$AF58,"") | AJ58: R7.9 | AK58: =IF($B58="","",IF($AO58="","対象年月が未入力／","")&IF($B58="","",IF($AN58="","職員マスタに未登録の職員番号／",IF($Y58="","標準報酬月額が未登録／","")&IF(AND($AO58<>"",OR(AND(INDEX(職員マスタ!$G$6:$G$405,$AN58)<>"",INDEX(職員マスタ!$G$6:$G$405,$AN58)>EOMONTH($AO58,0)),AND(INDEX(職員マスタ!$H$6:$H$405,$AN58)<>"",INDEX(職員マスタ!$H$6:$H$405,$AN58)<$AO58))),"対象月が時短期間外／","")&IF(AND(INDEX(職員マスタ!$F$6:$F$405,$AN58)<>"",$AO58<>"",INDEX(職員マスタ!$F$6:$F$405,$AN58)<$AO58),"対象月に子が2歳到達済／","")&IF(AND($H58<>"",INDEX(職員マスタ!$B$6:$B$405,$AN58)<>"",SUBSTITUTE(SUBSTITUTE($H58," ","")," ","")<>SUBSTITUTE(SUBSTITUTE(INDEX(職員マスタ!$B$6:$B$405,$AN58)," ","")," ","")),"氏名がマスタと相違／","")&IF(AND($Q58<>"",INDEX(職員マスタ!$E$6:$E$405,$AN58)<>"",$Q58<>INDEX(職員マスタ!$E$6:$E$405,$AN58)),"子の生年月日がマスタと相違／","")&IF(AND($L58<>"",INDEX(職員マスタ!$G$6:$G$405,$AN58)<>"",$L58<>INDEX(職員マスタ!$G$6:$G$405,$AN58)),"時短開始日がマスタと相違／","")&IF(AND($M58<>"",INDEX(職員マスタ!$H$6:$H$405,$AN58)<>"",$M58<>INDEX(職員マスタ!$H$6:$H$405,$AN58)),"時短終了日がマスタと相違／","")))&IF(AND($B58<>"",$E58=""),"報酬額が未入力／","")&IF(N($U58)>0,"申請書に入力エラーが残っています／","")&IF(AND($B58<>"",$AO58<>""),IF(COUNTIFS($B$6:$B$3005,$B58,$C$6:$C$3005,$C58,$D$6:$D$3005,$D58)>1,"同じ月の請求が重複しています／",""),"")&IF(AND(N($E58)>0,$Z58<>"",$Z58<>"×",$AC58=0,$AB58=""),"計算額が下限以下のため不支給／","")) | AM58: =IF($AD58="保留中",COUNTIF($AD$6:$AD58,"保留中"),"") | AN58: =IF($AO58="","",IF(SUMPRODUCT(MAX((職員マスタ!$A$6:$A$405=$B58)*(((職員マスタ!$G$6:$G$405="")+(職員マスタ!$G$6:$G$405<=EOMONTH($AO58,0)))>0)*(((職員マスタ!$H$6:$H$405="")+(職員マスタ!$H$6:$H$405>=$AO58))>0)*(ROW(職員マスタ!$A$6:$A$405)-5)))>0,SUMPRODUCT(MAX((職員マスタ!$A$6:$A$405=$B58)*(((職員マスタ!$G$6:$G$405="")+(職員マスタ!$G$6:$G$405<=EOMONTH($AO58,0)))>0)*(((職員マスタ!$H$6:$H$405="")+(職員マスタ!$H$6:$H$405>=$AO58))>0)*(ROW(職員マスタ!$A$6:$A$405)-5))),IFERROR(MATCH($B58,職員マスタ!$A$6:$A$405,0),""))) | AO58: =IF(OR($B58="",$C58="",$D58=""),"",DATE($C58+2018,$D58,1))
B59: 5802913 | C59: 7 | D59: 8 | E59: 188736 | V59: =IF($AN59="",IF($B59="","",$H59),IF(INDEX(職員マスタ!$B$6:$B$405,$AN59)="",$H59,INDEX(職員マスタ!$B$6:$B$405,$AN59))) | W59: =IF($AN59="",IF($B59="","",$R59),IF(INDEX(職員マスタ!$C$6:$C$405,$AN59)="",$R59,INDEX(職員マスタ!$C$6:$C$405,$AN59))) | X59: =IF($AO59="","","R"&$C59&"."&$D59) | Y59: =IF($AN59="","",IF(INDEX(職員マスタ!$K$6:$K$405,$AN59)="","",INDEX(職員マスタ!$K$6:$K$405,$AN59))) | Z59: =IF(OR($E59="",$Y59=""),"",IF($E59>=$Y59,"×",IF($E59>=$Y59*設定!$C$5,"△","○"))) | AA59: =IF($Z59="","",IF($Z59="×",0,IF($Z59="○",ROUNDDOWN($E59*設定!$C$4,0),ROUNDDOWN($E59*ROUND((9*$Y59-9*$E59)/(10*$E59),4),0)))) | AC59: =IF($B59="","",IF($AB59<>"",$AB59,IF($AA59="","",IF($AA59<=設定!$C$3,0,$AA59)))) | AD59: =IF($B59="","",IF(AND($AE59<>"",$AG59="",$AJ59=""),"保留中",IF($AJ59<>"",IF(N($AC59)>0,"支給済","不支給"),IF($AC59="","要確認",IF($AC59=0,"不支給","未処理"))))) | AI59: =IF(AND($AD59="保留中",$AF59<>""),TODAY()-$AF59,"") | AJ59: R7.10 | AK59: =IF($B59="","",IF($AO59="","対象年月が未入力／","")&IF($B59="","",IF($AN59="","職員マスタに未登録の職員番号／",IF($Y59="","標準報酬月額が未登録／","")&IF(AND($AO59<>"",OR(AND(INDEX(職員マスタ!$G$6:$G$405,$AN59)<>"",INDEX(職員マスタ!$G$6:$G$405,$AN59)>EOMONTH($AO59,0)),AND(INDEX(職員マスタ!$H$6:$H$405,$AN59)<>"",INDEX(職員マスタ!$H$6:$H$405,$AN59)<$AO59))),"対象月が時短期間外／","")&IF(AND(INDEX(職員マスタ!$F$6:$F$405,$AN59)<>"",$AO59<>"",INDEX(職員マスタ!$F$6:$F$405,$AN59)<$AO59),"対象月に子が2歳到達済／","")&IF(AND($H59<>"",INDEX(職員マスタ!$B$6:$B$405,$AN59)<>"",SUBSTITUTE(SUBSTITUTE($H59," ","")," ","")<>SUBSTITUTE(SUBSTITUTE(INDEX(職員マスタ!$B$6:$B$405,$AN59)," ","")," ","")),"氏名がマスタと相違／","")&IF(AND($Q59<>"",INDEX(職員マスタ!$E$6:$E$405,$AN59)<>"",$Q59<>INDEX(職員マスタ!$E$6:$E$405,$AN59)),"子の生年月日がマスタと相違／","")&IF(AND($L59<>"",INDEX(職員マスタ!$G$6:$G$405,$AN59)<>"",$L59<>INDEX(職員マスタ!$G$6:$G$405,$AN59)),"時短開始日がマスタと相違／","")&IF(AND($M59<>"",INDEX(職員マスタ!$H$6:$H$405,$AN59)<>"",$M59<>INDEX(職員マスタ!$H$6:$H$405,$AN59)),"時短終了日がマスタと相違／","")))&IF(AND($B59<>"",$E59=""),"報酬額が未入力／","")&IF(N($U59)>0,"申請書に入力エラーが残っています／","")&IF(AND($B59<>"",$AO59<>""),IF(COUNTIFS($B$6:$B$3005,$B59,$C$6:$C$3005,$C59,$D$6:$D$3005,$D59)>1,"同じ月の請求が重複しています／",""),"")&IF(AND(N($E59)>0,$Z59<>"",$Z59<>"×",$AC59=0,$AB59=""),"計算額が下限以下のため不支給／","")) | AM59: =IF($AD59="保留中",COUNTIF($AD$6:$AD59,"保留中"),"") | AN59: =IF($AO59="","",IF(SUMPRODUCT(MAX((職員マスタ!$A$6:$A$405=$B59)*(((職員マスタ!$G$6:$G$405="")+(職員マスタ!$G$6:$G$405<=EOMONTH($AO59,0)))>0)*(((職員マスタ!$H$6:$H$405="")+(職員マスタ!$H$6:$H$405>=$AO59))>0)*(ROW(職員マスタ!$A$6:$A$405)-5)))>0,SUMPRODUCT(MAX((職員マスタ!$A$6:$A$405=$B59)*(((職員マスタ!$G$6:$G$405="")+(職員マスタ!$G$6:$G$405<=EOMONTH($AO59,0)))>0)*(((職員マスタ!$H$6:$H$405="")+(職員マスタ!$H$6:$H$405>=$AO59))>0)*(ROW(職員マスタ!$A$6:$A$405)-5))),IFERROR(MATCH($B59,職員マスタ!$A$6:$A$405,0),""))) | AO59: =IF(OR($B59="",$C59="",$D59=""),"",DATE($C59+2018,$D59,1))
B60: 5802913 | C60: 7 | D60: 9 | E60: 186462 | V60: =IF($AN60="",IF($B60="","",$H60),IF(INDEX(職員マスタ!$B$6:$B$405,$AN60)="",$H60,INDEX(職員マスタ!$B$6:$B$405,$AN60))) | W60: =IF($AN60="",IF($B60="","",$R60),IF(INDEX(職員マスタ!$C$6:$C$405,$AN60)="",$R60,INDEX(職員マスタ!$C$6:$C$405,$AN60))) | X60: =IF($AO60="","","R"&$C60&"."&$D60) | Y60: =IF($AN60="","",IF(INDEX(職員マスタ!$K$6:$K$405,$AN60)="","",INDEX(職員マスタ!$K$6:$K$405,$AN60))) | Z60: =IF(OR($E60="",$Y60=""),"",IF($E60>=$Y60,"×",IF($E60>=$Y60*設定!$C$5,"△","○"))) | AA60: =IF($Z60="","",IF($Z60="×",0,IF($Z60="○",ROUNDDOWN($E60*設定!$C$4,0),ROUNDDOWN($E60*ROUND((9*$Y60-9*$E60)/(10*$E60),4),0)))) | AC60: =IF($B60="","",IF($AB60<>"",$AB60,IF($AA60="","",IF($AA60<=設定!$C$3,0,$AA60)))) | AD60: =IF($B60="","",IF(AND($AE60<>"",$AG60="",$AJ60=""),"保留中",IF($AJ60<>"",IF(N($AC60)>0,"支給済","不支給"),IF($AC60="","要確認",IF($AC60=0,"不支給","未処理"))))) | AI60: =IF(AND($AD60="保留中",$AF60<>""),TODAY()-$AF60,"") | AJ60: R7.11 | AK60: =IF($B60="","",IF($AO60="","対象年月が未入力／","")&IF($B60="","",IF($AN60="","職員マスタに未登録の職員番号／",IF($Y60="","標準報酬月額が未登録／","")&IF(AND($AO60<>"",OR(AND(INDEX(職員マスタ!$G$6:$G$405,$AN60)<>"",INDEX(職員マスタ!$G$6:$G$405,$AN60)>EOMONTH($AO60,0)),AND(INDEX(職員マスタ!$H$6:$H$405,$AN60)<>"",INDEX(職員マスタ!$H$6:$H$405,$AN60)<$AO60))),"対象月が時短期間外／","")&IF(AND(INDEX(職員マスタ!$F$6:$F$405,$AN60)<>"",$AO60<>"",INDEX(職員マスタ!$F$6:$F$405,$AN60)<$AO60),"対象月に子が2歳到達済／","")&IF(AND($H60<>"",INDEX(職員マスタ!$B$6:$B$405,$AN60)<>"",SUBSTITUTE(SUBSTITUTE($H60," ","")," ","")<>SUBSTITUTE(SUBSTITUTE(INDEX(職員マスタ!$B$6:$B$405,$AN60)," ","")," ","")),"氏名がマスタと相違／","")&IF(AND($Q60<>"",INDEX(職員マスタ!$E$6:$E$405,$AN60)<>"",$Q60<>INDEX(職員マスタ!$E$6:$E$405,$AN60)),"子の生年月日がマスタと相違／","")&IF(AND($L60<>"",INDEX(職員マスタ!$G$6:$G$405,$AN60)<>"",$L60<>INDEX(職員マスタ!$G$6:$G$405,$AN60)),"時短開始日がマスタと相違／","")&IF(AND($M60<>"",INDEX(職員マスタ!$H$6:$H$405,$AN60)<>"",$M60<>INDEX(職員マスタ!$H$6:$H$405,$AN60)),"時短終了日がマスタと相違／","")))&IF(AND($B60<>"",$E60=""),"報酬額が未入力／","")&IF(N($U60)>0,"申請書に入力エラーが残っています／","")&IF(AND($B60<>"",$AO60<>""),IF(COUNTIFS($B$6:$B$3005,$B60,$C$6:$C$3005,$C60,$D$6:$D$3005,$D60)>1,"同じ月の請求が重複しています／",""),"")&IF(AND(N($E60)>0,$Z60<>"",$Z60<>"×",$AC60=0,$AB60=""),"計算額が下限以下のため不支給／","")) | AM60: =IF($AD60="保留中",COUNTIF($AD$6:$AD60,"保留中"),"") | AN60: =IF($AO60="","",IF(SUMPRODUCT(MAX((職員マスタ!$A$6:$A$405=$B60)*(((職員マスタ!$G$6:$G$405="")+(職員マスタ!$G$6:$G$405<=EOMONTH($AO60,0)))>0)*(((職員マスタ!$H$6:$H$405="")+(職員マスタ!$H$6:$H$405>=$AO60))>0)*(ROW(職員マスタ!$A$6:$A$405)-5)))>0,SUMPRODUCT(MAX((職員マスタ!$A$6:$A$405=$B60)*(((職員マスタ!$G$6:$G$405="")+(職員マスタ!$G$6:$G$405<=EOMONTH($AO60,0)))>0)*(((職員マスタ!$H$6:$H$405="")+(職員マスタ!$H$6:$H$405>=$AO60))>0)*(ROW(職員マスタ!$A$6:$A$405)-5))),IFERROR(MATCH($B60,職員マスタ!$A$6:$A$405,0),""))) | AO60: =IF(OR($B60="",$C60="",$D60=""),"",DATE($C60+2018,$D60,1))
B61: 5802913 | C61: 7 | D61: 10 | E61: 188736 | V61: =IF($AN61="",IF($B61="","",$H61),IF(INDEX(職員マスタ!$B$6:$B$405,$AN61)="",$H61,INDEX(職員マスタ!$B$6:$B$405,$AN61))) | W61: =IF($AN61="",IF($B61="","",$R61),IF(INDEX(職員マスタ!$C$6:$C$405,$AN61)="",$R61,INDEX(職員マスタ!$C$6:$C$405,$AN61))) | X61: =IF($AO61="","","R"&$C61&"."&$D61) | Y61: =IF($AN61="","",IF(INDEX(職員マスタ!$K$6:$K$405,$AN61)="","",INDEX(職員マスタ!$K$6:$K$405,$AN61))) | Z61: =IF(OR($E61="",$Y61=""),"",IF($E61>=$Y61,"×",IF($E61>=$Y61*設定!$C$5,"△","○"))) | AA61: =IF($Z61="","",IF($Z61="×",0,IF($Z61="○",ROUNDDOWN($E61*設定!$C$4,0),ROUNDDOWN($E61*ROUND((9*$Y61-9*$E61)/(10*$E61),4),0)))) | AC61: =IF($B61="","",IF($AB61<>"",$AB61,IF($AA61="","",IF($AA61<=設定!$C$3,0,$AA61)))) | AD61: =IF($B61="","",IF(AND($AE61<>"",$AG61="",$AJ61=""),"保留中",IF($AJ61<>"",IF(N($AC61)>0,"支給済","不支給"),IF($AC61="","要確認",IF($AC61=0,"不支給","未処理"))))) | AI61: =IF(AND($AD61="保留中",$AF61<>""),TODAY()-$AF61,"") | AJ61: R7.12 | AK61: =IF($B61="","",IF($AO61="","対象年月が未入力／","")&IF($B61="","",IF($AN61="","職員マスタに未登録の職員番号／",IF($Y61="","標準報酬月額が未登録／","")&IF(AND($AO61<>"",OR(AND(INDEX(職員マスタ!$G$6:$G$405,$AN61)<>"",INDEX(職員マスタ!$G$6:$G$405,$AN61)>EOMONTH($AO61,0)),AND(INDEX(職員マスタ!$H$6:$H$405,$AN61)<>"",INDEX(職員マスタ!$H$6:$H$405,$AN61)<$AO61))),"対象月が時短期間外／","")&IF(AND(INDEX(職員マスタ!$F$6:$F$405,$AN61)<>"",$AO61<>"",INDEX(職員マスタ!$F$6:$F$405,$AN61)<$AO61),"対象月に子が2歳到達済／","")&IF(AND($H61<>"",INDEX(職員マスタ!$B$6:$B$405,$AN61)<>"",SUBSTITUTE(SUBSTITUTE($H61," ","")," ","")<>SUBSTITUTE(SUBSTITUTE(INDEX(職員マスタ!$B$6:$B$405,$AN61)," ","")," ","")),"氏名がマスタと相違／","")&IF(AND($Q61<>"",INDEX(職員マスタ!$E$6:$E$405,$AN61)<>"",$Q61<>INDEX(職員マスタ!$E$6:$E$405,$AN61)),"子の生年月日がマスタと相違／","")&IF(AND($L61<>"",INDEX(職員マスタ!$G$6:$G$405,$AN61)<>"",$L61<>INDEX(職員マスタ!$G$6:$G$405,$AN61)),"時短開始日がマスタと相違／","")&IF(AND($M61<>"",INDEX(職員マスタ!$H$6:$H$405,$AN61)<>"",$M61<>INDEX(職員マスタ!$H$6:$H$405,$AN61)),"時短終了日がマスタと相違／","")))&IF(AND($B61<>"",$E61=""),"報酬額が未入力／","")&IF(N($U61)>0,"申請書に入力エラーが残っています／","")&IF(AND($B61<>"",$AO61<>""),IF(COUNTIFS($B$6:$B$3005,$B61,$C$6:$C$3005,$C61,$D$6:$D$3005,$D61)>1,"同じ月の請求が重複しています／",""),"")&IF(AND(N($E61)>0,$Z61<>"",$Z61<>"×",$AC61=0,$AB61=""),"計算額が下限以下のため不支給／","")) | AM61: =IF($AD61="保留中",COUNTIF($AD$6:$AD61,"保留中"),"") | AN61: =IF($AO61="","",IF(SUMPRODUCT(MAX((職員マスタ!$A$6:$A$405=$B61)*(((職員マスタ!$G$6:$G$405="")+(職員マスタ!$G$6:$G$405<=EOMONTH($AO61,0)))>0)*(((職員マスタ!$H$6:$H$405="")+(職員マスタ!$H$6:$H$405>=$AO61))>0)*(ROW(職員マスタ!$A$6:$A$405)-5)))>0,SUMPRODUCT(MAX((職員マスタ!$A$6:$A$405=$B61)*(((職員マスタ!$G$6:$G$405="")+(職員マスタ!$G$6:$G$405<=EOMONTH($AO61,0)))>0)*(((職員マスタ!$H$6:$H$405="")+(職員マスタ!$H$6:$H$405>=$AO61))>0)*(ROW(職員マスタ!$A$6:$A$405)-5))),IFERROR(MATCH($B61,職員マスタ!$A$6:$A$405,0),""))) | AO61: =IF(OR($B61="",$C61="",$D61=""),"",DATE($C61+2018,$D61,1))
B62: 5802913 | C62: 7 | D62: 11 | E62: 188736 | V62: =IF($AN62="",IF($B62="","",$H62),IF(INDEX(職員マスタ!$B$6:$B$405,$AN62)="",$H62,INDEX(職員マスタ!$B$6:$B$405,$AN62))) | W62: =IF($AN62="",IF($B62="","",$R62),IF(INDEX(職員マスタ!$C$6:$C$405,$AN62)="",$R62,INDEX(職員マスタ!$C$6:$C$405,$AN62))) | X62: =IF($AO62="","","R"&$C62&"."&$D62) | Y62: =IF($AN62="","",IF(INDEX(職員マスタ!$K$6:$K$405,$AN62)="","",INDEX(職員マスタ!$K$6:$K$405,$AN62))) | Z62: =IF(OR($E62="",$Y62=""),"",IF($E62>=$Y62,"×",IF($E62>=$Y62*設定!$C$5,"△","○"))) | AA62: =IF($Z62="","",IF($Z62="×",0,IF($Z62="○",ROUNDDOWN($E62*設定!$C$4,0),ROUNDDOWN($E62*ROUND((9*$Y62-9*$E62)/(10*$E62),4),0)))) | AC62: =IF($B62="","",IF($AB62<>"",$AB62,IF($AA62="","",IF($AA62<=設定!$C$3,0,$AA62)))) | AD62: =IF($B62="","",IF(AND($AE62<>"",$AG62="",$AJ62=""),"保留中",IF($AJ62<>"",IF(N($AC62)>0,"支給済","不支給"),IF($AC62="","要確認",IF($AC62=0,"不支給","未処理"))))) | AI62: =IF(AND($AD62="保留中",$AF62<>""),TODAY()-$AF62,"") | AJ62: R8.1 | AK62: =IF($B62="","",IF($AO62="","対象年月が未入力／","")&IF($B62="","",IF($AN62="","職員マスタに未登録の職員番号／",IF($Y62="","標準報酬月額が未登録／","")&IF(AND($AO62<>"",OR(AND(INDEX(職員マスタ!$G$6:$G$405,$AN62)<>"",INDEX(職員マスタ!$G$6:$G$405,$AN62)>EOMONTH($AO62,0)),AND(INDEX(職員マスタ!$H$6:$H$405,$AN62)<>"",INDEX(職員マスタ!$H$6:$H$405,$AN62)<$AO62))),"対象月が時短期間外／","")&IF(AND(INDEX(職員マスタ!$F$6:$F$405,$AN62)<>"",$AO62<>"",INDEX(職員マスタ!$F$6:$F$405,$AN62)<$AO62),"対象月に子が2歳到達済／","")&IF(AND($H62<>"",INDEX(職員マスタ!$B$6:$B$405,$AN62)<>"",SUBSTITUTE(SUBSTITUTE($H62," ","")," ","")<>SUBSTITUTE(SUBSTITUTE(INDEX(職員マスタ!$B$6:$B$405,$AN62)," ","")," ","")),"氏名がマスタと相違／","")&IF(AND($Q62<>"",INDEX(職員マスタ!$E$6:$E$405,$AN62)<>"",$Q62<>INDEX(職員マスタ!$E$6:$E$405,$AN62)),"子の生年月日がマスタと相違／","")&IF(AND($L62<>"",INDEX(職員マスタ!$G$6:$G$405,$AN62)<>"",$L62<>INDEX(職員マスタ!$G$6:$G$405,$AN62)),"時短開始日がマスタと相違／","")&IF(AND($M62<>"",INDEX(職員マスタ!$H$6:$H$405,$AN62)<>"",$M62<>INDEX(職員マスタ!$H$6:$H$405,$AN62)),"時短終了日がマスタと相違／","")))&IF(AND($B62<>"",$E62=""),"報酬額が未入力／","")&IF(N($U62)>0,"申請書に入力エラーが残っています／","")&IF(AND($B62<>"",$AO62<>""),IF(COUNTIFS($B$6:$B$3005,$B62,$C$6:$C$3005,$C62,$D$6:$D$3005,$D62)>1,"同じ月の請求が重複しています／",""),"")&IF(AND(N($E62)>0,$Z62<>"",$Z62<>"×",$AC62=0,$AB62=""),"計算額が下限以下のため不支給／","")) | AM62: =IF($AD62="保留中",COUNTIF($AD$6:$AD62,"保留中"),"") | AN62: =IF($AO62="","",IF(SUMPRODUCT(MAX((職員マスタ!$A$6:$A$405=$B62)*(((職員マスタ!$G$6:$G$405="")+(職員マスタ!$G$6:$G$405<=EOMONTH($AO62,0)))>0)*(((職員マスタ!$H$6:$H$405="")+(職員マスタ!$H$6:$H$405>=$AO62))>0)*(ROW(職員マスタ!$A$6:$A$405)-5)))>0,SUMPRODUCT(MAX((職員マスタ!$A$6:$A$405=$B62)*(((職員マスタ!$G$6:$G$405="")+(職員マスタ!$G$6:$G$405<=EOMONTH($AO62,0)))>0)*(((職員マスタ!$H$6:$H$405="")+(職員マスタ!$H$6:$H$405>=$AO62))>0)*(ROW(職員マスタ!$A$6:$A$405)-5))),IFERROR(MATCH($B62,職員マスタ!$A$6:$A$405,0),""))) | AO62: =IF(OR($B62="",$C62="",$D62=""),"",DATE($C62+2018,$D62,1))
B63: 6002646 | C63: 7 | D63: 5 | E63: 204828 | V63: =IF($AN63="",IF($B63="","",$H63),IF(INDEX(職員マスタ!$B$6:$B$405,$AN63)="",$H63,INDEX(職員マスタ!$B$6:$B$405,$AN63))) | W63: =IF($AN63="",IF($B63="","",$R63),IF(INDEX(職員マスタ!$C$6:$C$405,$AN63)="",$R63,INDEX(職員マスタ!$C$6:$C$405,$AN63))) | X63: =IF($AO63="","","R"&$C63&"."&$D63) | Y63: =IF($AN63="","",IF(INDEX(職員マスタ!$K$6:$K$405,$AN63)="","",INDEX(職員マスタ!$K$6:$K$405,$AN63))) | Z63: =IF(OR($E63="",$Y63=""),"",IF($E63>=$Y63,"×",IF($E63>=$Y63*設定!$C$5,"△","○"))) | AA63: =IF($Z63="","",IF($Z63="×",0,IF($Z63="○",ROUNDDOWN($E63*設定!$C$4,0),ROUNDDOWN($E63*ROUND((9*$Y63-9*$E63)/(10*$E63),4),0)))) | AC63: =IF($B63="","",IF($AB63<>"",$AB63,IF($AA63="","",IF($AA63<=設定!$C$3,0,$AA63)))) | AD63: =IF($B63="","",IF(AND($AE63<>"",$AG63="",$AJ63=""),"保留中",IF($AJ63<>"",IF(N($AC63)>0,"支給済","不支給"),IF($AC63="","要確認",IF($AC63=0,"不支給","未処理"))))) | AI63: =IF(AND($AD63="保留中",$AF63<>""),TODAY()-$AF63,"") | AJ63: R7.8 | AK63: =IF($B63="","",IF($AO63="","対象年月が未入力／","")&IF($B63="","",IF($AN63="","職員マスタに未登録の職員番号／",IF($Y63="","標準報酬月額が未登録／","")&IF(AND($AO63<>"",OR(AND(INDEX(職員マスタ!$G$6:$G$405,$AN63)<>"",INDEX(職員マスタ!$G$6:$G$405,$AN63)>EOMONTH($AO63,0)),AND(INDEX(職員マスタ!$H$6:$H$405,$AN63)<>"",INDEX(職員マスタ!$H$6:$H$405,$AN63)<$AO63))),"対象月が時短期間外／","")&IF(AND(INDEX(職員マスタ!$F$6:$F$405,$AN63)<>"",$AO63<>"",INDEX(職員マスタ!$F$6:$F$405,$AN63)<$AO63),"対象月に子が2歳到達済／","")&IF(AND($H63<>"",INDEX(職員マスタ!$B$6:$B$405,$AN63)<>"",SUBSTITUTE(SUBSTITUTE($H63," ","")," ","")<>SUBSTITUTE(SUBSTITUTE(INDEX(職員マスタ!$B$6:$B$405,$AN63)," ","")," ","")),"氏名がマスタと相違／","")&IF(AND($Q63<>"",INDEX(職員マスタ!$E$6:$E$405,$AN63)<>"",$Q63<>INDEX(職員マスタ!$E$6:$E$405,$AN63)),"子の生年月日がマスタと相違／","")&IF(AND($L63<>"",INDEX(職員マスタ!$G$6:$G$405,$AN63)<>"",$L63<>INDEX(職員マスタ!$G$6:$G$405,$AN63)),"時短開始日がマスタと相違／","")&IF(AND($M63<>"",INDEX(職員マスタ!$H$6:$H$405,$AN63)<>"",$M63<>INDEX(職員マスタ!$H$6:$H$405,$AN63)),"時短終了日がマスタと相違／","")))&IF(AND($B63<>"",$E63=""),"報酬額が未入力／","")&IF(N($U63)>0,"申請書に入力エラーが残っています／","")&IF(AND($B63<>"",$AO63<>""),IF(COUNTIFS($B$6:$B$3005,$B63,$C$6:$C$3005,$C63,$D$6:$D$3005,$D63)>1,"同じ月の請求が重複しています／",""),"")&IF(AND(N($E63)>0,$Z63<>"",$Z63<>"×",$AC63=0,$AB63=""),"計算額が下限以下のため不支給／","")) | AM63: =IF($AD63="保留中",COUNTIF($AD$6:$AD63,"保留中"),"") | AN63: =IF($AO63="","",IF(SUMPRODUCT(MAX((職員マスタ!$A$6:$A$405=$B63)*(((職員マスタ!$G$6:$G$405="")+(職員マスタ!$G$6:$G$405<=EOMONTH($AO63,0)))>0)*(((職員マスタ!$H$6:$H$405="")+(職員マスタ!$H$6:$H$405>=$AO63))>0)*(ROW(職員マスタ!$A$6:$A$405)-5)))>0,SUMPRODUCT(MAX((職員マスタ!$A$6:$A$405=$B63)*(((職員マスタ!$G$6:$G$405="")+(職員マスタ!$G$6:$G$405<=EOMONTH($AO63,0)))>0)*(((職員マスタ!$H$6:$H$405="")+(職員マスタ!$H$6:$H$405>=$AO63))>0)*(ROW(職員マスタ!$A$6:$A$405)-5))),IFERROR(MATCH($B63,職員マスタ!$A$6:$A$405,0),""))) | AO63: =IF(OR($B63="",$C63="",$D63=""),"",DATE($C63+2018,$D63,1))
... B74: 6002968 | C74: 7 | D74: 5 | E74: 246784 | V74: =IF($AN74="",IF($B74="","",$H74),IF(INDEX(職員マスタ!$B$6:$B$405,$AN74)="",$H74,INDEX(職員マスタ!$B$6:$B$405,$AN74))) | W74: =IF($AN74="",IF($B74="","",$R74),IF(INDEX(職員マスタ!$C$6:$C$405,$AN74)="",$R74,INDEX(職員マスタ!$C$6:$C$405,$AN74))) | X74: =IF($AO74="","","R"&$C74&"."&$D74) | Y74: =IF($AN74="","",IF(INDEX(職員マスタ!$K$6:$K$405,$AN74)="","",INDEX(職員マスタ!$K$6:$K$405,$AN74))) | Z74: =IF(OR($E74="",$Y74=""),"",IF($E74>=$Y74,"×",IF($E74>=$Y74*設定!$C$5,"△","○"))) | AA74: =IF($Z74="","",IF($Z74="×",0,IF($Z74="○",ROUNDDOWN($E74*設定!$C$4,0),ROUNDDOWN($E74*ROUND((9*$Y74-9*$E74)/(10*$E74),4),0)))) | AC74: =IF($B74="","",IF($AB74<>"",$AB74,IF($AA74="","",IF($AA74<=設定!$C$3,0,$AA74)))) | AD74: =IF($B74="","",IF(AND($AE74<>"",$AG74="",$AJ74=""),"保留中",IF($AJ74<>"",IF(N($AC74)>0,"支給済","不支給"),IF($AC74="","要確認",IF($AC74=0,"不支給","未処理"))))) | AI74: =IF(AND($AD74="保留中",$AF74<>""),TODAY()-$AF74,"") | AJ74: R7.8 | AK74: =IF($B74="","",IF($AO74="","対象年月が未入力／","")&IF($B74="","",IF($AN74="","職員マスタに未登録の職員番号／",IF($Y74="","標準報酬月額が未登録／","")&IF(AND($AO74<>"",OR(AND(INDEX(職員マスタ!$G$6:$G$405,$AN74)<>"",INDEX(職員マスタ!$G$6:$G$405,$AN74)>EOMONTH($AO74,0)),AND(INDEX(職員マスタ!$H$6:$H$405,$AN74)<>"",INDEX(職員マスタ!$H$6:$H$405,$AN74)<$AO74))),"対象月が時短期間外／","")&IF(AND(INDEX(職員マスタ!$F$6:$F$405,$AN74)<>"",$AO74<>"",INDEX(職員マスタ!$F$6:$F$405,$AN74)<$AO74),"対象月に子が2歳到達済／","")&IF(AND($H74<>"",INDEX(職員マスタ!$B$6:$B$405,$AN74)<>"",SUBSTITUTE(SUBSTITUTE($H74," ","")," ","")<>SUBSTITUTE(SUBSTITUTE(INDEX(職員マスタ!$B$6:$B$405,$AN74)," ","")," ","")),"氏名がマスタと相違／","")&IF(AND($Q74<>"",INDEX(職員マスタ!$E$6:$E$405,$AN74)<>"",$Q74<>INDEX(職員マスタ!$E$6:$E$405,$AN74)),"子の生年月日がマスタと相違／","")&IF(AND($L74<>"",INDEX(職員マスタ!$G$6:$G$405,$AN74)<>"",$L74<>INDEX(職員マスタ!$G$6:$G$405,$AN74)),"時短開始日がマスタと相違／","")&IF(AND($M74<>"",INDEX(職員マスタ!$H$6:$H$405,$AN74)<>"",$M74<>INDEX(職員マスタ!$H$6:$H$405,$AN74)),"時短終了日がマスタと相違／","")))&IF(AND($B74<>"",$E74=""),"報酬額が未入力／","")&IF(N($U74)>0,"申請書に入力エラーが残っています／","")&IF(AND($B74<>"",$AO74<>""),IF(COUNTIFS($B$6:$B$3005,$B74,$C$6:$C$3005,$C74,$D$6:$D$3005,$D74)>1,"同じ月の請求が重複しています／",""),"")&IF(AND(N($E74)>0,$Z74<>"",$Z74<>"×",$AC74=0,$AB74=""),"計算額が下限以下のため不支給／","")) | AM74: =IF($AD74="保留中",COUNTIF($AD$6:$AD74,"保留中"),"") | AN74: =IF($AO74="","",IF(SUMPRODUCT(MAX((職員マスタ!$A$6:$A$405=$B74)*(((職員マスタ!$G$6:$G$405="")+(職員マスタ!$G$6:$G$405<=EOMONTH($AO74,0)))>0)*(((職員マスタ!$H$6:$H$405="")+(職員マスタ!$H$6:$H$405>=$AO74))>0)*(ROW(職員マスタ!$A$6:$A$405)-5)))>0,SUMPRODUCT(MAX((職員マスタ!$A$6:$A$405=$B74)*(((職員マスタ!$G$6:$G$405="")+(職員マスタ!$G$6:$G$405<=EOMONTH($AO74,0)))>0)*(((職員マスタ!$H$6:$H$405="")+(職員マスタ!$H$6:$H$405>=$AO74))>0)*(ROW(職員マスタ!$A$6:$A$405)-5))),IFERROR(MATCH($B74,職員マスタ!$A$6:$A$405,0),""))) | AO74: =IF(OR($B74="",$C74="",$D74=""),"",DATE($C74+2018,$D74,1))
B75: 6002976 | C75: 7 | D75: 5 | E75: 211538 | V75: =IF($AN75="",IF($B75="","",$H75),IF(INDEX(職員マスタ!$B$6:$B$405,$AN75)="",$H75,INDEX(職員マスタ!$B$6:$B$405,$AN75))) | W75: =IF($AN75="",IF($B75="","",$R75),IF(INDEX(職員マスタ!$C$6:$C$405,$AN75)="",$R75,INDEX(職員マスタ!$C$6:$C$405,$AN75))) | X75: =IF($AO75="","","R"&$C75&"."&$D75) | Y75: =IF($AN75="","",IF(INDEX(職員マスタ!$K$6:$K$405,$AN75)="","",INDEX(職員マスタ!$K$6:$K$405,$AN75))) | Z75: =IF(OR($E75="",$Y75=""),"",IF($E75>=$Y75,"×",IF($E75>=$Y75*設定!$C$5,"△","○"))) | AA75: =IF($Z75="","",IF($Z75="×",0,IF($Z75="○",ROUNDDOWN($E75*設定!$C$4,0),ROUNDDOWN($E75*ROUND((9*$Y75-9*$E75)/(10*$E75),4),0)))) | AC75: =IF($B75="","",IF($AB75<>"",$AB75,IF($AA75="","",IF($AA75<=設定!$C$3,0,$AA75)))) | AD75: =IF($B75="","",IF(AND($AE75<>"",$AG75="",$AJ75=""),"保留中",IF($AJ75<>"",IF(N($AC75)>0,"支給済","不支給"),IF($AC75="","要確認",IF($AC75=0,"不支給","未処理"))))) | AE75: 通勤手当の確認 | AI75: =IF(AND($AD75="保留中",$AF75<>""),TODAY()-$AF75,"") | AJ75: R7.11 | AK75: =IF($B75="","",IF($AO75="","対象年月が未入力／","")&IF($B75="","",IF($AN75="","職員マスタに未登録の職員番号／",IF($Y75="","標準報酬月額が未登録／","")&IF(AND($AO75<>"",OR(AND(INDEX(職員マスタ!$G$6:$G$405,$AN75)<>"",INDEX(職員マスタ!$G$6:$G$405,$AN75)>EOMONTH($AO75,0)),AND(INDEX(職員マスタ!$H$6:$H$405,$AN75)<>"",INDEX(職員マスタ!$H$6:$H$405,$AN75)<$AO75))),"対象月が時短期間外／","")&IF(AND(INDEX(職員マスタ!$F$6:$F$405,$AN75)<>"",$AO75<>"",INDEX(職員マスタ!$F$6:$F$405,$AN75)<$AO75),"対象月に子が2歳到達済／","")&IF(AND($H75<>"",INDEX(職員マスタ!$B$6:$B$405,$AN75)<>"",SUBSTITUTE(SUBSTITUTE($H75," ","")," ","")<>SUBSTITUTE(SUBSTITUTE(INDEX(職員マスタ!$B$6:$B$405,$AN75)," ","")," ","")),"氏名がマスタと相違／","")&IF(AND($Q75<>"",INDEX(職員マスタ!$E$6:$E$405,$AN75)<>"",$Q75<>INDEX(職員マスタ!$E$6:$E$405,$AN75)),"子の生年月日がマスタと相違／","")&IF(AND($L75<>"",INDEX(職員マスタ!$G$6:$G$405,$AN75)<>"",$L75<>INDEX(職員マスタ!$G$6:$G$405,$AN75)),"時短開始日がマスタと相違／","")&IF(AND($M75<>"",INDEX(職員マスタ!$H$6:$H$405,$AN75)<>"",$M75<>INDEX(職員マスタ!$H$6:$H$405,$AN75)),"時短終了日がマスタと相違／","")))&IF(AND($B75<>"",$E75=""),"報酬額が未入力／","")&IF(N($U75)>0,"申請書に入力エラーが残っています／","")&IF(AND($B75<>"",$AO75<>""),IF(COUNTIFS($B$6:$B$3005,$B75,$C$6:$C$3005,$C75,$D$6:$D$3005,$D75)>1,"同じ月の請求が重複しています／",""),"")&IF(AND(N($E75)>0,$Z75<>"",$Z75<>"×",$AC75=0,$AB75=""),"計算額が下限以下のため不支給／","")) | AL75: 保留 通勤⇒支給 | AM75: =IF($AD75="保留中",COUNTIF($AD$6:$AD75,"保留中"),"") | AN75: =IF($AO75="","",IF(SUMPRODUCT(MAX((職員マスタ!$A$6:$A$405=$B75)*(((職員マスタ!$G$6:$G$405="")+(職員マスタ!$G$6:$G$405<=EOMONTH($AO75,0)))>0)*(((職員マスタ!$H$6:$H$405="")+(職員マスタ!$H$6:$H$405>=$AO75))>0)*(ROW(職員マスタ!$A$6:$A$405)-5)))>0,SUMPRODUCT(MAX((職員マスタ!$A$6:$A$405=$B75)*(((職員マスタ!$G$6:$G$405="")+(職員マスタ!$G$6:$G$405<=EOMONTH($AO75,0)))>0)*(((職員マスタ!$H$6:$H$405="")+(職員マスタ!$H$6:$H$405>=$AO75))>0)*(ROW(職員マスタ!$A$6:$A$405)-5))),IFERROR(MATCH($B75,職員マスタ!$A$6:$A$405,0),""))) | AO75: =IF(OR($B75="",$C75="",$D75=""),"",DATE($C75+2018,$D75,1))
B76: 6002976 | C76: 7 | D76: 6 | E76: 220246 | V76: =IF($AN76="",IF($B76="","",$H76),IF(INDEX(職員マスタ!$B$6:$B$405,$AN76)="",$H76,INDEX(職員マスタ!$B$6:$B$405,$AN76))) | W76: =IF($AN76="",IF($B76="","",$R76),IF(INDEX(職員マスタ!$C$6:$C$405,$AN76)="",$R76,INDEX(職員マスタ!$C$6:$C$405,$AN76))) | X76: =IF($AO76="","","R"&$C76&"."&$D76) | Y76: =IF($AN76="","",IF(INDEX(職員マスタ!$K$6:$K$405,$AN76)="","",INDEX(職員マスタ!$K$6:$K$405,$AN76))) | Z76: =IF(OR($E76="",$Y76=""),"",IF($E76>=$Y76,"×",IF($E76>=$Y76*設定!$C$5,"△","○"))) | AA76: =IF($Z76="","",IF($Z76="×",0,IF($Z76="○",ROUNDDOWN($E76*設定!$C$4,0),ROUNDDOWN($E76*ROUND((9*$Y76-9*$E76)/(10*$E76),4),0)))) | AC76: =IF($B76="","",IF($AB76<>"",$AB76,IF($AA76="","",IF($AA76<=設定!$C$3,0,$AA76)))) | AD76: =IF($B76="","",IF(AND($AE76<>"",$AG76="",$AJ76=""),"保留中",IF($AJ76<>"",IF(N($AC76)>0,"支給済","不支給"),IF($AC76="","要確認",IF($AC76=0,"不支給","未処理"))))) | AE76: 通勤手当の確認 | AI76: =IF(AND($AD76="保留中",$AF76<>""),TODAY()-$AF76,"") | AJ76: R7.11 | AK76: =IF($B76="","",IF($AO76="","対象年月が未入力／","")&IF($B76="","",IF($AN76="","職員マスタに未登録の職員番号／",IF($Y76="","標準報酬月額が未登録／","")&IF(AND($AO76<>"",OR(AND(INDEX(職員マスタ!$G$6:$G$405,$AN76)<>"",INDEX(職員マスタ!$G$6:$G$405,$AN76)>EOMONTH($AO76,0)),AND(INDEX(職員マスタ!$H$6:$H$405,$AN76)<>"",INDEX(職員マスタ!$H$6:$H$405,$AN76)<$AO76))),"対象月が時短期間外／","")&IF(AND(INDEX(職員マスタ!$F$6:$F$405,$AN76)<>"",$AO76<>"",INDEX(職員マスタ!$F$6:$F$405,$AN76)<$AO76),"対象月に子が2歳到達済／","")&IF(AND($H76<>"",INDEX(職員マスタ!$B$6:$B$405,$AN76)<>"",SUBSTITUTE(SUBSTITUTE($H76," ","")," ","")<>SUBSTITUTE(SUBSTITUTE(INDEX(職員マスタ!$B$6:$B$405,$AN76)," ","")," ","")),"氏名がマスタと相違／","")&IF(AND($Q76<>"",INDEX(職員マスタ!$E$6:$E$405,$AN76)<>"",$Q76<>INDEX(職員マスタ!$E$6:$E$405,$AN76)),"子の生年月日がマスタと相違／","")&IF(AND($L76<>"",INDEX(職員マスタ!$G$6:$G$405,$AN76)<>"",$L76<>INDEX(職員マスタ!$G$6:$G$405,$AN76)),"時短開始日がマスタと相違／","")&IF(AND($M76<>"",INDEX(職員マスタ!$H$6:$H$405,$AN76)<>"",$M76<>INDEX(職員マスタ!$H$6:$H$405,$AN76)),"時短終了日がマスタと相違／","")))&IF(AND($B76<>"",$E76=""),"報酬額が未入力／","")&IF(N($U76)>0,"申請書に入力エラーが残っています／","")&IF(AND($B76<>"",$AO76<>""),IF(COUNTIFS($B$6:$B$3005,$B76,$C$6:$C$3005,$C76,$D$6:$D$3005,$D76)>1,"同じ月の請求が重複しています／",""),"")&IF(AND(N($E76)>0,$Z76<>"",$Z76<>"×",$AC76=0,$AB76=""),"計算額が下限以下のため不支給／","")) | AL76: 保留 通勤⇒支給 | AM76: =IF($AD76="保留中",COUNTIF($AD$6:$AD76,"保留中"),"") | AN76: =IF($AO76="","",IF(SUMPRODUCT(MAX((職員マスタ!$A$6:$A$405=$B76)*(((職員マスタ!$G$6:$G$405="")+(職員マスタ!$G$6:$G$405<=EOMONTH($AO76,0)))>0)*(((職員マスタ!$H$6:$H$405="")+(職員マスタ!$H$6:$H$405>=$AO76))>0)*(ROW(職員マスタ!$A$6:$A$405)-5)))>0,SUMPRODUCT(MAX((職員マスタ!$A$6:$A$405=$B76)*(((職員マスタ!$G$6:$G$405="")+(職員マスタ!$G$6:$G$405<=EOMONTH($AO76,0)))>0)*(((職員マスタ!$H$6:$H$405="")+(職員マスタ!$H$6:$H$405>=$AO76))>0)*(ROW(職員マスタ!$A$6:$A$405)-5))),IFERROR(MATCH($B76,職員マスタ!$A$6:$A$405,0),""))) | AO76: =IF(OR($B76="",$C76="",$D76=""),"",DATE($C76+2018,$D76,1))
B77: 6002976 | C77: 7 | D77: 7 | E77: 215892 | V77: =IF($AN77="",IF($B77="","",$H77),IF(INDEX(職員マスタ!$B$6:$B$405,$AN77)="",$H77,INDEX(職員マスタ!$B$6:$B$405,$AN77))) | W77: =IF($AN77="",IF($B77="","",$R77),IF(INDEX(職員マスタ!$C$6:$C$405,$AN77)="",$R77,INDEX(職員マスタ!$C$6:$C$405,$AN77))) | X77: =IF($AO77="","","R"&$C77&"."&$D77) | Y77: =IF($AN77="","",IF(INDEX(職員マスタ!$K$6:$K$405,$AN77)="","",INDEX(職員マスタ!$K$6:$K$405,$AN77))) | Z77: =IF(OR($E77="",$Y77=""),"",IF($E77>=$Y77,"×",IF($E77>=$Y77*設定!$C$5,"△","○"))) | AA77: =IF($Z77="","",IF($Z77="×",0,IF($Z77="○",ROUNDDOWN($E77*設定!$C$4,0),ROUNDDOWN($E77*ROUND((9*$Y77-9*$E77)/(10*$E77),4),0)))) | AC77: =IF($B77="","",IF($AB77<>"",$AB77,IF($AA77="","",IF($AA77<=設定!$C$3,0,$AA77)))) | AD77: =IF($B77="","",IF(AND($AE77<>"",$AG77="",$AJ77=""),"保留中",IF($AJ77<>"",IF(N($AC77)>0,"支給済","不支給"),IF($AC77="","要確認",IF($AC77=0,"不支給","未処理"))))) | AI77: =IF(AND($AD77="保留中",$AF77<>""),TODAY()-$AF77,"") | AJ77: R7.9 | AK77: =IF($B77="","",IF($AO77="","対象年月が未入力／","")&IF($B77="","",IF($AN77="","職員マスタに未登録の職員番号／",IF($Y77="","標準報酬月額が未登録／","")&IF(AND($AO77<>"",OR(AND(INDEX(職員マスタ!$G$6:$G$405,$AN77)<>"",INDEX(職員マスタ!$G$6:$G$405,$AN77)>EOMONTH($AO77,0)),AND(INDEX(職員マスタ!$H$6:$H$405,$AN77)<>"",INDEX(職員マスタ!$H$6:$H$405,$AN77)<$AO77))),"対象月が時短期間外／","")&IF(AND(INDEX(職員マスタ!$F$6:$F$405,$AN77)<>"",$AO77<>"",INDEX(職員マスタ!$F$6:$F$405,$AN77)<$AO77),"対象月に子が2歳到達済／","")&IF(AND($H77<>"",INDEX(職員マスタ!$B$6:$B$405,$AN77)<>"",SUBSTITUTE(SUBSTITUTE($H77," ","")," ","")<>SUBSTITUTE(SUBSTITUTE(INDEX(職員マスタ!$B$6:$B$405,$AN77)," ","")," ","")),"氏名がマスタと相違／","")&IF(AND($Q77<>"",INDEX(職員マスタ!$E$6:$E$405,$AN77)<>"",$Q77<>INDEX(職員マスタ!$E$6:$E$405,$AN77)),"子の生年月日がマスタと相違／","")&IF(AND($L77<>"",INDEX(職員マスタ!$G$6:$G$405,$AN77)<>"",$L77<>INDEX(職員マスタ!$G$6:$G$405,$AN77)),"時短開始日がマスタと相違／","")&IF(AND($M77<>"",INDEX(職員マスタ!$H$6:$H$405,$AN77)<>"",$M77<>INDEX(職員マスタ!$H$6:$H$405,$AN77)),"時短終了日がマスタと相違／","")))&IF(AND($B77<>"",$E77=""),"報酬額が未入力／","")&IF(N($U77)>0,"申請書に入力エラーが残っています／","")&IF(AND($B77<>"",$AO77<>""),IF(COUNTIFS($B$6:$B$3005,$B77,$C$6:$C$3005,$C77,$D$6:$D$3005,$D77)>1,"同じ月の請求が重複しています／",""),"")&IF(AND(N($E77)>0,$Z77<>"",$Z77<>"×",$AC77=0,$AB77=""),"計算額が下限以下のため不支給／","")) | AM77: =IF($AD77="保留中",COUNTIF($AD$6:$AD77,"保留中"),"") | AN77: =IF($AO77="","",IF(SUMPRODUCT(MAX((職員マスタ!$A$6:$A$405=$B77)*(((職員マスタ!$G$6:$G$405="")+(職員マスタ!$G$6:$G$405<=EOMONTH($AO77,0)))>0)*(((職員マスタ!$H$6:$H$405="")+(職員マスタ!$H$6:$H$405>=$AO77))>0)*(ROW(職員マスタ!$A$6:$A$405)-5)))>0,SUMPRODUCT(MAX((職員マスタ!$A$6:$A$405=$B77)*(((職員マスタ!$G$6:$G$405="")+(職員マスタ!$G$6:$G$405<=EOMONTH($AO77,0)))>0)*(((職員マスタ!$H$6:$H$405="")+(職員マスタ!$H$6:$H$405>=$AO77))>0)*(ROW(職員マスタ!$A$6:$A$405)-5))),IFERROR(MATCH($B77,職員マスタ!$A$6:$A$405,0),""))) | AO77: =IF(OR($B77="",$C77="",$D77=""),"",DATE($C77+2018,$D77,1))
B78: 6002976 | C78: 7 | D78: 8 | E78: 211538 | V78: =IF($AN78="",IF($B78="","",$H78),IF(INDEX(職員マスタ!$B$6:$B$405,$AN78)="",$H78,INDEX(職員マスタ!$B$6:$B$405,$AN78))) | W78: =IF($AN78="",IF($B78="","",$R78),IF(INDEX(職員マスタ!$C$6:$C$405,$AN78)="",$R78,INDEX(職員マスタ!$C$6:$C$405,$AN78))) | X78: =IF($AO78="","","R"&$C78&"."&$D78) | Y78: =IF($AN78="","",IF(INDEX(職員マスタ!$K$6:$K$405,$AN78)="","",INDEX(職員マスタ!$K$6:$K$405,$AN78))) | Z78: =IF(OR($E78="",$Y78=""),"",IF($E78>=$Y78,"×",IF($E78>=$Y78*設定!$C$5,"△","○"))) | AA78: =IF($Z78="","",IF($Z78="×",0,IF($Z78="○",ROUNDDOWN($E78*設定!$C$4,0),ROUNDDOWN($E78*ROUND((9*$Y78-9*$E78)/(10*$E78),4),0)))) | AC78: =IF($B78="","",IF($AB78<>"",$AB78,IF($AA78="","",IF($AA78<=設定!$C$3,0,$AA78)))) | AD78: =IF($B78="","",IF(AND($AE78<>"",$AG78="",$AJ78=""),"保留中",IF($AJ78<>"",IF(N($AC78)>0,"支給済","不支給"),IF($AC78="","要確認",IF($AC78=0,"不支給","未処理"))))) | AI78: =IF(AND($AD78="保留中",$AF78<>""),TODAY()-$AF78,"") | AJ78: R7.10 | AK78: =IF($B78="","",IF($AO78="","対象年月が未入力／","")&IF($B78="","",IF($AN78="","職員マスタに未登録の職員番号／",IF($Y78="","標準報酬月額が未登録／","")&IF(AND($AO78<>"",OR(AND(INDEX(職員マスタ!$G$6:$G$405,$AN78)<>"",INDEX(職員マスタ!$G$6:$G$405,$AN78)>EOMONTH($AO78,0)),AND(INDEX(職員マスタ!$H$6:$H$405,$AN78)<>"",INDEX(職員マスタ!$H$6:$H$405,$AN78)<$AO78))),"対象月が時短期間外／","")&IF(AND(INDEX(職員マスタ!$F$6:$F$405,$AN78)<>"",$AO78<>"",INDEX(職員マスタ!$F$6:$F$405,$AN78)<$AO78),"対象月に子が2歳到達済／","")&IF(AND($H78<>"",INDEX(職員マスタ!$B$6:$B$405,$AN78)<>"",SUBSTITUTE(SUBSTITUTE($H78," ","")," ","")<>SUBSTITUTE(SUBSTITUTE(INDEX(職員マスタ!$B$6:$B$405,$AN78)," ","")," ","")),"氏名がマスタと相違／","")&IF(AND($Q78<>"",INDEX(職員マスタ!$E$6:$E$405,$AN78)<>"",$Q78<>INDEX(職員マスタ!$E$6:$E$405,$AN78)),"子の生年月日がマスタと相違／","")&IF(AND($L78<>"",INDEX(職員マスタ!$G$6:$G$405,$AN78)<>"",$L78<>INDEX(職員マスタ!$G$6:$G$405,$AN78)),"時短開始日がマスタと相違／","")&IF(AND($M78<>"",INDEX(職員マスタ!$H$6:$H$405,$AN78)<>"",$M78<>INDEX(職員マスタ!$H$6:$H$405,$AN78)),"時短終了日がマスタと相違／","")))&IF(AND($B78<>"",$E78=""),"報酬額が未入力／","")&IF(N($U78)>0,"申請書に入力エラーが残っています／","")&IF(AND($B78<>"",$AO78<>""),IF(COUNTIFS($B$6:$B$3005,$B78,$C$6:$C$3005,$C78,$D$6:$D$3005,$D78)>1,"同じ月の請求が重複しています／",""),"")&IF(AND(N($E78)>0,$Z78<>"",$Z78<>"×",$AC78=0,$AB78=""),"計算額が下限以下のため不支給／","")) | AM78: =IF($AD78="保留中",COUNTIF($AD$6:$AD78,"保留中"),"") | AN78: =IF($AO78="","",IF(SUMPRODUCT(MAX((職員マスタ!$A$6:$A$405=$B78)*(((職員マスタ!$G$6:$G$405="")+(職員マスタ!$G$6:$G$405<=EOMONTH($AO78,0)))>0)*(((職員マスタ!$H$6:$H$405="")+(職員マスタ!$H$6:$H$405>=$AO78))>0)*(ROW(職員マスタ!$A$6:$A$405)-5)))>0,SUMPRODUCT(MAX((職員マスタ!$A$6:$A$405=$B78)*(((職員マスタ!$G$6:$G$405="")+(職員マスタ!$G$6:$G$405<=EOMONTH($AO78,0)))>0)*(((職員マスタ!$H$6:$H$405="")+(職員マスタ!$H$6:$H$405>=$AO78))>0)*(ROW(職員マスタ!$A$6:$A$405)-5))),IFERROR(MATCH($B78,職員マスタ!$A$6:$A$405,0),""))) | AO78: =IF(OR($B78="",$C78="",$D78=""),"",DATE($C78+2018,$D78,1))
B79: 6002976 | C79: 7 | D79: 9 | E79: 215892 | V79: =IF($AN79="",IF($B79="","",$H79),IF(INDEX(職員マスタ!$B$6:$B$405,$AN79)="",$H79,INDEX(職員マスタ!$B$6:$B$405,$AN79))) | W79: =IF($AN79="",IF($B79="","",$R79),IF(INDEX(職員マスタ!$C$6:$C$405,$AN79)="",$R79,INDEX(職員マスタ!$C$6:$C$405,$AN79))) | X79: =IF($AO79="","","R"&$C79&"."&$D79) | Y79: =IF($AN79="","",IF(INDEX(職員マスタ!$K$6:$K$405,$AN79)="","",INDEX(職員マスタ!$K$6:$K$405,$AN79))) | Z79: =IF(OR($E79="",$Y79=""),"",IF($E79>=$Y79,"×",IF($E79>=$Y79*設定!$C$5,"△","○"))) | AA79: =IF($Z79="","",IF($Z79="×",0,IF($Z79="○",ROUNDDOWN($E79*設定!$C$4,0),ROUNDDOWN($E79*ROUND((9*$Y79-9*$E79)/(10*$E79),4),0)))) | AC79: =IF($B79="","",IF($AB79<>"",$AB79,IF($AA79="","",IF($AA79<=設定!$C$3,0,$AA79)))) | AD79: =IF($B79="","",IF(AND($AE79<>"",$AG79="",$AJ79=""),"保留中",IF($AJ79<>"",IF(N($AC79)>0,"支給済","不支給"),IF($AC79="","要確認",IF($AC79=0,"不支給","未処理"))))) | AI79: =IF(AND($AD79="保留中",$AF79<>""),TODAY()-$AF79,"") | AJ79: R7.11 | AK79: =IF($B79="","",IF($AO79="","対象年月が未入力／","")&IF($B79="","",IF($AN79="","職員マスタに未登録の職員番号／",IF($Y79="","標準報酬月額が未登録／","")&IF(AND($AO79<>"",OR(AND(INDEX(職員マスタ!$G$6:$G$405,$AN79)<>"",INDEX(職員マスタ!$G$6:$G$405,$AN79)>EOMONTH($AO79,0)),AND(INDEX(職員マスタ!$H$6:$H$405,$AN79)<>"",INDEX(職員マスタ!$H$6:$H$405,$AN79)<$AO79))),"対象月が時短期間外／","")&IF(AND(INDEX(職員マスタ!$F$6:$F$405,$AN79)<>"",$AO79<>"",INDEX(職員マスタ!$F$6:$F$405,$AN79)<$AO79),"対象月に子が2歳到達済／","")&IF(AND($H79<>"",INDEX(職員マスタ!$B$6:$B$405,$AN79)<>"",SUBSTITUTE(SUBSTITUTE($H79," ","")," ","")<>SUBSTITUTE(SUBSTITUTE(INDEX(職員マスタ!$B$6:$B$405,$AN79)," ","")," ","")),"氏名がマスタと相違／","")&IF(AND($Q79<>"",INDEX(職員マスタ!$E$6:$E$405,$AN79)<>"",$Q79<>INDEX(職員マスタ!$E$6:$E$405,$AN79)),"子の生年月日がマスタと相違／","")&IF(AND($L79<>"",INDEX(職員マスタ!$G$6:$G$405,$AN79)<>"",$L79<>INDEX(職員マスタ!$G$6:$G$405,$AN79)),"時短開始日がマスタと相違／","")&IF(AND($M79<>"",INDEX(職員マスタ!$H$6:$H$405,$AN79)<>"",$M79<>INDEX(職員マスタ!$H$6:$H$405,$AN79)),"時短終了日がマスタと相違／","")))&IF(AND($B79<>"",$E79=""),"報酬額が未入力／","")&IF(N($U79)>0,"申請書に入力エラーが残っています／","")&IF(AND($B79<>"",$AO79<>""),IF(COUNTIFS($B$6:$B$3005,$B79,$C$6:$C$3005,$C79,$D$6:$D$3005,$D79)>1,"同じ月の請求が重複しています／",""),"")&IF(AND(N($E79)>0,$Z79<>"",$Z79<>"×",$AC79=0,$AB79=""),"計算額が下限以下のため不支給／","")) | AM79: =IF($AD79="保留中",COUNTIF($AD$6:$AD79,"保留中"),"") | AN79: =IF($AO79="","",IF(SUMPRODUCT(MAX((職員マスタ!$A$6:$A$405=$B79)*(((職員マスタ!$G$6:$G$405="")+(職員マスタ!$G$6:$G$405<=EOMONTH($AO79,0)))>0)*(((職員マスタ!$H$6:$H$405="")+(職員マスタ!$H$6:$H$405>=$AO79))>0)*(ROW(職員マスタ!$A$6:$A$405)-5)))>0,SUMPRODUCT(MAX((職員マスタ!$A$6:$A$405=$B79)*(((職員マスタ!$G$6:$G$405="")+(職員マスタ!$G$6:$G$405<=EOMONTH($AO79,0)))>0)*(((職員マスタ!$H$6:$H$405="")+(職員マスタ!$H$6:$H$405>=$AO79))>0)*(ROW(職員マスタ!$A$6:$A$405)-5))),IFERROR(MATCH($B79,職員マスタ!$A$6:$A$405,0),""))) | AO79: =IF(OR($B79="",$C79="",$D79=""),"",DATE($C79+2018,$D79,1))
B80: 6002976 | C80: 7 | D80: 10 | E80: 215892 | V80: =IF($AN80="",IF($B80="","",$H80),IF(INDEX(職員マスタ!$B$6:$B$405,$AN80)="",$H80,INDEX(職員マスタ!$B$6:$B$405,$AN80))) | W80: =IF($AN80="",IF($B80="","",$R80),IF(INDEX(職員マスタ!$C$6:$C$405,$AN80)="",$R80,INDEX(職員マスタ!$C$6:$C$405,$AN80))) | X80: =IF($AO80="","","R"&$C80&"."&$D80) | Y80: =IF($AN80="","",IF(INDEX(職員マスタ!$K$6:$K$405,$AN80)="","",INDEX(職員マスタ!$K$6:$K$405,$AN80))) | Z80: =IF(OR($E80="",$Y80=""),"",IF($E80>=$Y80,"×",IF($E80>=$Y80*設定!$C$5,"△","○"))) | AA80: =IF($Z80="","",IF($Z80="×",0,IF($Z80="○",ROUNDDOWN($E80*設定!$C$4,0),ROUNDDOWN($E80*ROUND((9*$Y80-9*$E80)/(10*$E80),4),0)))) | AC80: =IF($B80="","",IF($AB80<>"",$AB80,IF($AA80="","",IF($AA80<=設定!$C$3,0,$AA80)))) | AD80: =IF($B80="","",IF(AND($AE80<>"",$AG80="",$AJ80=""),"保留中",IF($AJ80<>"",IF(N($AC80)>0,"支給済","不支給"),IF($AC80="","要確認",IF($AC80=0,"不支給","未処理"))))) | AI80: =IF(AND($AD80="保留中",$AF80<>""),TODAY()-$AF80,"") | AJ80: R7.12 | AK80: =IF($B80="","",IF($AO80="","対象年月が未入力／","")&IF($B80="","",IF($AN80="","職員マスタに未登録の職員番号／",IF($Y80="","標準報酬月額が未登録／","")&IF(AND($AO80<>"",OR(AND(INDEX(職員マスタ!$G$6:$G$405,$AN80)<>"",INDEX(職員マスタ!$G$6:$G$405,$AN80)>EOMONTH($AO80,0)),AND(INDEX(職員マスタ!$H$6:$H$405,$AN80)<>"",INDEX(職員マスタ!$H$6:$H$405,$AN80)<$AO80))),"対象月が時短期間外／","")&IF(AND(INDEX(職員マスタ!$F$6:$F$405,$AN80)<>"",$AO80<>"",INDEX(職員マスタ!$F$6:$F$405,$AN80)<$AO80),"対象月に子が2歳到達済／","")&IF(AND($H80<>"",INDEX(職員マスタ!$B$6:$B$405,$AN80)<>"",SUBSTITUTE(SUBSTITUTE($H80," ","")," ","")<>SUBSTITUTE(SUBSTITUTE(INDEX(職員マスタ!$B$6:$B$405,$AN80)," ","")," ","")),"氏名がマスタと相違／","")&IF(AND($Q80<>"",INDEX(職員マスタ!$E$6:$E$405,$AN80)<>"",$Q80<>INDEX(職員マスタ!$E$6:$E$405,$AN80)),"子の生年月日がマスタと相違／","")&IF(AND($L80<>"",INDEX(職員マスタ!$G$6:$G$405,$AN80)<>"",$L80<>INDEX(職員マスタ!$G$6:$G$405,$AN80)),"時短開始日がマスタと相違／","")&IF(AND($M80<>"",INDEX(職員マスタ!$H$6:$H$405,$AN80)<>"",$M80<>INDEX(職員マスタ!$H$6:$H$405,$AN80)),"時短終了日がマスタと相違／","")))&IF(AND($B80<>"",$E80=""),"報酬額が未入力／","")&IF(N($U80)>0,"申請書に入力エラーが残っています／","")&IF(AND($B80<>"",$AO80<>""),IF(COUNTIFS($B$6:$B$3005,$B80,$C$6:$C$3005,$C80,$D$6:$D$3005,$D80)>1,"同じ月の請求が重複しています／",""),"")&IF(AND(N($E80)>0,$Z80<>"",$Z80<>"×",$AC80=0,$AB80=""),"計算額が下限以下のため不支給／","")) | AM80: =IF($AD80="保留中",COUNTIF($AD$6:$AD80,"保留中"),"") | AN80: =IF($AO80="","",IF(SUMPRODUCT(MAX((職員マスタ!$A$6:$A$405=$B80)*(((職員マスタ!$G$6:$G$405="")+(職員マスタ!$G$6:$G$405<=EOMONTH($AO80,0)))>0)*(((職員マスタ!$H$6:$H$405="")+(職員マスタ!$H$6:$H$405>=$AO80))>0)*(ROW(職員マスタ!$A$6:$A$405)-5)))>0,SUMPRODUCT(MAX((職員マスタ!$A$6:$A$405=$B80)*(((職員マスタ!$G$6:$G$405="")+(職員マスタ!$G$6:$G$405<=EOMONTH($AO80,0)))>0)*(((職員マスタ!$H$6:$H$405="")+(職員マスタ!$H$6:$H$405>=$AO80))>0)*(ROW(職員マスタ!$A$6:$A$405)-5))),IFERROR(MATCH($B80,職員マスタ!$A$6:$A$405,0),""))) | AO80: =IF(OR($B80="",$C80="",$D80=""),"",DATE($C80+2018,$D80,1))
B81: 6002976 | C81: 7 | D81: 11 | E81: 215892 | V81: =IF($AN81="",IF($B81="","",$H81),IF(INDEX(職員マスタ!$B$6:$B$405,$AN81)="",$H81,INDEX(職員マスタ!$B$6:$B$405,$AN81))) | W81: =IF($AN81="",IF($B81="","",$R81),IF(INDEX(職員マスタ!$C$6:$C$405,$AN81)="",$R81,INDEX(職員マスタ!$C$6:$C$405,$AN81))) | X81: =IF($AO81="","","R"&$C81&"."&$D81) | Y81: =IF($AN81="","",IF(INDEX(職員マスタ!$K$6:$K$405,$AN81)="","",INDEX(職員マスタ!$K$6:$K$405,$AN81))) | Z81: =IF(OR($E81="",$Y81=""),"",IF($E81>=$Y81,"×",IF($E81>=$Y81*設定!$C$5,"△","○"))) | AA81: =IF($Z81="","",IF($Z81="×",0,IF($Z81="○",ROUNDDOWN($E81*設定!$C$4,0),ROUNDDOWN($E81*ROUND((9*$Y81-9*$E81)/(10*$E81),4),0)))) | AC81: =IF($B81="","",IF($AB81<>"",$AB81,IF($AA81="","",IF($AA81<=設定!$C$3,0,$AA81)))) | AD81: =IF($B81="","",IF(AND($AE81<>"",$AG81="",$AJ81=""),"保留中",IF($AJ81<>"",IF(N($AC81)>0,"支給済","不支給"),IF($AC81="","要確認",IF($AC81=0,"不支給","未処理"))))) | AI81: =IF(AND($AD81="保留中",$AF81<>""),TODAY()-$AF81,"") | AJ81: R8.1 | AK81: =IF($B81="","",IF($AO81="","対象年月が未入力／","")&IF($B81="","",IF($AN81="","職員マスタに未登録の職員番号／",IF($Y81="","標準報酬月額が未登録／","")&IF(AND($AO81<>"",OR(AND(INDEX(職員マスタ!$G$6:$G$405,$AN81)<>"",INDEX(職員マスタ!$G$6:$G$405,$AN81)>EOMONTH($AO81,0)),AND(INDEX(職員マスタ!$H$6:$H$405,$AN81)<>"",INDEX(職員マスタ!$H$6:$H$405,$AN81)<$AO81))),"対象月が時短期間外／","")&IF(AND(INDEX(職員マスタ!$F$6:$F$405,$AN81)<>"",$AO81<>"",INDEX(職員マスタ!$F$6:$F$405,$AN81)<$AO81),"対象月に子が2歳到達済／","")&IF(AND($H81<>"",INDEX(職員マスタ!$B$6:$B$405,$AN81)<>"",SUBSTITUTE(SUBSTITUTE($H81," ","")," ","")<>SUBSTITUTE(SUBSTITUTE(INDEX(職員マスタ!$B$6:$B$405,$AN81)," ","")," ","")),"氏名がマスタと相違／","")&IF(AND($Q81<>"",INDEX(職員マスタ!$E$6:$E$405,$AN81)<>"",$Q81<>INDEX(職員マスタ!$E$6:$E$405,$AN81)),"子の生年月日がマスタと相違／","")&IF(AND($L81<>"",INDEX(職員マスタ!$G$6:$G$405,$AN81)<>"",$L81<>INDEX(職員マスタ!$G$6:$G$405,$AN81)),"時短開始日がマスタと相違／","")&IF(AND($M81<>"",INDEX(職員マスタ!$H$6:$H$405,$AN81)<>"",$M81<>INDEX(職員マスタ!$H$6:$H$405,$AN81)),"時短終了日がマスタと相違／","")))&IF(AND($B81<>"",$E81=""),"報酬額が未入力／","")&IF(N($U81)>0,"申請書に入力エラーが残っています／","")&IF(AND($B81<>"",$AO81<>""),IF(COUNTIFS($B$6:$B$3005,$B81,$C$6:$C$3005,$C81,$D$6:$D$3005,$D81)>1,"同じ月の請求が重複しています／",""),"")&IF(AND(N($E81)>0,$Z81<>"",$Z81<>"×",$AC81=0,$AB81=""),"計算額が下限以下のため不支給／","")) | AM81: =IF($AD81="保留中",COUNTIF($AD$6:$AD81,"保留中"),"") | AN81: =IF($AO81="","",IF(SUMPRODUCT(MAX((職員マスタ!$A$6:$A$405=$B81)*(((職員マスタ!$G$6:$G$405="")+(職員マスタ!$G$6:$G$405<=EOMONTH($AO81,0)))>0)*(((職員マスタ!$H$6:$H$405="")+(職員マスタ!$H$6:$H$405>=$AO81))>0)*(ROW(職員マスタ!$A$6:$A$405)-5)))>0,SUMPRODUCT(MAX((職員マスタ!$A$6:$A$405=$B81)*(((職員マスタ!$G$6:$G$405="")+(職員マスタ!$G$6:$G$405<=EOMONTH($AO81,0)))>0)*(((職員マスタ!$H$6:$H$405="")+(職員マスタ!$H$6:$H$405>=$AO81))>0)*(ROW(職員マスタ!$A$6:$A$405)-5))),IFERROR(MATCH($B81,職員マスタ!$A$6:$A$405,0),""))) | AO81: =IF(OR($B81="",$C81="",$D81=""),"",DATE($C81+2018,$D81,1))
B82: 6002976 | C82: 7 | D82: 12 | E82: 229409 | V82: =IF($AN82="",IF($B82="","",$H82),IF(INDEX(職員マスタ!$B$6:$B$405,$AN82)="",$H82,INDEX(職員マスタ!$B$6:$B$405,$AN82))) | W82: =IF($AN82="",IF($B82="","",$R82),IF(INDEX(職員マスタ!$C$6:$C$405,$AN82)="",$R82,INDEX(職員マスタ!$C$6:$C$405,$AN82))) | X82: =IF($AO82="","","R"&$C82&"."&$D82) | Y82: =IF($AN82="","",IF(INDEX(職員マスタ!$K$6:$K$405,$AN82)="","",INDEX(職員マスタ!$K$6:$K$405,$AN82))) | Z82: =IF(OR($E82="",$Y82=""),"",IF($E82>=$Y82,"×",IF($E82>=$Y82*設定!$C$5,"△","○"))) | AA82: =IF($Z82="","",IF($Z82="×",0,IF($Z82="○",ROUNDDOWN($E82*設定!$C$4,0),ROUNDDOWN($E82*ROUND((9*$Y82-9*$E82)/(10*$E82),4),0)))) | AC82: =IF($B82="","",IF($AB82<>"",$AB82,IF($AA82="","",IF($AA82<=設定!$C$3,0,$AA82)))) | AD82: =IF($B82="","",IF(AND($AE82<>"",$AG82="",$AJ82=""),"保留中",IF($AJ82<>"",IF(N($AC82)>0,"支給済","不支給"),IF($AC82="","要確認",IF($AC82=0,"不支給","未処理"))))) | AI82: =IF(AND($AD82="保留中",$AF82<>""),TODAY()-$AF82,"") | AJ82: R8.2 | AK82: =IF($B82="","",IF($AO82="","対象年月が未入力／","")&IF($B82="","",IF($AN82="","職員マスタに未登録の職員番号／",IF($Y82="","標準報酬月額が未登録／","")&IF(AND($AO82<>"",OR(AND(INDEX(職員マスタ!$G$6:$G$405,$AN82)<>"",INDEX(職員マスタ!$G$6:$G$405,$AN82)>EOMONTH($AO82,0)),AND(INDEX(職員マスタ!$H$6:$H$405,$AN82)<>"",INDEX(職員マスタ!$H$6:$H$405,$AN82)<$AO82))),"対象月が時短期間外／","")&IF(AND(INDEX(職員マスタ!$F$6:$F$405,$AN82)<>"",$AO82<>"",INDEX(職員マスタ!$F$6:$F$405,$AN82)<$AO82),"対象月に子が2歳到達済／","")&IF(AND($H82<>"",INDEX(職員マスタ!$B$6:$B$405,$AN82)<>"",SUBSTITUTE(SUBSTITUTE($H82," ","")," ","")<>SUBSTITUTE(SUBSTITUTE(INDEX(職員マスタ!$B$6:$B$405,$AN82)," ","")," ","")),"氏名がマスタと相違／","")&IF(AND($Q82<>"",INDEX(職員マスタ!$E$6:$E$405,$AN82)<>"",$Q82<>INDEX(職員マスタ!$E$6:$E$405,$AN82)),"子の生年月日がマスタと相違／","")&IF(AND($L82<>"",INDEX(職員マスタ!$G$6:$G$405,$AN82)<>"",$L82<>INDEX(職員マスタ!$G$6:$G$405,$AN82)),"時短開始日がマスタと相違／","")&IF(AND($M82<>"",INDEX(職員マスタ!$H$6:$H$405,$AN82)<>"",$M82<>INDEX(職員マスタ!$H$6:$H$405,$AN82)),"時短終了日がマスタと相違／","")))&IF(AND($B82<>"",$E82=""),"報酬額が未入力／","")&IF(N($U82)>0,"申請書に入力エラーが残っています／","")&IF(AND($B82<>"",$AO82<>""),IF(COUNTIFS($B$6:$B$3005,$B82,$C$6:$C$3005,$C82,$D$6:$D$3005,$D82)>1,"同じ月の請求が重複しています／",""),"")&IF(AND(N($E82)>0,$Z82<>"",$Z82<>"×",$AC82=0,$AB82=""),"計算額が下限以下のため不支給／","")) | AM82: =IF($AD82="保留中",COUNTIF($AD$6:$AD82,"保留中"),"") | AN82: =IF($AO82="","",IF(SUMPRODUCT(MAX((職員マスタ!$A$6:$A$405=$B82)*(((職員マスタ!$G$6:$G$405="")+(職員マスタ!$G$6:$G$405<=EOMONTH($AO82,0)))>0)*(((職員マスタ!$H$6:$H$405="")+(職員マスタ!$H$6:$H$405>=$AO82))>0)*(ROW(職員マスタ!$A$6:$A$405)-5)))>0,SUMPRODUCT(MAX((職員マスタ!$A$6:$A$405=$B82)*(((職員マスタ!$G$6:$G$405="")+(職員マスタ!$G$6:$G$405<=EOMONTH($AO82,0)))>0)*(((職員マスタ!$H$6:$H$405="")+(職員マスタ!$H$6:$H$405>=$AO82))>0)*(ROW(職員マスタ!$A$6:$A$405)-5))),IFERROR(MATCH($B82,職員マスタ!$A$6:$A$405,0),""))) | AO82: =IF(OR($B82="",$C82="",$D82=""),"",DATE($C82+2018,$D82,1))
B83: 6002976 | C83: 8 | D83: 1 | E83: 218819 | V83: =IF($AN83="",IF($B83="","",$H83),IF(INDEX(職員マスタ!$B$6:$B$405,$AN83)="",$H83,INDEX(職員マスタ!$B$6:$B$405,$AN83))) | W83: =IF($AN83="",IF($B83="","",$R83),IF(INDEX(職員マスタ!$C$6:$C$405,$AN83)="",$R83,INDEX(職員マスタ!$C$6:$C$405,$AN83))) | X83: =IF($AO83="","","R"&$C83&"."&$D83) | Y83: =IF($AN83="","",IF(INDEX(職員マスタ!$K$6:$K$405,$AN83)="","",INDEX(職員マスタ!$K$6:$K$405,$AN83))) | Z83: =IF(OR($E83="",$Y83=""),"",IF($E83>=$Y83,"×",IF($E83>=$Y83*設定!$C$5,"△","○"))) | AA83: =IF($Z83="","",IF($Z83="×",0,IF($Z83="○",ROUNDDOWN($E83*設定!$C$4,0),ROUNDDOWN($E83*ROUND((9*$Y83-9*$E83)/(10*$E83),4),0)))) | AC83: =IF($B83="","",IF($AB83<>"",$AB83,IF($AA83="","",IF($AA83<=設定!$C$3,0,$AA83)))) | AD83: =IF($B83="","",IF(AND($AE83<>"",$AG83="",$AJ83=""),"保留中",IF($AJ83<>"",IF(N($AC83)>0,"支給済","不支給"),IF($AC83="","要確認",IF($AC83=0,"不支給","未処理"))))) | AI83: =IF(AND($AD83="保留中",$AF83<>""),TODAY()-$AF83,"") | AJ83: R8.3 | AK83: =IF($B83="","",IF($AO83="","対象年月が未入力／","")&IF($B83="","",IF($AN83="","職員マスタに未登録の職員番号／",IF($Y83="","標準報酬月額が未登録／","")&IF(AND($AO83<>"",OR(AND(INDEX(職員マスタ!$G$6:$G$405,$AN83)<>"",INDEX(職員マスタ!$G$6:$G$405,$AN83)>EOMONTH($AO83,0)),AND(INDEX(職員マスタ!$H$6:$H$405,$AN83)<>"",INDEX(職員マスタ!$H$6:$H$405,$AN83)<$AO83))),"対象月が時短期間外／","")&IF(AND(INDEX(職員マスタ!$F$6:$F$405,$AN83)<>"",$AO83<>"",INDEX(職員マスタ!$F$6:$F$405,$AN83)<$AO83),"対象月に子が2歳到達済／","")&IF(AND($H83<>"",INDEX(職員マスタ!$B$6:$B$405,$AN83)<>"",SUBSTITUTE(SUBSTITUTE($H83," ","")," ","")<>SUBSTITUTE(SUBSTITUTE(INDEX(職員マスタ!$B$6:$B$405,$AN83)," ","")," ","")),"氏名がマスタと相違／","")&IF(AND($Q83<>"",INDEX(職員マスタ!$E$6:$E$405,$AN83)<>"",$Q83<>INDEX(職員マスタ!$E$6:$E$405,$AN83)),"子の生年月日がマスタと相違／","")&IF(AND($L83<>"",INDEX(職員マスタ!$G$6:$G$405,$AN83)<>"",$L83<>INDEX(職員マスタ!$G$6:$G$405,$AN83)),"時短開始日がマスタと相違／","")&IF(AND($M83<>"",INDEX(職員マスタ!$H$6:$H$405,$AN83)<>"",$M83<>INDEX(職員マスタ!$H$6:$H$405,$AN83)),"時短終了日がマスタと相違／","")))&IF(AND($B83<>"",$E83=""),"報酬額が未入力／","")&IF(N($U83)>0,"申請書に入力エラーが残っています／","")&IF(AND($B83<>"",$AO83<>""),IF(COUNTIFS($B$6:$B$3005,$B83,$C$6:$C$3005,$C83,$D$6:$D$3005,$D83)>1,"同じ月の請求が重複しています／",""),"")&IF(AND(N($E83)>0,$Z83<>"",$Z83<>"×",$AC83=0,$AB83=""),"計算額が下限以下のため不支給／","")) | AM83: =IF($AD83="保留中",COUNTIF($AD$6:$AD83,"保留中"),"") | AN83: =IF($AO83="","",IF(SUMPRODUCT(MAX((職員マスタ!$A$6:$A$405=$B83)*(((職員マスタ!$G$6:$G$405="")+(職員マスタ!$G$6:$G$405<=EOMONTH($AO83,0)))>0)*(((職員マスタ!$H$6:$H$405="")+(職員マスタ!$H$6:$H$405>=$AO83))>0)*(ROW(職員マスタ!$A$6:$A$405)-5)))>0,SUMPRODUCT(MAX((職員マスタ!$A$6:$A$405=$B83)*(((職員マスタ!$G$6:$G$405="")+(職員マスタ!$G$6:$G$405<=EOMONTH($AO83,0)))>0)*(((職員マスタ!$H$6:$H$405="")+(職員マスタ!$H$6:$H$405>=$AO83))>0)*(ROW(職員マスタ!$A$6:$A$405)-5))),IFERROR(MATCH($B83,職員マスタ!$A$6:$A$405,0),""))) | AO83: =IF(OR($B83="",$C83="",$D83=""),"",DATE($C83+2018,$D83,1))
B84: 6002976 | C84: 8 | D84: 2 | E84: 223325 | V84: =IF($AN84="",IF($B84="","",$H84),IF(INDEX(職員マスタ!$B$6:$B$405,$AN84)="",$H84,INDEX(職員マスタ!$B$6:$B$405,$AN84))) | W84: =IF($AN84="",IF($B84="","",$R84),IF(INDEX(職員マスタ!$C$6:$C$405,$AN84)="",$R84,INDEX(職員マスタ!$C$6:$C$405,$AN84))) | X84: =IF($AO84="","","R"&$C84&"."&$D84) | Y84: =IF($AN84="","",IF(INDEX(職員マスタ!$K$6:$K$405,$AN84)="","",INDEX(職員マスタ!$K$6:$K$405,$AN84))) | Z84: =IF(OR($E84="",$Y84=""),"",IF($E84>=$Y84,"×",IF($E84>=$Y84*設定!$C$5,"△","○"))) | AA84: =IF($Z84="","",IF($Z84="×",0,IF($Z84="○",ROUNDDOWN($E84*設定!$C$4,0),ROUNDDOWN($E84*ROUND((9*$Y84-9*$E84)/(10*$E84),4),0)))) | AC84: =IF($B84="","",IF($AB84<>"",$AB84,IF($AA84="","",IF($AA84<=設定!$C$3,0,$AA84)))) | AD84: =IF($B84="","",IF(AND($AE84<>"",$AG84="",$AJ84=""),"保留中",IF($AJ84<>"",IF(N($AC84)>0,"支給済","不支給"),IF($AC84="","要確認",IF($AC84=0,"不支給","未処理"))))) | AI84: =IF(AND($AD84="保留中",$AF84<>""),TODAY()-$AF84,"") | AJ84: R8.4 | AK84: =IF($B84="","",IF($AO84="","対象年月が未入力／","")&IF($B84="","",IF($AN84="","職員マスタに未登録の職員番号／",IF($Y84="","標準報酬月額が未登録／","")&IF(AND($AO84<>"",OR(AND(INDEX(職員マスタ!$G$6:$G$405,$AN84)<>"",INDEX(職員マスタ!$G$6:$G$405,$AN84)>EOMONTH($AO84,0)),AND(INDEX(職員マスタ!$H$6:$H$405,$AN84)<>"",INDEX(職員マスタ!$H$6:$H$405,$AN84)<$AO84))),"対象月が時短期間外／","")&IF(AND(INDEX(職員マスタ!$F$6:$F$405,$AN84)<>"",$AO84<>"",INDEX(職員マスタ!$F$6:$F$405,$AN84)<$AO84),"対象月に子が2歳到達済／","")&IF(AND($H84<>"",INDEX(職員マスタ!$B$6:$B$405,$AN84)<>"",SUBSTITUTE(SUBSTITUTE($H84," ","")," ","")<>SUBSTITUTE(SUBSTITUTE(INDEX(職員マスタ!$B$6:$B$405,$AN84)," ","")," ","")),"氏名がマスタと相違／","")&IF(AND($Q84<>"",INDEX(職員マスタ!$E$6:$E$405,$AN84)<>"",$Q84<>INDEX(職員マスタ!$E$6:$E$405,$AN84)),"子の生年月日がマスタと相違／","")&IF(AND($L84<>"",INDEX(職員マスタ!$G$6:$G$405,$AN84)<>"",$L84<>INDEX(職員マスタ!$G$6:$G$405,$AN84)),"時短開始日がマスタと相違／","")&IF(AND($M84<>"",INDEX(職員マスタ!$H$6:$H$405,$AN84)<>"",$M84<>INDEX(職員マスタ!$H$6:$H$405,$AN84)),"時短終了日がマスタと相違／","")))&IF(AND($B84<>"",$E84=""),"報酬額が未入力／","")&IF(N($U84)>0,"申請書に入力エラーが残っています／","")&IF(AND($B84<>"",$AO84<>""),IF(COUNTIFS($B$6:$B$3005,$B84,$C$6:$C$3005,$C84,$D$6:$D$3005,$D84)>1,"同じ月の請求が重複しています／",""),"")&IF(AND(N($E84)>0,$Z84<>"",$Z84<>"×",$AC84=0,$AB84=""),"計算額が下限以下のため不支給／","")) | AM84: =IF($AD84="保留中",COUNTIF($AD$6:$AD84,"保留中"),"") | AN84: =IF($AO84="","",IF(SUMPRODUCT(MAX((職員マスタ!$A$6:$A$405=$B84)*(((職員マスタ!$G$6:$G$405="")+(職員マスタ!$G$6:$G$405<=EOMONTH($AO84,0)))>0)*(((職員マスタ!$H$6:$H$405="")+(職員マスタ!$H$6:$H$405>=$AO84))>0)*(ROW(職員マスタ!$A$6:$A$405)-5)))>0,SUMPRODUCT(MAX((職員マスタ!$A$6:$A$405=$B84)*(((職員マスタ!$G$6:$G$405="")+(職員マスタ!$G$6:$G$405<=EOMONTH($AO84,0)))>0)*(((職員マスタ!$H$6:$H$405="")+(職員マスタ!$H$6:$H$405>=$AO84))>0)*(ROW(職員マスタ!$A$6:$A$405)-5))),IFERROR(MATCH($B84,職員マスタ!$A$6:$A$405,0),""))) | AO84: =IF(OR($B84="",$C84="",$D84=""),"",DATE($C84+2018,$D84,1))
B85: 6003057 | C85: 7 | D85: 4 | E85: 115134 | V85: =IF($AN85="",IF($B85="","",$H85),IF(INDEX(職員マスタ!$B$6:$B$405,$AN85)="",$H85,INDEX(職員マスタ!$B$6:$B$405,$AN85))) | W85: =IF($AN85="",IF($B85="","",$R85),IF(INDEX(職員マスタ!$C$6:$C$405,$AN85)="",$R85,INDEX(職員マスタ!$C$6:$C$405,$AN85))) | X85: =IF($AO85="","","R"&$C85&"."&$D85) | Y85: =IF($AN85="","",IF(INDEX(職員マスタ!$K$6:$K$405,$AN85)="","",INDEX(職員マスタ!$K$6:$K$405,$AN85))) | Z85: =IF(OR($E85="",$Y85=""),"",IF($E85>=$Y85,"×",IF($E85>=$Y85*設定!$C$5,"△","○"))) | AA85: =IF($Z85="","",IF($Z85="×",0,IF($Z85="○",ROUNDDOWN($E85*設定!$C$4,0),ROUNDDOWN($E85*ROUND((9*$Y85-9*$E85)/(10*$E85),4),0)))) | AC85: =IF($B85="","",IF($AB85<>"",$AB85,IF($AA85="","",IF($AA85<=設定!$C$3,0,$AA85)))) | AD85: =IF($B85="","",IF(AND($AE85<>"",$AG85="",$AJ85=""),"保留中",IF($AJ85<>"",IF(N($AC85)>0,"支給済","不支給"),IF($AC85="","要確認",IF($AC85=0,"不支給","未処理"))))) | AI85: =IF(AND($AD85="保留中",$AF85<>""),TODAY()-$AF85,"") | AJ85: R8.1 | AK85: =IF($B85="","",IF($AO85="","対象年月が未入力／","")&IF($B85="","",IF($AN85="","職員マスタに未登録の職員番号／",IF($Y85="","標準報酬月額が未登録／","")&IF(AND($AO85<>"",OR(AND(INDEX(職員マスタ!$G$6:$G$405,$AN85)<>"",INDEX(職員マスタ!$G$6:$G$405,$AN85)>EOMONTH($AO85,0)),AND(INDEX(職員マスタ!$H$6:$H$405,$AN85)<>"",INDEX(職員マスタ!$H$6:$H$405,$AN85)<$AO85))),"対象月が時短期間外／","")&IF(AND(INDEX(職員マスタ!$F$6:$F$405,$AN85)<>"",$AO85<>"",INDEX(職員マスタ!$F$6:$F$405,$AN85)<$AO85),"対象月に子が2歳到達済／","")&IF(AND($H85<>"",INDEX(職員マスタ!$B$6:$B$405,$AN85)<>"",SUBSTITUTE(SUBSTITUTE($H85," ","")," ","")<>SUBSTITUTE(SUBSTITUTE(INDEX(職員マスタ!$B$6:$B$405,$AN85)," ","")," ","")),"氏名がマスタと相違／","")&IF(AND($Q85<>"",INDEX(職員マスタ!$E$6:$E$405,$AN85)<>"",$Q85<>INDEX(職員マスタ!$E$6:$E$405,$AN85)),"子の生年月日がマスタと相違／","")&IF(AND($L85<>"",INDEX(職員マスタ!$G$6:$G$405,$AN85)<>"",$L85<>INDEX(職員マスタ!$G$6:$G$405,$AN85)),"時短開始日がマスタと相違／","")&IF(AND($M85<>"",INDEX(職員マスタ!$H$6:$H$405,$AN85)<>"",$M85<>INDEX(職員マスタ!$H$6:$H$405,$AN85)),"時短終了日がマスタと相違／","")))&IF(AND($B85<>"",$E85=""),"報酬額が未入力／","")&IF(N($U85)>0,"申請書に入力エラーが残っています／","")&IF(AND($B85<>"",$AO85<>""),IF(COUNTIFS($B$6:$B$3005,$B85,$C$6:$C$3005,$C85,$D$6:$D$3005,$D85)>1,"同じ月の請求が重複しています／",""),"")&IF(AND(N($E85)>0,$Z85<>"",$Z85<>"×",$AC85=0,$AB85=""),"計算額が下限以下のため不支給／","")) | AM85: =IF($AD85="保留中",COUNTIF($AD$6:$AD85,"保留中"),"") | AN85: =IF($AO85="","",IF(SUMPRODUCT(MAX((職員マスタ!$A$6:$A$405=$B85)*(((職員マスタ!$G$6:$G$405="")+(職員マスタ!$G$6:$G$405<=EOMONTH($AO85,0)))>0)*(((職員マスタ!$H$6:$H$405="")+(職員マスタ!$H$6:$H$405>=$AO85))>0)*(ROW(職員マスタ!$A$6:$A$405)-5)))>0,SUMPRODUCT(MAX((職員マスタ!$A$6:$A$405=$B85)*(((職員マスタ!$G$6:$G$405="")+(職員マスタ!$G$6:$G$405<=EOMONTH($AO85,0)))>0)*(((職員マスタ!$H$6:$H$405="")+(職員マスタ!$H$6:$H$405>=$AO85))>0)*(ROW(職員マスタ!$A$6:$A$405)-5))),IFERROR(MATCH($B85,職員マスタ!$A$6:$A$405,0),""))) | AO85: =IF(OR($B85="",$C85="",$D85=""),"",DATE($C85+2018,$D85,1))
B86: 6003057 | C86: 7 | D86: 5 | E86: 213544 | V86: =IF($AN86="",IF($B86="","",$H86),IF(INDEX(職員マスタ!$B$6:$B$405,$AN86)="",$H86,INDEX(職員マスタ!$B$6:$B$405,$AN86))) | W86: =IF($AN86="",IF($B86="","",$R86),IF(INDEX(職員マスタ!$C$6:$C$405,$AN86)="",$R86,INDEX(職員マスタ!$C$6:$C$405,$AN86))) | X86: =IF($AO86="","","R"&$C86&"."&$D86) | Y86: =IF($AN86="","",IF(INDEX(職員マスタ!$K$6:$K$405,$AN86)="","",INDEX(職員マスタ!$K$6:$K$405,$AN86))) | Z86: =IF(OR($E86="",$Y86=""),"",IF($E86>=$Y86,"×",IF($E86>=$Y86*設定!$C$5,"△","○"))) | AA86: =IF($Z86="","",IF($Z86="×",0,IF($Z86="○",ROUNDDOWN($E86*設定!$C$4,0),ROUNDDOWN($E86*ROUND((9*$Y86-9*$E86)/(10*$E86),4),0)))) | AC86: =IF($B86="","",IF($AB86<>"",$AB86,IF($AA86="","",IF($AA86<=設定!$C$3,0,$AA86)))) | AD86: =IF($B86="","",IF(AND($AE86<>"",$AG86="",$AJ86=""),"保留中",IF($AJ86<>"",IF(N($AC86)>0,"支給済","不支給"),IF($AC86="","要確認",IF($AC86=0,"不支給","未処理"))))) | AI86: =IF(AND($AD86="保留中",$AF86<>""),TODAY()-$AF86,"") | AJ86: R8.1 | AK86: =IF($B86="","",IF($AO86="","対象年月が未入力／","")&IF($B86="","",IF($AN86="","職員マスタに未登録の職員番号／",IF($Y86="","標準報酬月額が未登録／","")&IF(AND($AO86<>"",OR(AND(INDEX(職員マスタ!$G$6:$G$405,$AN86)<>"",INDEX(職員マスタ!$G$6:$G$405,$AN86)>EOMONTH($AO86,0)),AND(INDEX(職員マスタ!$H$6:$H$405,$AN86)<>"",INDEX(職員マスタ!$H$6:$H$405,$AN86)<$AO86))),"対象月が時短期間外／","")&IF(AND(INDEX(職員マスタ!$F$6:$F$405,$AN86)<>"",$AO86<>"",INDEX(職員マスタ!$F$6:$F$405,$AN86)<$AO86),"対象月に子が2歳到達済／","")&IF(AND($H86<>"",INDEX(職員マスタ!$B$6:$B$405,$AN86)<>"",SUBSTITUTE(SUBSTITUTE($H86," ","")," ","")<>SUBSTITUTE(SUBSTITUTE(INDEX(職員マスタ!$B$6:$B$405,$AN86)," ","")," ","")),"氏名がマスタと相違／","")&IF(AND($Q86<>"",INDEX(職員マスタ!$E$6:$E$405,$AN86)<>"",$Q86<>INDEX(職員マスタ!$E$6:$E$405,$AN86)),"子の生年月日がマスタと相違／","")&IF(AND($L86<>"",INDEX(職員マスタ!$G$6:$G$405,$AN86)<>"",$L86<>INDEX(職員マスタ!$G$6:$G$405,$AN86)),"時短開始日がマスタと相違／","")&IF(AND($M86<>"",INDEX(職員マスタ!$H$6:$H$405,$AN86)<>"",$M86<>INDEX(職員マスタ!$H$6:$H$405,$AN86)),"時短終了日がマスタと相違／","")))&IF(AND($B86<>"",$E86=""),"報酬額が未入力／","")&IF(N($U86)>0,"申請書に入力エラーが残っています／","")&IF(AND($B86<>"",$AO86<>""),IF(COUNTIFS($B$6:$B$3005,$B86,$C$6:$C$3005,$C86,$D$6:$D$3005,$D86)>1,"同じ月の請求が重複しています／",""),"")&IF(AND(N($E86)>0,$Z86<>"",$Z86<>"×",$AC86=0,$AB86=""),"計算額が下限以下のため不支給／","")) | AM86: =IF($AD86="保留中",COUNTIF($AD$6:$AD86,"保留中"),"") | AN86: =IF($AO86="","",IF(SUMPRODUCT(MAX((職員マスタ!$A$6:$A$405=$B86)*(((職員マスタ!$G$6:$G$405="")+(職員マスタ!$G$6:$G$405<=EOMONTH($AO86,0)))>0)*(((職員マスタ!$H$6:$H$405="")+(職員マスタ!$H$6:$H$405>=$AO86))>0)*(ROW(職員マスタ!$A$6:$A$405)-5)))>0,SUMPRODUCT(MAX((職員マスタ!$A$6:$A$405=$B86)*(((職員マスタ!$G$6:$G$405="")+(職員マスタ!$G$6:$G$405<=EOMONTH($AO86,0)))>0)*(((職員マスタ!$H$6:$H$405="")+(職員マスタ!$H$6:$H$405>=$AO86))>0)*(ROW(職員マスタ!$A$6:$A$405)-5))),IFERROR(MATCH($B86,職員マスタ!$A$6:$A$405,0),""))) | AO86: =IF(OR($B86="",$C86="",$D86=""),"",DATE($C86+2018,$D86,1))
B87: 6003057 | C87: 7 | D87: 6 | E87: 209332 | V87: =IF($AN87="",IF($B87="","",$H87),IF(INDEX(職員マスタ!$B$6:$B$405,$AN87)="",$H87,INDEX(職員マスタ!$B$6:$B$405,$AN87))) | W87: =IF($AN87="",IF($B87="","",$R87),IF(INDEX(職員マスタ!$C$6:$C$405,$AN87)="",$R87,INDEX(職員マスタ!$C$6:$C$405,$AN87))) | X87: =IF($AO87="","","R"&$C87&"."&$D87) | Y87: =IF($AN87="","",IF(INDEX(職員マスタ!$K$6:$K$405,$AN87)="","",INDEX(職員マスタ!$K$6:$K$405,$AN87))) | Z87: =IF(OR($E87="",$Y87=""),"",IF($E87>=$Y87,"×",IF($E87>=$Y87*設定!$C$5,"△","○"))) | AA87: =IF($Z87="","",IF($Z87="×",0,IF($Z87="○",ROUNDDOWN($E87*設定!$C$4,0),ROUNDDOWN($E87*ROUND((9*$Y87-9*$E87)/(10*$E87),4),0)))) | AC87: =IF($B87="","",IF($AB87<>"",$AB87,IF($AA87="","",IF($AA87<=設定!$C$3,0,$AA87)))) | AD87: =IF($B87="","",IF(AND($AE87<>"",$AG87="",$AJ87=""),"保留中",IF($AJ87<>"",IF(N($AC87)>0,"支給済","不支給"),IF($AC87="","要確認",IF($AC87=0,"不支給","未処理"))))) | AI87: =IF(AND($AD87="保留中",$AF87<>""),TODAY()-$AF87,"") | AJ87: R7.9 | AK87: =IF($B87="","",IF($AO87="","対象年月が未入力／","")&IF($B87="","",IF($AN87="","職員マスタに未登録の職員番号／",IF($Y87="","標準報酬月額が未登録／","")&IF(AND($AO87<>"",OR(AND(INDEX(職員マスタ!$G$6:$G$405,$AN87)<>"",INDEX(職員マスタ!$G$6:$G$405,$AN87)>EOMONTH($AO87,0)),AND(INDEX(職員マスタ!$H$6:$H$405,$AN87)<>"",INDEX(職員マスタ!$H$6:$H$405,$AN87)<$AO87))),"対象月が時短期間外／","")&IF(AND(INDEX(職員マスタ!$F$6:$F$405,$AN87)<>"",$AO87<>"",INDEX(職員マスタ!$F$6:$F$405,$AN87)<$AO87),"対象月に子が2歳到達済／","")&IF(AND($H87<>"",INDEX(職員マスタ!$B$6:$B$405,$AN87)<>"",SUBSTITUTE(SUBSTITUTE($H87," ","")," ","")<>SUBSTITUTE(SUBSTITUTE(INDEX(職員マスタ!$B$6:$B$405,$AN87)," ","")," ","")),"氏名がマスタと相違／","")&IF(AND($Q87<>"",INDEX(職員マスタ!$E$6:$E$405,$AN87)<>"",$Q87<>INDEX(職員マスタ!$E$6:$E$405,$AN87)),"子の生年月日がマスタと相違／","")&IF(AND($L87<>"",INDEX(職員マスタ!$G$6:$G$405,$AN87)<>"",$L87<>INDEX(職員マスタ!$G$6:$G$405,$AN87)),"時短開始日がマスタと相違／","")&IF(AND($M87<>"",INDEX(職員マスタ!$H$6:$H$405,$AN87)<>"",$M87<>INDEX(職員マスタ!$H$6:$H$405,$AN87)),"時短終了日がマスタと相違／","")))&IF(AND($B87<>"",$E87=""),"報酬額が未入力／","")&IF(N($U87)>0,"申請書に入力エラーが残っています／","")&IF(AND($B87<>"",$AO87<>""),IF(COUNTIFS($B$6:$B$3005,$B87,$C$6:$C$3005,$C87,$D$6:$D$3005,$D87)>1,"同じ月の請求が重複しています／",""),"")&IF(AND(N($E87)>0,$Z87<>"",$Z87<>"×",$AC87=0,$AB87=""),"計算額が下限以下のため不支給／","")) | AM87: =IF($AD87="保留中",COUNTIF($AD$6:$AD87,"保留中"),"") | AN87: =IF($AO87="","",IF(SUMPRODUCT(MAX((職員マスタ!$A$6:$A$405=$B87)*(((職員マスタ!$G$6:$G$405="")+(職員マスタ!$G$6:$G$405<=EOMONTH($AO87,0)))>0)*(((職員マスタ!$H$6:$H$405="")+(職員マスタ!$H$6:$H$405>=$AO87))>0)*(ROW(職員マスタ!$A$6:$A$405)-5)))>0,SUMPRODUCT(MAX((職員マスタ!$A$6:$A$405=$B87)*(((職員マスタ!$G$6:$G$405="")+(職員マスタ!$G$6:$G$405<=EOMONTH($AO87,0)))>0)*(((職員マスタ!$H$6:$H$405="")+(職員マスタ!$H$6:$H$405>=$AO87))>0)*(ROW(職員マスタ!$A$6:$A$405)-5))),IFERROR(MATCH($B87,職員マスタ!$A$6:$A$405,0),""))) | AO87: =IF(OR($B87="",$C87="",$D87=""),"",DATE($C87+2018,$D87,1))
B88: 6003057 | C88: 7 | D88: 7 | E88: 215640 | V88: =IF($AN88="",IF($B88="","",$H88),IF(INDEX(職員マスタ!$B$6:$B$405,$AN88)="",$H88,INDEX(職員マスタ!$B$6:$B$405,$AN88))) | W88: =IF($AN88="",IF($B88="","",$R88),IF(INDEX(職員マスタ!$C$6:$C$405,$AN88)="",$R88,INDEX(職員マスタ!$C$6:$C$405,$AN88))) | X88: =IF($AO88="","","R"&$C88&"."&$D88) | Y88: =IF($AN88="","",IF(INDEX(職員マスタ!$K$6:$K$405,$AN88)="","",INDEX(職員マスタ!$K$6:$K$405,$AN88))) | Z88: =IF(OR($E88="",$Y88=""),"",IF($E88>=$Y88,"×",IF($E88>=$Y88*設定!$C$5,"△","○"))) | AA88: =IF($Z88="","",IF($Z88="×",0,IF($Z88="○",ROUNDDOWN($E88*設定!$C$4,0),ROUNDDOWN($E88*ROUND((9*$Y88-9*$E88)/(10*$E88),4),0)))) | AC88: =IF($B88="","",IF($AB88<>"",$AB88,IF($AA88="","",IF($AA88<=設定!$C$3,0,$AA88)))) | AD88: =IF($B88="","",IF(AND($AE88<>"",$AG88="",$AJ88=""),"保留中",IF($AJ88<>"",IF(N($AC88)>0,"支給済","不支給"),IF($AC88="","要確認",IF($AC88=0,"不支給","未処理"))))) | AI88: =IF(AND($AD88="保留中",$AF88<>""),TODAY()-$AF88,"") | AJ88: R7.9 | AK88: =IF($B88="","",IF($AO88="","対象年月が未入力／","")&IF($B88="","",IF($AN88="","職員マスタに未登録の職員番号／",IF($Y88="","標準報酬月額が未登録／","")&IF(AND($AO88<>"",OR(AND(INDEX(職員マスタ!$G$6:$G$405,$AN88)<>"",INDEX(職員マスタ!$G$6:$G$405,$AN88)>EOMONTH($AO88,0)),AND(INDEX(職員マスタ!$H$6:$H$405,$AN88)<>"",INDEX(職員マスタ!$H$6:$H$405,$AN88)<$AO88))),"対象月が時短期間外／","")&IF(AND(INDEX(職員マスタ!$F$6:$F$405,$AN88)<>"",$AO88<>"",INDEX(職員マスタ!$F$6:$F$405,$AN88)<$AO88),"対象月に子が2歳到達済／","")&IF(AND($H88<>"",INDEX(職員マスタ!$B$6:$B$405,$AN88)<>"",SUBSTITUTE(SUBSTITUTE($H88," ","")," ","")<>SUBSTITUTE(SUBSTITUTE(INDEX(職員マスタ!$B$6:$B$405,$AN88)," ","")," ","")),"氏名がマスタと相違／","")&IF(AND($Q88<>"",INDEX(職員マスタ!$E$6:$E$405,$AN88)<>"",$Q88<>INDEX(職員マスタ!$E$6:$E$405,$AN88)),"子の生年月日がマスタと相違／","")&IF(AND($L88<>"",INDEX(職員マスタ!$G$6:$G$405,$AN88)<>"",$L88<>INDEX(職員マスタ!$G$6:$G$405,$AN88)),"時短開始日がマスタと相違／","")&IF(AND($M88<>"",INDEX(職員マスタ!$H$6:$H$405,$AN88)<>"",$M88<>INDEX(職員マスタ!$H$6:$H$405,$AN88)),"時短終了日がマスタと相違／","")))&IF(AND($B88<>"",$E88=""),"報酬額が未入力／","")&IF(N($U88)>0,"申請書に入力エラーが残っています／","")&IF(AND($B88<>"",$AO88<>""),IF(COUNTIFS($B$6:$B$3005,$B88,$C$6:$C$3005,$C88,$D$6:$D$3005,$D88)>1,"同じ月の請求が重複しています／",""),"")&IF(AND(N($E88)>0,$Z88<>"",$Z88<>"×",$AC88=0,$AB88=""),"計算額が下限以下のため不支給／","")) | AM88: =IF($AD88="保留中",COUNTIF($AD$6:$AD88,"保留中"),"") | AN88: =IF($AO88="","",IF(SUMPRODUCT(MAX((職員マスタ!$A$6:$A$405=$B88)*(((職員マスタ!$G$6:$G$405="")+(職員マスタ!$G$6:$G$405<=EOMONTH($AO88,0)))>0)*(((職員マスタ!$H$6:$H$405="")+(職員マスタ!$H$6:$H$405>=$AO88))>0)*(ROW(職員マスタ!$A$6:$A$405)-5)))>0,SUMPRODUCT(MAX((職員マスタ!$A$6:$A$405=$B88)*(((職員マスタ!$G$6:$G$405="")+(職員マスタ!$G$6:$G$405<=EOMONTH($AO88,0)))>0)*(((職員マスタ!$H$6:$H$405="")+(職員マスタ!$H$6:$H$405>=$AO88))>0)*(ROW(職員マスタ!$A$6:$A$405)-5))),IFERROR(MATCH($B88,職員マスタ!$A$6:$A$405,0),""))) | AO88: =IF(OR($B88="",$C88="",$D88=""),"",DATE($C88+2018,$D88,1))
... B115: 6101828 | C115: 8 | D115: 3 | E115: 217271 | V115: =IF($AN115="",IF($B115="","",$H115),IF(INDEX(職員マスタ!$B$6:$B$405,$AN115)="",$H115,INDEX(職員マスタ!$B$6:$B$405,$AN115))) | W115: =IF($AN115="",IF($B115="","",$R115),IF(INDEX(職員マスタ!$C$6:$C$405,$AN115)="",$R115,INDEX(職員マスタ!$C$6:$C$405,$AN115))) | X115: =IF($AO115="","","R"&$C115&"."&$D115) | Y115: =IF($AN115="","",IF(INDEX(職員マスタ!$K$6:$K$405,$AN115)="","",INDEX(職員マスタ!$K$6:$K$405,$AN115))) | Z115: =IF(OR($E115="",$Y115=""),"",IF($E115>=$Y115,"×",IF($E115>=$Y115*設定!$C$5,"△","○"))) | AA115: =IF($Z115="","",IF($Z115="×",0,IF($Z115="○",ROUNDDOWN($E115*設定!$C$4,0),ROUNDDOWN($E115*ROUND((9*$Y115-9*$E115)/(10*$E115),4),0)))) | AC115: =IF($B115="","",IF($AB115<>"",$AB115,IF($AA115="","",IF($AA115<=設定!$C$3,0,$AA115)))) | AD115: =IF($B115="","",IF(AND($AE115<>"",$AG115="",$AJ115=""),"保留中",IF($AJ115<>"",IF(N($AC115)>0,"支給済","不支給"),IF($AC115="","要確認",IF($AC115=0,"不支給","未処理"))))) | AI115: =IF(AND($AD115="保留中",$AF115<>""),TODAY()-$AF115,"") | AJ115: R8.5 | AK115: =IF($B115="","",IF($AO115="","対象年月が未入力／","")&IF($B115="","",IF($AN115="","職員マスタに未登録の職員番号／",IF($Y115="","標準報酬月額が未登録／","")&IF(AND($AO115<>"",OR(AND(INDEX(職員マスタ!$G$6:$G$405,$AN115)<>"",INDEX(職員マスタ!$G$6:$G$405,$AN115)>EOMONTH($AO115,0)),AND(INDEX(職員マスタ!$H$6:$H$405,$AN115)<>"",INDEX(職員マスタ!$H$6:$H$405,$AN115)<$AO115))),"対象月が時短期間外／","")&IF(AND(INDEX(職員マスタ!$F$6:$F$405,$AN115)<>"",$AO115<>"",INDEX(職員マスタ!$F$6:$F$405,$AN115)<$AO115),"対象月に子が2歳到達済／","")&IF(AND($H115<>"",INDEX(職員マスタ!$B$6:$B$405,$AN115)<>"",SUBSTITUTE(SUBSTITUTE($H115," ","")," ","")<>SUBSTITUTE(SUBSTITUTE(INDEX(職員マスタ!$B$6:$B$405,$AN115)," ","")," ","")),"氏名がマスタと相違／","")&IF(AND($Q115<>"",INDEX(職員マスタ!$E$6:$E$405,$AN115)<>"",$Q115<>INDEX(職員マスタ!$E$6:$E$405,$AN115)),"子の生年月日がマスタと相違／","")&IF(AND($L115<>"",INDEX(職員マスタ!$G$6:$G$405,$AN115)<>"",$L115<>INDEX(職員マスタ!$G$6:$G$405,$AN115)),"時短開始日がマスタと相違／","")&IF(AND($M115<>"",INDEX(職員マスタ!$H$6:$H$405,$AN115)<>"",$M115<>INDEX(職員マスタ!$H$6:$H$405,$AN115)),"時短終了日がマスタと相違／","")))&IF(AND($B115<>"",$E115=""),"報酬額が未入力／","")&IF(N($U115)>0,"申請書に入力エラーが残っています／","")&IF(AND($B115<>"",$AO115<>""),IF(COUNTIFS($B$6:$B$3005,$B115,$C$6:$C$3005,$C115,$D$6:$D$3005,$D115)>1,"同じ月の請求が重複しています／",""),"")&IF(AND(N($E115)>0,$Z115<>"",$Z115<>"×",$AC115=0,$AB115=""),"計算額が下限以下のため不支給／","")) | AM115: =IF($AD115="保留中",COUNTIF($AD$6:$AD115,"保留中"),"") | AN115: =IF($AO115="","",IF(SUMPRODUCT(MAX((職員マスタ!$A$6:$A$405=$B115)*(((職員マスタ!$G$6:$G$405="")+(職員マスタ!$G$6:$G$405<=EOMONTH($AO115,0)))>0)*(((職員マスタ!$H$6:$H$405="")+(職員マスタ!$H$6:$H$405>=$AO115))>0)*(ROW(職員マスタ!$A$6:$A$405)-5)))>0,SUMPRODUCT(MAX((職員マスタ!$A$6:$A$405=$B115)*(((職員マスタ!$G$6:$G$405="")+(職員マスタ!$G$6:$G$405<=EOMONTH($AO115,0)))>0)*(((職員マスタ!$H$6:$H$405="")+(職員マスタ!$H$6:$H$405>=$AO115))>0)*(ROW(職員マスタ!$A$6:$A$405)-5))),IFERROR(MATCH($B115,職員マスタ!$A$6:$A$405,0),""))) | AO115: =IF(OR($B115="",$C115="",$D115=""),"",DATE($C115+2018,$D115,1))
B116: 6101828 | C116: 8 | D116: 4 | E116: 229129 | V116: =IF($AN116="",IF($B116="","",$H116),IF(INDEX(職員マスタ!$B$6:$B$405,$AN116)="",$H116,INDEX(職員マスタ!$B$6:$B$405,$AN116))) | W116: =IF($AN116="",IF($B116="","",$R116),IF(INDEX(職員マスタ!$C$6:$C$405,$AN116)="",$R116,INDEX(職員マスタ!$C$6:$C$405,$AN116))) | X116: =IF($AO116="","","R"&$C116&"."&$D116) | Y116: =IF($AN116="","",IF(INDEX(職員マスタ!$K$6:$K$405,$AN116)="","",INDEX(職員マスタ!$K$6:$K$405,$AN116))) | Z116: =IF(OR($E116="",$Y116=""),"",IF($E116>=$Y116,"×",IF($E116>=$Y116*設定!$C$5,"△","○"))) | AA116: =IF($Z116="","",IF($Z116="×",0,IF($Z116="○",ROUNDDOWN($E116*設定!$C$4,0),ROUNDDOWN($E116*ROUND((9*$Y116-9*$E116)/(10*$E116),4),0)))) | AC116: =IF($B116="","",IF($AB116<>"",$AB116,IF($AA116="","",IF($AA116<=設定!$C$3,0,$AA116)))) | AD116: =IF($B116="","",IF(AND($AE116<>"",$AG116="",$AJ116=""),"保留中",IF($AJ116<>"",IF(N($AC116)>0,"支給済","不支給"),IF($AC116="","要確認",IF($AC116=0,"不支給","未処理"))))) | AE116: 育休期間の変更待ち | AI116: =IF(AND($AD116="保留中",$AF116<>""),TODAY()-$AF116,"") | AK116: =IF($B116="","",IF($AO116="","対象年月が未入力／","")&IF($B116="","",IF($AN116="","職員マスタに未登録の職員番号／",IF($Y116="","標準報酬月額が未登録／","")&IF(AND($AO116<>"",OR(AND(INDEX(職員マスタ!$G$6:$G$405,$AN116)<>"",INDEX(職員マスタ!$G$6:$G$405,$AN116)>EOMONTH($AO116,0)),AND(INDEX(職員マスタ!$H$6:$H$405,$AN116)<>"",INDEX(職員マスタ!$H$6:$H$405,$AN116)<$AO116))),"対象月が時短期間外／","")&IF(AND(INDEX(職員マスタ!$F$6:$F$405,$AN116)<>"",$AO116<>"",INDEX(職員マスタ!$F$6:$F$405,$AN116)<$AO116),"対象月に子が2歳到達済／","")&IF(AND($H116<>"",INDEX(職員マスタ!$B$6:$B$405,$AN116)<>"",SUBSTITUTE(SUBSTITUTE($H116," ","")," ","")<>SUBSTITUTE(SUBSTITUTE(INDEX(職員マスタ!$B$6:$B$405,$AN116)," ","")," ","")),"氏名がマスタと相違／","")&IF(AND($Q116<>"",INDEX(職員マスタ!$E$6:$E$405,$AN116)<>"",$Q116<>INDEX(職員マスタ!$E$6:$E$405,$AN116)),"子の生年月日がマスタと相違／","")&IF(AND($L116<>"",INDEX(職員マスタ!$G$6:$G$405,$AN116)<>"",$L116<>INDEX(職員マスタ!$G$6:$G$405,$AN116)),"時短開始日がマスタと相違／","")&IF(AND($M116<>"",INDEX(職員マスタ!$H$6:$H$405,$AN116)<>"",$M116<>INDEX(職員マスタ!$H$6:$H$405,$AN116)),"時短終了日がマスタと相違／","")))&IF(AND($B116<>"",$E116=""),"報酬額が未入力／","")&IF(N($U116)>0,"申請書に入力エラーが残っています／","")&IF(AND($B116<>"",$AO116<>""),IF(COUNTIFS($B$6:$B$3005,$B116,$C$6:$C$3005,$C116,$D$6:$D$3005,$D116)>1,"同じ月の請求が重複しています／",""),"")&IF(AND(N($E116)>0,$Z116<>"",$Z116<>"×",$AC116=0,$AB116=""),"計算額が下限以下のため不支給／","")) | AM116: =IF($AD116="保留中",COUNTIF($AD$6:$AD116,"保留中"),"") | AN116: =IF($AO116="","",IF(SUMPRODUCT(MAX((職員マスタ!$A$6:$A$405=$B116)*(((職員マスタ!$G$6:$G$405="")+(職員マスタ!$G$6:$G$405<=EOMONTH($AO116,0)))>0)*(((職員マスタ!$H$6:$H$405="")+(職員マスタ!$H$6:$H$405>=$AO116))>0)*(ROW(職員マスタ!$A$6:$A$405)-5)))>0,SUMPRODUCT(MAX((職員マスタ!$A$6:$A$405=$B116)*(((職員マスタ!$G$6:$G$405="")+(職員マスタ!$G$6:$G$405<=EOMONTH($AO116,0)))>0)*(((職員マスタ!$H$6:$H$405="")+(職員マスタ!$H$6:$H$405>=$AO116))>0)*(ROW(職員マスタ!$A$6:$A$405)-5))),IFERROR(MATCH($B116,職員マスタ!$A$6:$A$405,0),""))) | AO116: =IF(OR($B116="",$C116="",$D116=""),"",DATE($C116+2018,$D116,1))
B117: 6101828 | C117: 8 | D117: 5 | E117: 233679 | V117: =IF($AN117="",IF($B117="","",$H117),IF(INDEX(職員マスタ!$B$6:$B$405,$AN117)="",$H117,INDEX(職員マスタ!$B$6:$B$405,$AN117))) | W117: =IF($AN117="",IF($B117="","",$R117),IF(INDEX(職員マスタ!$C$6:$C$405,$AN117)="",$R117,INDEX(職員マスタ!$C$6:$C$405,$AN117))) | X117: =IF($AO117="","","R"&$C117&"."&$D117) | Y117: =IF($AN117="","",IF(INDEX(職員マスタ!$K$6:$K$405,$AN117)="","",INDEX(職員マスタ!$K$6:$K$405,$AN117))) | Z117: =IF(OR($E117="",$Y117=""),"",IF($E117>=$Y117,"×",IF($E117>=$Y117*設定!$C$5,"△","○"))) | AA117: =IF($Z117="","",IF($Z117="×",0,IF($Z117="○",ROUNDDOWN($E117*設定!$C$4,0),ROUNDDOWN($E117*ROUND((9*$Y117-9*$E117)/(10*$E117),4),0)))) | AC117: =IF($B117="","",IF($AB117<>"",$AB117,IF($AA117="","",IF($AA117<=設定!$C$3,0,$AA117)))) | AD117: =IF($B117="","",IF(AND($AE117<>"",$AG117="",$AJ117=""),"保留中",IF($AJ117<>"",IF(N($AC117)>0,"支給済","不支給"),IF($AC117="","要確認",IF($AC117=0,"不支給","未処理"))))) | AE117: 育休期間の変更待ち | AI117: =IF(AND($AD117="保留中",$AF117<>""),TODAY()-$AF117,"") | AK117: =IF($B117="","",IF($AO117="","対象年月が未入力／","")&IF($B117="","",IF($AN117="","職員マスタに未登録の職員番号／",IF($Y117="","標準報酬月額が未登録／","")&IF(AND($AO117<>"",OR(AND(INDEX(職員マスタ!$G$6:$G$405,$AN117)<>"",INDEX(職員マスタ!$G$6:$G$405,$AN117)>EOMONTH($AO117,0)),AND(INDEX(職員マスタ!$H$6:$H$405,$AN117)<>"",INDEX(職員マスタ!$H$6:$H$405,$AN117)<$AO117))),"対象月が時短期間外／","")&IF(AND(INDEX(職員マスタ!$F$6:$F$405,$AN117)<>"",$AO117<>"",INDEX(職員マスタ!$F$6:$F$405,$AN117)<$AO117),"対象月に子が2歳到達済／","")&IF(AND($H117<>"",INDEX(職員マスタ!$B$6:$B$405,$AN117)<>"",SUBSTITUTE(SUBSTITUTE($H117," ","")," ","")<>SUBSTITUTE(SUBSTITUTE(INDEX(職員マスタ!$B$6:$B$405,$AN117)," ","")," ","")),"氏名がマスタと相違／","")&IF(AND($Q117<>"",INDEX(職員マスタ!$E$6:$E$405,$AN117)<>"",$Q117<>INDEX(職員マスタ!$E$6:$E$405,$AN117)),"子の生年月日がマスタと相違／","")&IF(AND($L117<>"",INDEX(職員マスタ!$G$6:$G$405,$AN117)<>"",$L117<>INDEX(職員マスタ!$G$6:$G$405,$AN117)),"時短開始日がマスタと相違／","")&IF(AND($M117<>"",INDEX(職員マスタ!$H$6:$H$405,$AN117)<>"",$M117<>INDEX(職員マスタ!$H$6:$H$405,$AN117)),"時短終了日がマスタと相違／","")))&IF(AND($B117<>"",$E117=""),"報酬額が未入力／","")&IF(N($U117)>0,"申請書に入力エラーが残っています／","")&IF(AND($B117<>"",$AO117<>""),IF(COUNTIFS($B$6:$B$3005,$B117,$C$6:$C$3005,$C117,$D$6:$D$3005,$D117)>1,"同じ月の請求が重複しています／",""),"")&IF(AND(N($E117)>0,$Z117<>"",$Z117<>"×",$AC117=0,$AB117=""),"計算額が下限以下のため不支給／","")) | AM117: =IF($AD117="保留中",COUNTIF($AD$6:$AD117,"保留中"),"") | AN117: =IF($AO117="","",IF(SUMPRODUCT(MAX((職員マスタ!$A$6:$A$405=$B117)*(((職員マスタ!$G$6:$G$405="")+(職員マスタ!$G$6:$G$405<=EOMONTH($AO117,0)))>0)*(((職員マスタ!$H$6:$H$405="")+(職員マスタ!$H$6:$H$405>=$AO117))>0)*(ROW(職員マスタ!$A$6:$A$405)-5)))>0,SUMPRODUCT(MAX((職員マスタ!$A$6:$A$405=$B117)*(((職員マスタ!$G$6:$G$405="")+(職員マスタ!$G$6:$G$405<=EOMONTH($AO117,0)))>0)*(((職員マスタ!$H$6:$H$405="")+(職員マスタ!$H$6:$H$405>=$AO117))>0)*(ROW(職員マスタ!$A$6:$A$405)-5))),IFERROR(MATCH($B117,職員マスタ!$A$6:$A$405,0),""))) | AO117: =IF(OR($B117="",$C117="",$D117=""),"",DATE($C117+2018,$D117,1))
B118: 6101828 | C118: 8 | D118: 6 | E118: 233679 | V118: =IF($AN118="",IF($B118="","",$H118),IF(INDEX(職員マスタ!$B$6:$B$405,$AN118)="",$H118,INDEX(職員マスタ!$B$6:$B$405,$AN118))) | W118: =IF($AN118="",IF($B118="","",$R118),IF(INDEX(職員マスタ!$C$6:$C$405,$AN118)="",$R118,INDEX(職員マスタ!$C$6:$C$405,$AN118))) | X118: =IF($AO118="","","R"&$C118&"."&$D118) | Y118: =IF($AN118="","",IF(INDEX(職員マスタ!$K$6:$K$405,$AN118)="","",INDEX(職員マスタ!$K$6:$K$405,$AN118))) | Z118: =IF(OR($E118="",$Y118=""),"",IF($E118>=$Y118,"×",IF($E118>=$Y118*設定!$C$5,"△","○"))) | AA118: =IF($Z118="","",IF($Z118="×",0,IF($Z118="○",ROUNDDOWN($E118*設定!$C$4,0),ROUNDDOWN($E118*ROUND((9*$Y118-9*$E118)/(10*$E118),4),0)))) | AC118: =IF($B118="","",IF($AB118<>"",$AB118,IF($AA118="","",IF($AA118<=設定!$C$3,0,$AA118)))) | AD118: =IF($B118="","",IF(AND($AE118<>"",$AG118="",$AJ118=""),"保留中",IF($AJ118<>"",IF(N($AC118)>0,"支給済","不支給"),IF($AC118="","要確認",IF($AC118=0,"不支給","未処理"))))) | AE118: 育休期間の変更待ち | AI118: =IF(AND($AD118="保留中",$AF118<>""),TODAY()-$AF118,"") | AK118: =IF($B118="","",IF($AO118="","対象年月が未入力／","")&IF($B118="","",IF($AN118="","職員マスタに未登録の職員番号／",IF($Y118="","標準報酬月額が未登録／","")&IF(AND($AO118<>"",OR(AND(INDEX(職員マスタ!$G$6:$G$405,$AN118)<>"",INDEX(職員マスタ!$G$6:$G$405,$AN118)>EOMONTH($AO118,0)),AND(INDEX(職員マスタ!$H$6:$H$405,$AN118)<>"",INDEX(職員マスタ!$H$6:$H$405,$AN118)<$AO118))),"対象月が時短期間外／","")&IF(AND(INDEX(職員マスタ!$F$6:$F$405,$AN118)<>"",$AO118<>"",INDEX(職員マスタ!$F$6:$F$405,$AN118)<$AO118),"対象月に子が2歳到達済／","")&IF(AND($H118<>"",INDEX(職員マスタ!$B$6:$B$405,$AN118)<>"",SUBSTITUTE(SUBSTITUTE($H118," ","")," ","")<>SUBSTITUTE(SUBSTITUTE(INDEX(職員マスタ!$B$6:$B$405,$AN118)," ","")," ","")),"氏名がマスタと相違／","")&IF(AND($Q118<>"",INDEX(職員マスタ!$E$6:$E$405,$AN118)<>"",$Q118<>INDEX(職員マスタ!$E$6:$E$405,$AN118)),"子の生年月日がマスタと相違／","")&IF(AND($L118<>"",INDEX(職員マスタ!$G$6:$G$405,$AN118)<>"",$L118<>INDEX(職員マスタ!$G$6:$G$405,$AN118)),"時短開始日がマスタと相違／","")&IF(AND($M118<>"",INDEX(職員マスタ!$H$6:$H$405,$AN118)<>"",$M118<>INDEX(職員マスタ!$H$6:$H$405,$AN118)),"時短終了日がマスタと相違／","")))&IF(AND($B118<>"",$E118=""),"報酬額が未入力／","")&IF(N($U118)>0,"申請書に入力エラーが残っています／","")&IF(AND($B118<>"",$AO118<>""),IF(COUNTIFS($B$6:$B$3005,$B118,$C$6:$C$3005,$C118,$D$6:$D$3005,$D118)>1,"同じ月の請求が重複しています／",""),"")&IF(AND(N($E118)>0,$Z118<>"",$Z118<>"×",$AC118=0,$AB118=""),"計算額が下限以下のため不支給／","")) | AM118: =IF($AD118="保留中",COUNTIF($AD$6:$AD118,"保留中"),"") | AN118: =IF($AO118="","",IF(SUMPRODUCT(MAX((職員マスタ!$A$6:$A$405=$B118)*(((職員マスタ!$G$6:$G$405="")+(職員マスタ!$G$6:$G$405<=EOMONTH($AO118,0)))>0)*(((職員マスタ!$H$6:$H$405="")+(職員マスタ!$H$6:$H$405>=$AO118))>0)*(ROW(職員マスタ!$A$6:$A$405)-5)))>0,SUMPRODUCT(MAX((職員マスタ!$A$6:$A$405=$B118)*(((職員マスタ!$G$6:$G$405="")+(職員マスタ!$G$6:$G$405<=EOMONTH($AO118,0)))>0)*(((職員マスタ!$H$6:$H$405="")+(職員マスタ!$H$6:$H$405>=$AO118))>0)*(ROW(職員マスタ!$A$6:$A$405)-5))),IFERROR(MATCH($B118,職員マスタ!$A$6:$A$405,0),""))) | AO118: =IF(OR($B118="",$C118="",$D118=""),"",DATE($C118+2018,$D118,1))
B119: 6101828 | C119: 8 | D119: 7 | E119: 229223 | V119: =IF($AN119="",IF($B119="","",$H119),IF(INDEX(職員マスタ!$B$6:$B$405,$AN119)="",$H119,INDEX(職員マスタ!$B$6:$B$405,$AN119))) | W119: =IF($AN119="",IF($B119="","",$R119),IF(INDEX(職員マスタ!$C$6:$C$405,$AN119)="",$R119,INDEX(職員マスタ!$C$6:$C$405,$AN119))) | X119: =IF($AO119="","","R"&$C119&"."&$D119) | Y119: =IF($AN119="","",IF(INDEX(職員マスタ!$K$6:$K$405,$AN119)="","",INDEX(職員マスタ!$K$6:$K$405,$AN119))) | Z119: =IF(OR($E119="",$Y119=""),"",IF($E119>=$Y119,"×",IF($E119>=$Y119*設定!$C$5,"△","○"))) | AA119: =IF($Z119="","",IF($Z119="×",0,IF($Z119="○",ROUNDDOWN($E119*設定!$C$4,0),ROUNDDOWN($E119*ROUND((9*$Y119-9*$E119)/(10*$E119),4),0)))) | AC119: =IF($B119="","",IF($AB119<>"",$AB119,IF($AA119="","",IF($AA119<=設定!$C$3,0,$AA119)))) | AD119: =IF($B119="","",IF(AND($AE119<>"",$AG119="",$AJ119=""),"保留中",IF($AJ119<>"",IF(N($AC119)>0,"支給済","不支給"),IF($AC119="","要確認",IF($AC119=0,"不支給","未処理"))))) | AI119: =IF(AND($AD119="保留中",$AF119<>""),TODAY()-$AF119,"") | AJ119: R8.10 | AK119: =IF($B119="","",IF($AO119="","対象年月が未入力／","")&IF($B119="","",IF($AN119="","職員マスタに未登録の職員番号／",IF($Y119="","標準報酬月額が未登録／","")&IF(AND($AO119<>"",OR(AND(INDEX(職員マスタ!$G$6:$G$405,$AN119)<>"",INDEX(職員マスタ!$G$6:$G$405,$AN119)>EOMONTH($AO119,0)),AND(INDEX(職員マスタ!$H$6:$H$405,$AN119)<>"",INDEX(職員マスタ!$H$6:$H$405,$AN119)<$AO119))),"対象月が時短期間外／","")&IF(AND(INDEX(職員マスタ!$F$6:$F$405,$AN119)<>"",$AO119<>"",INDEX(職員マスタ!$F$6:$F$405,$AN119)<$AO119),"対象月に子が2歳到達済／","")&IF(AND($H119<>"",INDEX(職員マスタ!$B$6:$B$405,$AN119)<>"",SUBSTITUTE(SUBSTITUTE($H119," ","")," ","")<>SUBSTITUTE(SUBSTITUTE(INDEX(職員マスタ!$B$6:$B$405,$AN119)," ","")," ","")),"氏名がマスタと相違／","")&IF(AND($Q119<>"",INDEX(職員マスタ!$E$6:$E$405,$AN119)<>"",$Q119<>INDEX(職員マスタ!$E$6:$E$405,$AN119)),"子の生年月日がマスタと相違／","")&IF(AND($L119<>"",INDEX(職員マスタ!$G$6:$G$405,$AN119)<>"",$L119<>INDEX(職員マスタ!$G$6:$G$405,$AN119)),"時短開始日がマスタと相違／","")&IF(AND($M119<>"",INDEX(職員マスタ!$H$6:$H$405,$AN119)<>"",$M119<>INDEX(職員マスタ!$H$6:$H$405,$AN119)),"時短終了日がマスタと相違／","")))&IF(AND($B119<>"",$E119=""),"報酬額が未入力／","")&IF(N($U119)>0,"申請書に入力エラーが残っています／","")&IF(AND($B119<>"",$AO119<>""),IF(COUNTIFS($B$6:$B$3005,$B119,$C$6:$C$3005,$C119,$D$6:$D$3005,$D119)>1,"同じ月の請求が重複しています／",""),"")&IF(AND(N($E119)>0,$Z119<>"",$Z119<>"×",$AC119=0,$AB119=""),"計算額が下限以下のため不支給／","")) | AM119: =IF($AD119="保留中",COUNTIF($AD$6:$AD119,"保留中"),"") | AN119: =IF($AO119="","",IF(SUMPRODUCT(MAX((職員マスタ!$A$6:$A$405=$B119)*(((職員マスタ!$G$6:$G$405="")+(職員マスタ!$G$6:$G$405<=EOMONTH($AO119,0)))>0)*(((職員マスタ!$H$6:$H$405="")+(職員マスタ!$H$6:$H$405>=$AO119))>0)*(ROW(職員マスタ!$A$6:$A$405)-5)))>0,SUMPRODUCT(MAX((職員マスタ!$A$6:$A$405=$B119)*(((職員マスタ!$G$6:$G$405="")+(職員マスタ!$G$6:$G$405<=EOMONTH($AO119,0)))>0)*(((職員マスタ!$H$6:$H$405="")+(職員マスタ!$H$6:$H$405>=$AO119))>0)*(ROW(職員マスタ!$A$6:$A$405)-5))),IFERROR(MATCH($B119,職員マスタ!$A$6:$A$405,0),""))) | AO119: =IF(OR($B119="",$C119="",$D119=""),"",DATE($C119+2018,$D119,1))
B120: 6101828 | C120: 8 | D120: 8 | E120: 231451 | V120: =IF($AN120="",IF($B120="","",$H120),IF(INDEX(職員マスタ!$B$6:$B$405,$AN120)="",$H120,INDEX(職員マスタ!$B$6:$B$405,$AN120))) | W120: =IF($AN120="",IF($B120="","",$R120),IF(INDEX(職員マスタ!$C$6:$C$405,$AN120)="",$R120,INDEX(職員マスタ!$C$6:$C$405,$AN120))) | X120: =IF($AO120="","","R"&$C120&"."&$D120) | Y120: =IF($AN120="","",IF(INDEX(職員マスタ!$K$6:$K$405,$AN120)="","",INDEX(職員マスタ!$K$6:$K$405,$AN120))) | Z120: =IF(OR($E120="",$Y120=""),"",IF($E120>=$Y120,"×",IF($E120>=$Y120*設定!$C$5,"△","○"))) | AA120: =IF($Z120="","",IF($Z120="×",0,IF($Z120="○",ROUNDDOWN($E120*設定!$C$4,0),ROUNDDOWN($E120*ROUND((9*$Y120-9*$E120)/(10*$E120),4),0)))) | AC120: =IF($B120="","",IF($AB120<>"",$AB120,IF($AA120="","",IF($AA120<=設定!$C$3,0,$AA120)))) | AD120: =IF($B120="","",IF(AND($AE120<>"",$AG120="",$AJ120=""),"保留中",IF($AJ120<>"",IF(N($AC120)>0,"支給済","不支給"),IF($AC120="","要確認",IF($AC120=0,"不支給","未処理"))))) | AI120: =IF(AND($AD120="保留中",$AF120<>""),TODAY()-$AF120,"") | AJ120: R8.10 | AK120: =IF($B120="","",IF($AO120="","対象年月が未入力／","")&IF($B120="","",IF($AN120="","職員マスタに未登録の職員番号／",IF($Y120="","標準報酬月額が未登録／","")&IF(AND($AO120<>"",OR(AND(INDEX(職員マスタ!$G$6:$G$405,$AN120)<>"",INDEX(職員マスタ!$G$6:$G$405,$AN120)>EOMONTH($AO120,0)),AND(INDEX(職員マスタ!$H$6:$H$405,$AN120)<>"",INDEX(職員マスタ!$H$6:$H$405,$AN120)<$AO120))),"対象月が時短期間外／","")&IF(AND(INDEX(職員マスタ!$F$6:$F$405,$AN120)<>"",$AO120<>"",INDEX(職員マスタ!$F$6:$F$405,$AN120)<$AO120),"対象月に子が2歳到達済／","")&IF(AND($H120<>"",INDEX(職員マスタ!$B$6:$B$405,$AN120)<>"",SUBSTITUTE(SUBSTITUTE($H120," ","")," ","")<>SUBSTITUTE(SUBSTITUTE(INDEX(職員マスタ!$B$6:$B$405,$AN120)," ","")," ","")),"氏名がマスタと相違／","")&IF(AND($Q120<>"",INDEX(職員マスタ!$E$6:$E$405,$AN120)<>"",$Q120<>INDEX(職員マスタ!$E$6:$E$405,$AN120)),"子の生年月日がマスタと相違／","")&IF(AND($L120<>"",INDEX(職員マスタ!$G$6:$G$405,$AN120)<>"",$L120<>INDEX(職員マスタ!$G$6:$G$405,$AN120)),"時短開始日がマスタと相違／","")&IF(AND($M120<>"",INDEX(職員マスタ!$H$6:$H$405,$AN120)<>"",$M120<>INDEX(職員マスタ!$H$6:$H$405,$AN120)),"時短終了日がマスタと相違／","")))&IF(AND($B120<>"",$E120=""),"報酬額が未入力／","")&IF(N($U120)>0,"申請書に入力エラーが残っています／","")&IF(AND($B120<>"",$AO120<>""),IF(COUNTIFS($B$6:$B$3005,$B120,$C$6:$C$3005,$C120,$D$6:$D$3005,$D120)>1,"同じ月の請求が重複しています／",""),"")&IF(AND(N($E120)>0,$Z120<>"",$Z120<>"×",$AC120=0,$AB120=""),"計算額が下限以下のため不支給／","")) | AM120: =IF($AD120="保留中",COUNTIF($AD$6:$AD120,"保留中"),"") | AN120: =IF($AO120="","",IF(SUMPRODUCT(MAX((職員マスタ!$A$6:$A$405=$B120)*(((職員マスタ!$G$6:$G$405="")+(職員マスタ!$G$6:$G$405<=EOMONTH($AO120,0)))>0)*(((職員マスタ!$H$6:$H$405="")+(職員マスタ!$H$6:$H$405>=$AO120))>0)*(ROW(職員マスタ!$A$6:$A$405)-5)))>0,SUMPRODUCT(MAX((職員マスタ!$A$6:$A$405=$B120)*(((職員マスタ!$G$6:$G$405="")+(職員マスタ!$G$6:$G$405<=EOMONTH($AO120,0)))>0)*(((職員マスタ!$H$6:$H$405="")+(職員マスタ!$H$6:$H$405>=$AO120))>0)*(ROW(職員マスタ!$A$6:$A$405)-5))),IFERROR(MATCH($B120,職員マスタ!$A$6:$A$405,0),""))) | AO120: =IF(OR($B120="",$C120="",$D120=""),"",DATE($C120+2018,$D120,1))
B121: 6101950 | C121: 7 | D121: 5 | E121: 182570 | V121: =IF($AN121="",IF($B121="","",$H121),IF(INDEX(職員マスタ!$B$6:$B$405,$AN121)="",$H121,INDEX(職員マスタ!$B$6:$B$405,$AN121))) | W121: =IF($AN121="",IF($B121="","",$R121),IF(INDEX(職員マスタ!$C$6:$C$405,$AN121)="",$R121,INDEX(職員マスタ!$C$6:$C$405,$AN121))) | X121: =IF($AO121="","","R"&$C121&"."&$D121) | Y121: =IF($AN121="","",IF(INDEX(職員マスタ!$K$6:$K$405,$AN121)="","",INDEX(職員マスタ!$K$6:$K$405,$AN121))) | Z121: =IF(OR($E121="",$Y121=""),"",IF($E121>=$Y121,"×",IF($E121>=$Y121*設定!$C$5,"△","○"))) | AA121: =IF($Z121="","",IF($Z121="×",0,IF($Z121="○",ROUNDDOWN($E121*設定!$C$4,0),ROUNDDOWN($E121*ROUND((9*$Y121-9*$E121)/(10*$E121),4),0)))) | AC121: =IF($B121="","",IF($AB121<>"",$AB121,IF($AA121="","",IF($AA121<=設定!$C$3,0,$AA121)))) | AD121: =IF($B121="","",IF(AND($AE121<>"",$AG121="",$AJ121=""),"保留中",IF($AJ121<>"",IF(N($AC121)>0,"支給済","不支給"),IF($AC121="","要確認",IF($AC121=0,"不支給","未処理"))))) | AE121: その他 | AI121: =IF(AND($AD121="保留中",$AF121<>""),TODAY()-$AF121,"") | AJ121: R7.11 | AK121: =IF($B121="","",IF($AO121="","対象年月が未入力／","")&IF($B121="","",IF($AN121="","職員マスタに未登録の職員番号／",IF($Y121="","標準報酬月額が未登録／","")&IF(AND($AO121<>"",OR(AND(INDEX(職員マスタ!$G$6:$G$405,$AN121)<>"",INDEX(職員マスタ!$G$6:$G$405,$AN121)>EOMONTH($AO121,0)),AND(INDEX(職員マスタ!$H$6:$H$405,$AN121)<>"",INDEX(職員マスタ!$H$6:$H$405,$AN121)<$AO121))),"対象月が時短期間外／","")&IF(AND(INDEX(職員マスタ!$F$6:$F$405,$AN121)<>"",$AO121<>"",INDEX(職員マスタ!$F$6:$F$405,$AN121)<$AO121),"対象月に子が2歳到達済／","")&IF(AND($H121<>"",INDEX(職員マスタ!$B$6:$B$405,$AN121)<>"",SUBSTITUTE(SUBSTITUTE($H121," ","")," ","")<>SUBSTITUTE(SUBSTITUTE(INDEX(職員マスタ!$B$6:$B$405,$AN121)," ","")," ","")),"氏名がマスタと相違／","")&IF(AND($Q121<>"",INDEX(職員マスタ!$E$6:$E$405,$AN121)<>"",$Q121<>INDEX(職員マスタ!$E$6:$E$405,$AN121)),"子の生年月日がマスタと相違／","")&IF(AND($L121<>"",INDEX(職員マスタ!$G$6:$G$405,$AN121)<>"",$L121<>INDEX(職員マスタ!$G$6:$G$405,$AN121)),"時短開始日がマスタと相違／","")&IF(AND($M121<>"",INDEX(職員マスタ!$H$6:$H$405,$AN121)<>"",$M121<>INDEX(職員マスタ!$H$6:$H$405,$AN121)),"時短終了日がマスタと相違／","")))&IF(AND($B121<>"",$E121=""),"報酬額が未入力／","")&IF(N($U121)>0,"申請書に入力エラーが残っています／","")&IF(AND($B121<>"",$AO121<>""),IF(COUNTIFS($B$6:$B$3005,$B121,$C$6:$C$3005,$C121,$D$6:$D$3005,$D121)>1,"同じ月の請求が重複しています／",""),"")&IF(AND(N($E121)>0,$Z121<>"",$Z121<>"×",$AC121=0,$AB121=""),"計算額が下限以下のため不支給／","")) | AL121: 保留⇒支給 | AM121: =IF($AD121="保留中",COUNTIF($AD$6:$AD121,"保留中"),"") | AN121: =IF($AO121="","",IF(SUMPRODUCT(MAX((職員マスタ!$A$6:$A$405=$B121)*(((職員マスタ!$G$6:$G$405="")+(職員マスタ!$G$6:$G$405<=EOMONTH($AO121,0)))>0)*(((職員マスタ!$H$6:$H$405="")+(職員マスタ!$H$6:$H$405>=$AO121))>0)*(ROW(職員マスタ!$A$6:$A$405)-5)))>0,SUMPRODUCT(MAX((職員マスタ!$A$6:$A$405=$B121)*(((職員マスタ!$G$6:$G$405="")+(職員マスタ!$G$6:$G$405<=EOMONTH($AO121,0)))>0)*(((職員マスタ!$H$6:$H$405="")+(職員マスタ!$H$6:$H$405>=$AO121))>0)*(ROW(職員マスタ!$A$6:$A$405)-5))),IFERROR(MATCH($B121,職員マスタ!$A$6:$A$405,0),""))) | AO121: =IF(OR($B121="",$C121="",$D121=""),"",DATE($C121+2018,$D121,1))
B122: 6101950 | C122: 7 | D122: 6 | E122: 182570 | V122: =IF($AN122="",IF($B122="","",$H122),IF(INDEX(職員マスタ!$B$6:$B$405,$AN122)="",$H122,INDEX(職員マスタ!$B$6:$B$405,$AN122))) | W122: =IF($AN122="",IF($B122="","",$R122),IF(INDEX(職員マスタ!$C$6:$C$405,$AN122)="",$R122,INDEX(職員マスタ!$C$6:$C$405,$AN122))) | X122: =IF($AO122="","","R"&$C122&"."&$D122) | Y122: =IF($AN122="","",IF(INDEX(職員マスタ!$K$6:$K$405,$AN122)="","",INDEX(職員マスタ!$K$6:$K$405,$AN122))) | Z122: =IF(OR($E122="",$Y122=""),"",IF($E122>=$Y122,"×",IF($E122>=$Y122*設定!$C$5,"△","○"))) | AA122: =IF($Z122="","",IF($Z122="×",0,IF($Z122="○",ROUNDDOWN($E122*設定!$C$4,0),ROUNDDOWN($E122*ROUND((9*$Y122-9*$E122)/(10*$E122),4),0)))) | AC122: =IF($B122="","",IF($AB122<>"",$AB122,IF($AA122="","",IF($AA122<=設定!$C$3,0,$AA122)))) | AD122: =IF($B122="","",IF(AND($AE122<>"",$AG122="",$AJ122=""),"保留中",IF($AJ122<>"",IF(N($AC122)>0,"支給済","不支給"),IF($AC122="","要確認",IF($AC122=0,"不支給","未処理"))))) | AE122: その他 | AI122: =IF(AND($AD122="保留中",$AF122<>""),TODAY()-$AF122,"") | AJ122: R7.11 | AK122: =IF($B122="","",IF($AO122="","対象年月が未入力／","")&IF($B122="","",IF($AN122="","職員マスタに未登録の職員番号／",IF($Y122="","標準報酬月額が未登録／","")&IF(AND($AO122<>"",OR(AND(INDEX(職員マスタ!$G$6:$G$405,$AN122)<>"",INDEX(職員マスタ!$G$6:$G$405,$AN122)>EOMONTH($AO122,0)),AND(INDEX(職員マスタ!$H$6:$H$405,$AN122)<>"",INDEX(職員マスタ!$H$6:$H$405,$AN122)<$AO122))),"対象月が時短期間外／","")&IF(AND(INDEX(職員マスタ!$F$6:$F$405,$AN122)<>"",$AO122<>"",INDEX(職員マスタ!$F$6:$F$405,$AN122)<$AO122),"対象月に子が2歳到達済／","")&IF(AND($H122<>"",INDEX(職員マスタ!$B$6:$B$405,$AN122)<>"",SUBSTITUTE(SUBSTITUTE($H122," ","")," ","")<>SUBSTITUTE(SUBSTITUTE(INDEX(職員マスタ!$B$6:$B$405,$AN122)," ","")," ","")),"氏名がマスタと相違／","")&IF(AND($Q122<>"",INDEX(職員マスタ!$E$6:$E$405,$AN122)<>"",$Q122<>INDEX(職員マスタ!$E$6:$E$405,$AN122)),"子の生年月日がマスタと相違／","")&IF(AND($L122<>"",INDEX(職員マスタ!$G$6:$G$405,$AN122)<>"",$L122<>INDEX(職員マスタ!$G$6:$G$405,$AN122)),"時短開始日がマスタと相違／","")&IF(AND($M122<>"",INDEX(職員マスタ!$H$6:$H$405,$AN122)<>"",$M122<>INDEX(職員マスタ!$H$6:$H$405,$AN122)),"時短終了日がマスタと相違／","")))&IF(AND($B122<>"",$E122=""),"報酬額が未入力／","")&IF(N($U122)>0,"申請書に入力エラーが残っています／","")&IF(AND($B122<>"",$AO122<>""),IF(COUNTIFS($B$6:$B$3005,$B122,$C$6:$C$3005,$C122,$D$6:$D$3005,$D122)>1,"同じ月の請求が重複しています／",""),"")&IF(AND(N($E122)>0,$Z122<>"",$Z122<>"×",$AC122=0,$AB122=""),"計算額が下限以下のため不支給／","")) | AL122: 保留⇒支給 | AM122: =IF($AD122="保留中",COUNTIF($AD$6:$AD122,"保留中"),"") | AN122: =IF($AO122="","",IF(SUMPRODUCT(MAX((職員マスタ!$A$6:$A$405=$B122)*(((職員マスタ!$G$6:$G$405="")+(職員マスタ!$G$6:$G$405<=EOMONTH($AO122,0)))>0)*(((職員マスタ!$H$6:$H$405="")+(職員マスタ!$H$6:$H$405>=$AO122))>0)*(ROW(職員マスタ!$A$6:$A$405)-5)))>0,SUMPRODUCT(MAX((職員マスタ!$A$6:$A$405=$B122)*(((職員マスタ!$G$6:$G$405="")+(職員マスタ!$G$6:$G$405<=EOMONTH($AO122,0)))>0)*(((職員マスタ!$H$6:$H$405="")+(職員マスタ!$H$6:$H$405>=$AO122))>0)*(ROW(職員マスタ!$A$6:$A$405)-5))),IFERROR(MATCH($B122,職員マスタ!$A$6:$A$405,0),""))) | AO122: =IF(OR($B122="",$C122="",$D122=""),"",DATE($C122+2018,$D122,1))
B123: 6101950 | C123: 7 | D123: 7 | E123: 182570 | V123: =IF($AN123="",IF($B123="","",$H123),IF(INDEX(職員マスタ!$B$6:$B$405,$AN123)="",$H123,INDEX(職員マスタ!$B$6:$B$405,$AN123))) | W123: =IF($AN123="",IF($B123="","",$R123),IF(INDEX(職員マスタ!$C$6:$C$405,$AN123)="",$R123,INDEX(職員マスタ!$C$6:$C$405,$AN123))) | X123: =IF($AO123="","","R"&$C123&"."&$D123) | Y123: =IF($AN123="","",IF(INDEX(職員マスタ!$K$6:$K$405,$AN123)="","",INDEX(職員マスタ!$K$6:$K$405,$AN123))) | Z123: =IF(OR($E123="",$Y123=""),"",IF($E123>=$Y123,"×",IF($E123>=$Y123*設定!$C$5,"△","○"))) | AA123: =IF($Z123="","",IF($Z123="×",0,IF($Z123="○",ROUNDDOWN($E123*設定!$C$4,0),ROUNDDOWN($E123*ROUND((9*$Y123-9*$E123)/(10*$E123),4),0)))) | AC123: =IF($B123="","",IF($AB123<>"",$AB123,IF($AA123="","",IF($AA123<=設定!$C$3,0,$AA123)))) | AD123: =IF($B123="","",IF(AND($AE123<>"",$AG123="",$AJ123=""),"保留中",IF($AJ123<>"",IF(N($AC123)>0,"支給済","不支給"),IF($AC123="","要確認",IF($AC123=0,"不支給","未処理"))))) | AI123: =IF(AND($AD123="保留中",$AF123<>""),TODAY()-$AF123,"") | AJ123: R7.9 | AK123: =IF($B123="","",IF($AO123="","対象年月が未入力／","")&IF($B123="","",IF($AN123="","職員マスタに未登録の職員番号／",IF($Y123="","標準報酬月額が未登録／","")&IF(AND($AO123<>"",OR(AND(INDEX(職員マスタ!$G$6:$G$405,$AN123)<>"",INDEX(職員マスタ!$G$6:$G$405,$AN123)>EOMONTH($AO123,0)),AND(INDEX(職員マスタ!$H$6:$H$405,$AN123)<>"",INDEX(職員マスタ!$H$6:$H$405,$AN123)<$AO123))),"対象月が時短期間外／","")&IF(AND(INDEX(職員マスタ!$F$6:$F$405,$AN123)<>"",$AO123<>"",INDEX(職員マスタ!$F$6:$F$405,$AN123)<$AO123),"対象月に子が2歳到達済／","")&IF(AND($H123<>"",INDEX(職員マスタ!$B$6:$B$405,$AN123)<>"",SUBSTITUTE(SUBSTITUTE($H123," ","")," ","")<>SUBSTITUTE(SUBSTITUTE(INDEX(職員マスタ!$B$6:$B$405,$AN123)," ","")," ","")),"氏名がマスタと相違／","")&IF(AND($Q123<>"",INDEX(職員マスタ!$E$6:$E$405,$AN123)<>"",$Q123<>INDEX(職員マスタ!$E$6:$E$405,$AN123)),"子の生年月日がマスタと相違／","")&IF(AND($L123<>"",INDEX(職員マスタ!$G$6:$G$405,$AN123)<>"",$L123<>INDEX(職員マスタ!$G$6:$G$405,$AN123)),"時短開始日がマスタと相違／","")&IF(AND($M123<>"",INDEX(職員マスタ!$H$6:$H$405,$AN123)<>"",$M123<>INDEX(職員マスタ!$H$6:$H$405,$AN123)),"時短終了日がマスタと相違／","")))&IF(AND($B123<>"",$E123=""),"報酬額が未入力／","")&IF(N($U123)>0,"申請書に入力エラーが残っています／","")&IF(AND($B123<>"",$AO123<>""),IF(COUNTIFS($B$6:$B$3005,$B123,$C$6:$C$3005,$C123,$D$6:$D$3005,$D123)>1,"同じ月の請求が重複しています／",""),"")&IF(AND(N($E123)>0,$Z123<>"",$Z123<>"×",$AC123=0,$AB123=""),"計算額が下限以下のため不支給／","")) | AM123: =IF($AD123="保留中",COUNTIF($AD$6:$AD123,"保留中"),"") | AN123: =IF($AO123="","",IF(SUMPRODUCT(MAX((職員マスタ!$A$6:$A$405=$B123)*(((職員マスタ!$G$6:$G$405="")+(職員マスタ!$G$6:$G$405<=EOMONTH($AO123,0)))>0)*(((職員マスタ!$H$6:$H$405="")+(職員マスタ!$H$6:$H$405>=$AO123))>0)*(ROW(職員マスタ!$A$6:$A$405)-5)))>0,SUMPRODUCT(MAX((職員マスタ!$A$6:$A$405=$B123)*(((職員マスタ!$G$6:$G$405="")+(職員マスタ!$G$6:$G$405<=EOMONTH($AO123,0)))>0)*(((職員マスタ!$H$6:$H$405="")+(職員マスタ!$H$6:$H$405>=$AO123))>0)*(ROW(職員マスタ!$A$6:$A$405)-5))),IFERROR(MATCH($B123,職員マスタ!$A$6:$A$405,0),""))) | AO123: =IF(OR($B123="",$C123="",$D123=""),"",DATE($C123+2018,$D123,1))
B124: 6101950 | C124: 7 | D124: 8 | E124: 182570 | V124: =IF($AN124="",IF($B124="","",$H124),IF(INDEX(職員マスタ!$B$6:$B$405,$AN124)="",$H124,INDEX(職員マスタ!$B$6:$B$405,$AN124))) | W124: =IF($AN124="",IF($B124="","",$R124),IF(INDEX(職員マスタ!$C$6:$C$405,$AN124)="",$R124,INDEX(職員マスタ!$C$6:$C$405,$AN124))) | X124: =IF($AO124="","","R"&$C124&"."&$D124) | Y124: =IF($AN124="","",IF(INDEX(職員マスタ!$K$6:$K$405,$AN124)="","",INDEX(職員マスタ!$K$6:$K$405,$AN124))) | Z124: =IF(OR($E124="",$Y124=""),"",IF($E124>=$Y124,"×",IF($E124>=$Y124*設定!$C$5,"△","○"))) | AA124: =IF($Z124="","",IF($Z124="×",0,IF($Z124="○",ROUNDDOWN($E124*設定!$C$4,0),ROUNDDOWN($E124*ROUND((9*$Y124-9*$E124)/(10*$E124),4),0)))) | AC124: =IF($B124="","",IF($AB124<>"",$AB124,IF($AA124="","",IF($AA124<=設定!$C$3,0,$AA124)))) | AD124: =IF($B124="","",IF(AND($AE124<>"",$AG124="",$AJ124=""),"保留中",IF($AJ124<>"",IF(N($AC124)>0,"支給済","不支給"),IF($AC124="","要確認",IF($AC124=0,"不支給","未処理"))))) | AI124: =IF(AND($AD124="保留中",$AF124<>""),TODAY()-$AF124,"") | AJ124: R7.10 | AK124: =IF($B124="","",IF($AO124="","対象年月が未入力／","")&IF($B124="","",IF($AN124="","職員マスタに未登録の職員番号／",IF($Y124="","標準報酬月額が未登録／","")&IF(AND($AO124<>"",OR(AND(INDEX(職員マスタ!$G$6:$G$405,$AN124)<>"",INDEX(職員マスタ!$G$6:$G$405,$AN124)>EOMONTH($AO124,0)),AND(INDEX(職員マスタ!$H$6:$H$405,$AN124)<>"",INDEX(職員マスタ!$H$6:$H$405,$AN124)<$AO124))),"対象月が時短期間外／","")&IF(AND(INDEX(職員マスタ!$F$6:$F$405,$AN124)<>"",$AO124<>"",INDEX(職員マスタ!$F$6:$F$405,$AN124)<$AO124),"対象月に子が2歳到達済／","")&IF(AND($H124<>"",INDEX(職員マスタ!$B$6:$B$405,$AN124)<>"",SUBSTITUTE(SUBSTITUTE($H124," ","")," ","")<>SUBSTITUTE(SUBSTITUTE(INDEX(職員マスタ!$B$6:$B$405,$AN124)," ","")," ","")),"氏名がマスタと相違／","")&IF(AND($Q124<>"",INDEX(職員マスタ!$E$6:$E$405,$AN124)<>"",$Q124<>INDEX(職員マスタ!$E$6:$E$405,$AN124)),"子の生年月日がマスタと相違／","")&IF(AND($L124<>"",INDEX(職員マスタ!$G$6:$G$405,$AN124)<>"",$L124<>INDEX(職員マスタ!$G$6:$G$405,$AN124)),"時短開始日がマスタと相違／","")&IF(AND($M124<>"",INDEX(職員マスタ!$H$6:$H$405,$AN124)<>"",$M124<>INDEX(職員マスタ!$H$6:$H$405,$AN124)),"時短終了日がマスタと相違／","")))&IF(AND($B124<>"",$E124=""),"報酬額が未入力／","")&IF(N($U124)>0,"申請書に入力エラーが残っています／","")&IF(AND($B124<>"",$AO124<>""),IF(COUNTIFS($B$6:$B$3005,$B124,$C$6:$C$3005,$C124,$D$6:$D$3005,$D124)>1,"同じ月の請求が重複しています／",""),"")&IF(AND(N($E124)>0,$Z124<>"",$Z124<>"×",$AC124=0,$AB124=""),"計算額が下限以下のため不支給／","")) | AM124: =IF($AD124="保留中",COUNTIF($AD$6:$AD124,"保留中"),"") | AN124: =IF($AO124="","",IF(SUMPRODUCT(MAX((職員マスタ!$A$6:$A$405=$B124)*(((職員マスタ!$G$6:$G$405="")+(職員マスタ!$G$6:$G$405<=EOMONTH($AO124,0)))>0)*(((職員マスタ!$H$6:$H$405="")+(職員マスタ!$H$6:$H$405>=$AO124))>0)*(ROW(職員マスタ!$A$6:$A$405)-5)))>0,SUMPRODUCT(MAX((職員マスタ!$A$6:$A$405=$B124)*(((職員マスタ!$G$6:$G$405="")+(職員マスタ!$G$6:$G$405<=EOMONTH($AO124,0)))>0)*(((職員マスタ!$H$6:$H$405="")+(職員マスタ!$H$6:$H$405>=$AO124))>0)*(ROW(職員マスタ!$A$6:$A$405)-5))),IFERROR(MATCH($B124,職員マスタ!$A$6:$A$405,0),""))) | AO124: =IF(OR($B124="",$C124="",$D124=""),"",DATE($C124+2018,$D124,1))
B125: 6101950 | C125: 7 | D125: 9 | E125: 182570 | V125: =IF($AN125="",IF($B125="","",$H125),IF(INDEX(職員マスタ!$B$6:$B$405,$AN125)="",$H125,INDEX(職員マスタ!$B$6:$B$405,$AN125))) | W125: =IF($AN125="",IF($B125="","",$R125),IF(INDEX(職員マスタ!$C$6:$C$405,$AN125)="",$R125,INDEX(職員マスタ!$C$6:$C$405,$AN125))) | X125: =IF($AO125="","","R"&$C125&"."&$D125) | Y125: =IF($AN125="","",IF(INDEX(職員マスタ!$K$6:$K$405,$AN125)="","",INDEX(職員マスタ!$K$6:$K$405,$AN125))) | Z125: =IF(OR($E125="",$Y125=""),"",IF($E125>=$Y125,"×",IF($E125>=$Y125*設定!$C$5,"△","○"))) | AA125: =IF($Z125="","",IF($Z125="×",0,IF($Z125="○",ROUNDDOWN($E125*設定!$C$4,0),ROUNDDOWN($E125*ROUND((9*$Y125-9*$E125)/(10*$E125),4),0)))) | AC125: =IF($B125="","",IF($AB125<>"",$AB125,IF($AA125="","",IF($AA125<=設定!$C$3,0,$AA125)))) | AD125: =IF($B125="","",IF(AND($AE125<>"",$AG125="",$AJ125=""),"保留中",IF($AJ125<>"",IF(N($AC125)>0,"支給済","不支給"),IF($AC125="","要確認",IF($AC125=0,"不支給","未処理"))))) | AI125: =IF(AND($AD125="保留中",$AF125<>""),TODAY()-$AF125,"") | AJ125: R7.11 | AK125: =IF($B125="","",IF($AO125="","対象年月が未入力／","")&IF($B125="","",IF($AN125="","職員マスタに未登録の職員番号／",IF($Y125="","標準報酬月額が未登録／","")&IF(AND($AO125<>"",OR(AND(INDEX(職員マスタ!$G$6:$G$405,$AN125)<>"",INDEX(職員マスタ!$G$6:$G$405,$AN125)>EOMONTH($AO125,0)),AND(INDEX(職員マスタ!$H$6:$H$405,$AN125)<>"",INDEX(職員マスタ!$H$6:$H$405,$AN125)<$AO125))),"対象月が時短期間外／","")&IF(AND(INDEX(職員マスタ!$F$6:$F$405,$AN125)<>"",$AO125<>"",INDEX(職員マスタ!$F$6:$F$405,$AN125)<$AO125),"対象月に子が2歳到達済／","")&IF(AND($H125<>"",INDEX(職員マスタ!$B$6:$B$405,$AN125)<>"",SUBSTITUTE(SUBSTITUTE($H125," ","")," ","")<>SUBSTITUTE(SUBSTITUTE(INDEX(職員マスタ!$B$6:$B$405,$AN125)," ","")," ","")),"氏名がマスタと相違／","")&IF(AND($Q125<>"",INDEX(職員マスタ!$E$6:$E$405,$AN125)<>"",$Q125<>INDEX(職員マスタ!$E$6:$E$405,$AN125)),"子の生年月日がマスタと相違／","")&IF(AND($L125<>"",INDEX(職員マスタ!$G$6:$G$405,$AN125)<>"",$L125<>INDEX(職員マスタ!$G$6:$G$405,$AN125)),"時短開始日がマスタと相違／","")&IF(AND($M125<>"",INDEX(職員マスタ!$H$6:$H$405,$AN125)<>"",$M125<>INDEX(職員マスタ!$H$6:$H$405,$AN125)),"時短終了日がマスタと相違／","")))&IF(AND($B125<>"",$E125=""),"報酬額が未入力／","")&IF(N($U125)>0,"申請書に入力エラーが残っています／","")&IF(AND($B125<>"",$AO125<>""),IF(COUNTIFS($B$6:$B$3005,$B125,$C$6:$C$3005,$C125,$D$6:$D$3005,$D125)>1,"同じ月の請求が重複しています／",""),"")&IF(AND(N($E125)>0,$Z125<>"",$Z125<>"×",$AC125=0,$AB125=""),"計算額が下限以下のため不支給／","")) | AM125: =IF($AD125="保留中",COUNTIF($AD$6:$AD125,"保留中"),"") | AN125: =IF($AO125="","",IF(SUMPRODUCT(MAX((職員マスタ!$A$6:$A$405=$B125)*(((職員マスタ!$G$6:$G$405="")+(職員マスタ!$G$6:$G$405<=EOMONTH($AO125,0)))>0)*(((職員マスタ!$H$6:$H$405="")+(職員マスタ!$H$6:$H$405>=$AO125))>0)*(ROW(職員マスタ!$A$6:$A$405)-5)))>0,SUMPRODUCT(MAX((職員マスタ!$A$6:$A$405=$B125)*(((職員マスタ!$G$6:$G$405="")+(職員マスタ!$G$6:$G$405<=EOMONTH($AO125,0)))>0)*(((職員マスタ!$H$6:$H$405="")+(職員マスタ!$H$6:$H$405>=$AO125))>0)*(ROW(職員マスタ!$A$6:$A$405)-5))),IFERROR(MATCH($B125,職員マスタ!$A$6:$A$405,0),""))) | AO125: =IF(OR($B125="",$C125="",$D125=""),"",DATE($C125+2018,$D125,1))
B126: 6101950 | C126: 7 | D126: 10 | E126: 182574 | V126: =IF($AN126="",IF($B126="","",$H126),IF(INDEX(職員マスタ!$B$6:$B$405,$AN126)="",$H126,INDEX(職員マスタ!$B$6:$B$405,$AN126))) | W126: =IF($AN126="",IF($B126="","",$R126),IF(INDEX(職員マスタ!$C$6:$C$405,$AN126)="",$R126,INDEX(職員マスタ!$C$6:$C$405,$AN126))) | X126: =IF($AO126="","","R"&$C126&"."&$D126) | Y126: =IF($AN126="","",IF(INDEX(職員マスタ!$K$6:$K$405,$AN126)="","",INDEX(職員マスタ!$K$6:$K$405,$AN126))) | Z126: =IF(OR($E126="",$Y126=""),"",IF($E126>=$Y126,"×",IF($E126>=$Y126*設定!$C$5,"△","○"))) | AA126: =IF($Z126="","",IF($Z126="×",0,IF($Z126="○",ROUNDDOWN($E126*設定!$C$4,0),ROUNDDOWN($E126*ROUND((9*$Y126-9*$E126)/(10*$E126),4),0)))) | AC126: =IF($B126="","",IF($AB126<>"",$AB126,IF($AA126="","",IF($AA126<=設定!$C$3,0,$AA126)))) | AD126: =IF($B126="","",IF(AND($AE126<>"",$AG126="",$AJ126=""),"保留中",IF($AJ126<>"",IF(N($AC126)>0,"支給済","不支給"),IF($AC126="","要確認",IF($AC126=0,"不支給","未処理"))))) | AI126: =IF(AND($AD126="保留中",$AF126<>""),TODAY()-$AF126,"") | AJ126: R7.12 | AK126: =IF($B126="","",IF($AO126="","対象年月が未入力／","")&IF($B126="","",IF($AN126="","職員マスタに未登録の職員番号／",IF($Y126="","標準報酬月額が未登録／","")&IF(AND($AO126<>"",OR(AND(INDEX(職員マスタ!$G$6:$G$405,$AN126)<>"",INDEX(職員マスタ!$G$6:$G$405,$AN126)>EOMONTH($AO126,0)),AND(INDEX(職員マスタ!$H$6:$H$405,$AN126)<>"",INDEX(職員マスタ!$H$6:$H$405,$AN126)<$AO126))),"対象月が時短期間外／","")&IF(AND(INDEX(職員マスタ!$F$6:$F$405,$AN126)<>"",$AO126<>"",INDEX(職員マスタ!$F$6:$F$405,$AN126)<$AO126),"対象月に子が2歳到達済／","")&IF(AND($H126<>"",INDEX(職員マスタ!$B$6:$B$405,$AN126)<>"",SUBSTITUTE(SUBSTITUTE($H126," ","")," ","")<>SUBSTITUTE(SUBSTITUTE(INDEX(職員マスタ!$B$6:$B$405,$AN126)," ","")," ","")),"氏名がマスタと相違／","")&IF(AND($Q126<>"",INDEX(職員マスタ!$E$6:$E$405,$AN126)<>"",$Q126<>INDEX(職員マスタ!$E$6:$E$405,$AN126)),"子の生年月日がマスタと相違／","")&IF(AND($L126<>"",INDEX(職員マスタ!$G$6:$G$405,$AN126)<>"",$L126<>INDEX(職員マスタ!$G$6:$G$405,$AN126)),"時短開始日がマスタと相違／","")&IF(AND($M126<>"",INDEX(職員マスタ!$H$6:$H$405,$AN126)<>"",$M126<>INDEX(職員マスタ!$H$6:$H$405,$AN126)),"時短終了日がマスタと相違／","")))&IF(AND($B126<>"",$E126=""),"報酬額が未入力／","")&IF(N($U126)>0,"申請書に入力エラーが残っています／","")&IF(AND($B126<>"",$AO126<>""),IF(COUNTIFS($B$6:$B$3005,$B126,$C$6:$C$3005,$C126,$D$6:$D$3005,$D126)>1,"同じ月の請求が重複しています／",""),"")&IF(AND(N($E126)>0,$Z126<>"",$Z126<>"×",$AC126=0,$AB126=""),"計算額が下限以下のため不支給／","")) | AM126: =IF($AD126="保留中",COUNTIF($AD$6:$AD126,"保留中"),"") | AN126: =IF($AO126="","",IF(SUMPRODUCT(MAX((職員マスタ!$A$6:$A$405=$B126)*(((職員マスタ!$G$6:$G$405="")+(職員マスタ!$G$6:$G$405<=EOMONTH($AO126,0)))>0)*(((職員マスタ!$H$6:$H$405="")+(職員マスタ!$H$6:$H$405>=$AO126))>0)*(ROW(職員マスタ!$A$6:$A$405)-5)))>0,SUMPRODUCT(MAX((職員マスタ!$A$6:$A$405=$B126)*(((職員マスタ!$G$6:$G$405="")+(職員マスタ!$G$6:$G$405<=EOMONTH($AO126,0)))>0)*(((職員マスタ!$H$6:$H$405="")+(職員マスタ!$H$6:$H$405>=$AO126))>0)*(ROW(職員マスタ!$A$6:$A$405)-5))),IFERROR(MATCH($B126,職員マスタ!$A$6:$A$405,0),""))) | AO126: =IF(OR($B126="",$C126="",$D126=""),"",DATE($C126+2018,$D126,1))
B127: 6101950 | C127: 7 | D127: 11 | E127: 182570 | V127: =IF($AN127="",IF($B127="","",$H127),IF(INDEX(職員マスタ!$B$6:$B$405,$AN127)="",$H127,INDEX(職員マスタ!$B$6:$B$405,$AN127))) | W127: =IF($AN127="",IF($B127="","",$R127),IF(INDEX(職員マスタ!$C$6:$C$405,$AN127)="",$R127,INDEX(職員マスタ!$C$6:$C$405,$AN127))) | X127: =IF($AO127="","","R"&$C127&"."&$D127) | Y127: =IF($AN127="","",IF(INDEX(職員マスタ!$K$6:$K$405,$AN127)="","",INDEX(職員マスタ!$K$6:$K$405,$AN127))) | Z127: =IF(OR($E127="",$Y127=""),"",IF($E127>=$Y127,"×",IF($E127>=$Y127*設定!$C$5,"△","○"))) | AA127: =IF($Z127="","",IF($Z127="×",0,IF($Z127="○",ROUNDDOWN($E127*設定!$C$4,0),ROUNDDOWN($E127*ROUND((9*$Y127-9*$E127)/(10*$E127),4),0)))) | AC127: =IF($B127="","",IF($AB127<>"",$AB127,IF($AA127="","",IF($AA127<=設定!$C$3,0,$AA127)))) | AD127: =IF($B127="","",IF(AND($AE127<>"",$AG127="",$AJ127=""),"保留中",IF($AJ127<>"",IF(N($AC127)>0,"支給済","不支給"),IF($AC127="","要確認",IF($AC127=0,"不支給","未処理"))))) | AI127: =IF(AND($AD127="保留中",$AF127<>""),TODAY()-$AF127,"") | AJ127: R8.1 | AK127: =IF($B127="","",IF($AO127="","対象年月が未入力／","")&IF($B127="","",IF($AN127="","職員マスタに未登録の職員番号／",IF($Y127="","標準報酬月額が未登録／","")&IF(AND($AO127<>"",OR(AND(INDEX(職員マスタ!$G$6:$G$405,$AN127)<>"",INDEX(職員マスタ!$G$6:$G$405,$AN127)>EOMONTH($AO127,0)),AND(INDEX(職員マスタ!$H$6:$H$405,$AN127)<>"",INDEX(職員マスタ!$H$6:$H$405,$AN127)<$AO127))),"対象月が時短期間外／","")&IF(AND(INDEX(職員マスタ!$F$6:$F$405,$AN127)<>"",$AO127<>"",INDEX(職員マスタ!$F$6:$F$405,$AN127)<$AO127),"対象月に子が2歳到達済／","")&IF(AND($H127<>"",INDEX(職員マスタ!$B$6:$B$405,$AN127)<>"",SUBSTITUTE(SUBSTITUTE($H127," ","")," ","")<>SUBSTITUTE(SUBSTITUTE(INDEX(職員マスタ!$B$6:$B$405,$AN127)," ","")," ","")),"氏名がマスタと相違／","")&IF(AND($Q127<>"",INDEX(職員マスタ!$E$6:$E$405,$AN127)<>"",$Q127<>INDEX(職員マスタ!$E$6:$E$405,$AN127)),"子の生年月日がマスタと相違／","")&IF(AND($L127<>"",INDEX(職員マスタ!$G$6:$G$405,$AN127)<>"",$L127<>INDEX(職員マスタ!$G$6:$G$405,$AN127)),"時短開始日がマスタと相違／","")&IF(AND($M127<>"",INDEX(職員マスタ!$H$6:$H$405,$AN127)<>"",$M127<>INDEX(職員マスタ!$H$6:$H$405,$AN127)),"時短終了日がマスタと相違／","")))&IF(AND($B127<>"",$E127=""),"報酬額が未入力／","")&IF(N($U127)>0,"申請書に入力エラーが残っています／","")&IF(AND($B127<>"",$AO127<>""),IF(COUNTIFS($B$6:$B$3005,$B127,$C$6:$C$3005,$C127,$D$6:$D$3005,$D127)>1,"同じ月の請求が重複しています／",""),"")&IF(AND(N($E127)>0,$Z127<>"",$Z127<>"×",$AC127=0,$AB127=""),"計算額が下限以下のため不支給／","")) | AM127: =IF($AD127="保留中",COUNTIF($AD$6:$AD127,"保留中"),"") | AN127: =IF($AO127="","",IF(SUMPRODUCT(MAX((職員マスタ!$A$6:$A$405=$B127)*(((職員マスタ!$G$6:$G$405="")+(職員マスタ!$G$6:$G$405<=EOMONTH($AO127,0)))>0)*(((職員マスタ!$H$6:$H$405="")+(職員マスタ!$H$6:$H$405>=$AO127))>0)*(ROW(職員マスタ!$A$6:$A$405)-5)))>0,SUMPRODUCT(MAX((職員マスタ!$A$6:$A$405=$B127)*(((職員マスタ!$G$6:$G$405="")+(職員マスタ!$G$6:$G$405<=EOMONTH($AO127,0)))>0)*(((職員マスタ!$H$6:$H$405="")+(職員マスタ!$H$6:$H$405>=$AO127))>0)*(ROW(職員マスタ!$A$6:$A$405)-5))),IFERROR(MATCH($B127,職員マスタ!$A$6:$A$405,0),""))) | AO127: =IF(OR($B127="",$C127="",$D127=""),"",DATE($C127+2018,$D127,1))
B128: 6101950 | C128: 7 | D128: 12 | E128: 184591 | V128: =IF($AN128="",IF($B128="","",$H128),IF(INDEX(職員マスタ!$B$6:$B$405,$AN128)="",$H128,INDEX(職員マスタ!$B$6:$B$405,$AN128))) | W128: =IF($AN128="",IF($B128="","",$R128),IF(INDEX(職員マスタ!$C$6:$C$405,$AN128)="",$R128,INDEX(職員マスタ!$C$6:$C$405,$AN128))) | X128: =IF($AO128="","","R"&$C128&"."&$D128) | Y128: =IF($AN128="","",IF(INDEX(職員マスタ!$K$6:$K$405,$AN128)="","",INDEX(職員マスタ!$K$6:$K$405,$AN128))) | Z128: =IF(OR($E128="",$Y128=""),"",IF($E128>=$Y128,"×",IF($E128>=$Y128*設定!$C$5,"△","○"))) | AA128: =IF($Z128="","",IF($Z128="×",0,IF($Z128="○",ROUNDDOWN($E128*設定!$C$4,0),ROUNDDOWN($E128*ROUND((9*$Y128-9*$E128)/(10*$E128),4),0)))) | AC128: =IF($B128="","",IF($AB128<>"",$AB128,IF($AA128="","",IF($AA128<=設定!$C$3,0,$AA128)))) | AD128: =IF($B128="","",IF(AND($AE128<>"",$AG128="",$AJ128=""),"保留中",IF($AJ128<>"",IF(N($AC128)>0,"支給済","不支給"),IF($AC128="","要確認",IF($AC128=0,"不支給","未処理"))))) | AI128: =IF(AND($AD128="保留中",$AF128<>""),TODAY()-$AF128,"") | AJ128: R8.2 | AK128: =IF($B128="","",IF($AO128="","対象年月が未入力／","")&IF($B128="","",IF($AN128="","職員マスタに未登録の職員番号／",IF($Y128="","標準報酬月額が未登録／","")&IF(AND($AO128<>"",OR(AND(INDEX(職員マスタ!$G$6:$G$405,$AN128)<>"",INDEX(職員マスタ!$G$6:$G$405,$AN128)>EOMONTH($AO128,0)),AND(INDEX(職員マスタ!$H$6:$H$405,$AN128)<>"",INDEX(職員マスタ!$H$6:$H$405,$AN128)<$AO128))),"対象月が時短期間外／","")&IF(AND(INDEX(職員マスタ!$F$6:$F$405,$AN128)<>"",$AO128<>"",INDEX(職員マスタ!$F$6:$F$405,$AN128)<$AO128),"対象月に子が2歳到達済／","")&IF(AND($H128<>"",INDEX(職員マスタ!$B$6:$B$405,$AN128)<>"",SUBSTITUTE(SUBSTITUTE($H128," ","")," ","")<>SUBSTITUTE(SUBSTITUTE(INDEX(職員マスタ!$B$6:$B$405,$AN128)," ","")," ","")),"氏名がマスタと相違／","")&IF(AND($Q128<>"",INDEX(職員マスタ!$E$6:$E$405,$AN128)<>"",$Q128<>INDEX(職員マスタ!$E$6:$E$405,$AN128)),"子の生年月日がマスタと相違／","")&IF(AND($L128<>"",INDEX(職員マスタ!$G$6:$G$405,$AN128)<>"",$L128<>INDEX(職員マスタ!$G$6:$G$405,$AN128)),"時短開始日がマスタと相違／","")&IF(AND($M128<>"",INDEX(職員マスタ!$H$6:$H$405,$AN128)<>"",$M128<>INDEX(職員マスタ!$H$6:$H$405,$AN128)),"時短終了日がマスタと相違／","")))&IF(AND($B128<>"",$E128=""),"報酬額が未入力／","")&IF(N($U128)>0,"申請書に入力エラーが残っています／","")&IF(AND($B128<>"",$AO128<>""),IF(COUNTIFS($B$6:$B$3005,$B128,$C$6:$C$3005,$C128,$D$6:$D$3005,$D128)>1,"同じ月の請求が重複しています／",""),"")&IF(AND(N($E128)>0,$Z128<>"",$Z128<>"×",$AC128=0,$AB128=""),"計算額が下限以下のため不支給／","")) | AM128: =IF($AD128="保留中",COUNTIF($AD$6:$AD128,"保留中"),"") | AN128: =IF($AO128="","",IF(SUMPRODUCT(MAX((職員マスタ!$A$6:$A$405=$B128)*(((職員マスタ!$G$6:$G$405="")+(職員マスタ!$G$6:$G$405<=EOMONTH($AO128,0)))>0)*(((職員マスタ!$H$6:$H$405="")+(職員マスタ!$H$6:$H$405>=$AO128))>0)*(ROW(職員マスタ!$A$6:$A$405)-5)))>0,SUMPRODUCT(MAX((職員マスタ!$A$6:$A$405=$B128)*(((職員マスタ!$G$6:$G$405="")+(職員マスタ!$G$6:$G$405<=EOMONTH($AO128,0)))>0)*(((職員マスタ!$H$6:$H$405="")+(職員マスタ!$H$6:$H$405>=$AO128))>0)*(ROW(職員マスタ!$A$6:$A$405)-5))),IFERROR(MATCH($B128,職員マスタ!$A$6:$A$405,0),""))) | AO128: =IF(OR($B128="",$C128="",$D128=""),"",DATE($C128+2018,$D128,1))
