Workbook

Sheet 使い方
A1: 短期 標準報酬（R8予算）手入力欄の自動集計ツール
A3: ■ 何をするか
B4: R8短期シートの「3月定年」「3月普通退」「4月新採」欄は、基幹システム抽出(DBP1BC2/DBP7C85/DBP2BB1/DBP59FA)を手作業で分割・貼り付け・手計算して入力していた。
B5: このツールは抽出データをそのまま貼るだけで、同じ数字を数式で出す（区分の判定は各シート右端のDB列、集計は「集計」シート）。
A6: ■ 毎年の手順
A7: 1 | B7: 基幹システムから4つの抽出を取り、各シートのA1に全列貼り付ける（E・F列は空のままでよい。列位置は変えない）。DB・DC列の数式は消さない（3,000行まで用意済み）。
B8: 取得_DBP1BC2＝R7.4.1以降の資格取得者／喪失_DBP7C85＝R7.4.1以降の資格喪失者／定年延長R8_DBP2BB1＝来年度60歳到達者／定年延長R7_DBP59FA＝今年度60歳到達者(延長率の算出用)
A9: 2 | B9: 「設定」シートで基準日(20250401)と人事課・病院機構の採用予定人数（黄色）を入力する。
A10: 3 | B10: 「集計」シートの「自動」列を確認する。「現行」列は今回の最終版の手入力値で、一致すれば判定が「一致」になる。
A11: 4 | B11: R8短期へ反映：このツールの6シート（設定・集計・元データ4つ）を R8短期のあるブックへ「シートの移動またはコピー」し、下表のセルに数式を入れる。
A12: ■ R8短期への反映（下表の式を入力）
B13: R8短期セル | C13: 入れる式 | D13: 内容
B14: D26 | C14: ="（"&集計!D5&"人）" | D14: ①病院一般 3月 定年延長者 3割減(60歳到達者×延長率)（人数表示）
B15: E26 | C15: =集計!H5 | D15: ①病院一般 3月 定年延長者 3割減(60歳到達者×延長率)
B16: D27 | C16: =集計!D6 | D16: ①病院一般 3月 普通退(資格喪失 基準日)
B17: E27 | C17: =集計!H6 | D17: ①病院一般 3月 普通退(資格喪失 基準日)
B18: D28 | C18: =設定!C12 | D18: ①病院一般 4月新採（人数は聴取、報酬=人数×平均）
B19: E28 | C19: =集計!H8 | D19: ①病院一般 4月新採（人数は聴取、報酬=人数×平均）
B20: N27 | C20: =集計!D9 | D20: ②病院短期 3月 普通退
B21: O27 | C21: =集計!H9 | D21: ②病院短期 3月 普通退
B22: N28 | C22: =集計!D10 | D22: ②病院短期 4月採用 (R7.4実績)
B23: O28 | C23: =集計!H10 | D23: ②病院短期 4月採用 (R7.4実績)
B24: S26 | C24: ="（"&集計!D11&"人）" | D24: ③特定消防 3月 定年延長者 3割減（人数表示）
... B39: O38 | C39: =集計!H20 | D39: ⑤短期(専従・病院以外) 4月採用 (R7.4実績)
A41: ■ 検証でわかったこと
A42: 1. 手入力欄16項目（人数・標準報酬・平均）はすべて元データから再現でき、全件一致（集計シートの判定）。
A43: 2. ④一般の「R7.4採用平均標準報酬 303,278円」だけ、4/1取得者ではなく10/22抽出時点までの全取得者(418人)で計算されている。4/1取得者(409人)なら302,152円。①③は4/1取得者のみ。→設定C9で切替可（現行再現=2）。322人×差1,126円＝月額362,572円の差。
A44: 3. 定年延長者の「3割減」は 合計×延長率÷3（=33.3%）で計算されている。7割給与の差額は30%なので、理論値は×0.3。→設定C8で切替可（現行=1/3）。3欄の合計で月額 約3,337万円(÷3)／約3,003万円(×0.3)＝差 約334万円。
A45: 4. 延長率0.66は各シートに直接入力。前年度データから算出すると171/(171+87)=0.663で、四捨五入すると同じ0.66。→設定C5で自動化。
A46: 5. 人数162(病院)・38(消防)・322(一般)は聴取値のためデータ化できない。入力欄を設定に集約。
A47: 6. R7短期 62〜116行（随時改定・中途採用・脱退）は月例報告総括表の集計で、基幹データとは出所が異なる。病院一般の脱退はDBP7C85の月別と5〜9月すべて一致するが、他区分は±数名ずれる。今回は自動化対象外。
A48: ※ このファイルの元データシートは個人情報(氏名・住所・生年月日・職員番号等)を除き、集計に使う列(A,AA,AB,AD,AE,AH,AJ,AP)のみ入れてある。実運用では抽出データ全列を貼り付ける。

Sheet 設定
A1: 設定（黄色セルだけ入力）
A4: 基準日（資格取得日・資格喪失日） | C4: 20250401 | D4: 文字列で入力。R8予算なら「R7.4.1」＝20250401。喪失日がこの日の者＝3月末退職者
A5: 定年延長率（自動） | C5: =ROUND(COUNTIF(定年延長R7_DBP59FA!$DB$2:$DB$3001,"在職")/(COUNTIF(定年延長R7_DBP59FA!$DB$2:$DB$3001,"在職")+COUNTIF(定年延長R7_DBP59FA!$DB$2:$DB$3001,"4/1喪失")),2) -> 0.66 | D5: 前年度（R6年度末60歳到達者）のうち、4/1に資格喪失せず在職している者の割合。現行は0.66を手入力
A6: 定年延長率（手入力で上書きする場合のみ） | D6: 空欄なら自動値を使用
A7: 使用する定年延長率 | C7: =IF(C6="",C5,C6) -> 0.66
A8: 60歳到達者の給与減額係数 | C8: =1/3 -> 0.33333333 | D8: 現行は「合計×延長率÷3」。7割給与＝3割減なら 0.3 が理論値（0.3にすると減額が約1割小さくなる）。現行再現は =1/3
A9: ④一般の平均標準報酬の対象 | C9: 2 | D9: 1＝基準日（4/1）取得者のみ（①③は現行もこの方式）／2＝全期間の取得者（現行の303,278円はこちら）
A11: 人事課・病院等からの聴取人数（R8.4採用予定）
A12: ①病院機構 一般 4月新採 | C12: 162 | D12: 市予算要求時に病院機構から聴取
A13: ③特定消防 4月新採 | C13: 38 | D13: 人事課予定数
A14: ④専従・病院以外の一般 4月新採 | C14: 322 | D14: 人事課採用予定数
A16: 区分の判定ルール（各シートのDB列に数式あり。点検用）
A17: 取得 ① | D17: 所属(AH)=20 かつ 組合員種別(A)=21or215 かつ 職員種別(AJ)=10
A18: 取得 ② | D18: AH=20 かつ A=31 かつ AJ=41
A19: 取得 ③ | D19: AJ=30（特定消防）
A20: 取得 ④ | D20: AH≠20 かつ A=21or215 かつ AJ=10（③以外）
A21: 取得 ⑤ | D21: AH≠20 かつ A=31 かつ AJ=41
A22: 喪失 ① | D22: 喪失日=基準日 かつ AH=20 かつ AJ=10/11/18
A23: 喪失 ② | D23: 喪失日=基準日 かつ AH=20 かつ AJ=41
A24: 喪失 ③ | D24: 喪失日=基準日 かつ AH=5 かつ AJ=30
A25: 喪失 ④ | D25: 喪失日=基準日 かつ AH≠20,5 かつ AJ=10/11/74
A26: 喪失 ⑤ | D26: 喪失日=基準日 かつ AH≠20,5 かつ AJ=41/47
A27: 定年延長R8 | D27: A=21 かつ 喪失日=00000000（在職）を所属(AH)で 病院=20／消防=5／市長=その他 に分ける

Sheet 集計
A1: R8短期 手入力欄の自動集計と照合
A2: 「自動」列の式を R8短期 の該当セルに入れれば手入力・貼り付けが不要になります。「現行」は最終版に入っている値、「判定」で一致を確認。
A4: 区分 | B4: 項目 | C4: R8短期セル (人数) | D4: 自動 人数 | E4: 現行 人数 | F4: 差 | G4: R8短期セル (標準報酬) | H4: 自動 標準報酬 | I4: 現行 標準報酬 | J4: 差 | K4: 判定 | L4: 算式・根拠
A5: ①病院一般 | B5: 3月 定年延長者 3割減(60歳到達者×延長率) | C5: D26 | D5: =ROUND(COUNTIFS(定年延長R8_DBP2BB1!$DB$2:$DB$3001,"病院")*設定!$C$7,0) -> 28 | E5: 28 | F5: =D5-E5 -> 0 | G5: E26 | H5: =ROUND(SUMIFS(定年延長R8_DBP2BB1!$AP$2:$AP$3001,定年延長R8_DBP2BB1!$DB$2:$DB$3001,"病院")*設定!$C$7*設定!$C$8,0) -> 5951000 | I5: 5951000 | J5: =H5-I5 -> 0 | K5: =IF(AND(F5=0,J5=0),"一致","差あり") -> 一致 | L5: 定年延長R8シートの病院在職者 ×延長率（×給与減額係数）。人数は③に含まれるため足さない
A6: ①病院一般 | B6: 3月 普通退(資格喪失 基準日) | C6: D27 | D6: =COUNTIFS(喪失_DBP7C85!$DB$2:$DB$3001,"①病院一般") -> 187 | E6: 187 | F6: =D6-E6 -> 0 | G6: E27 | H6: =SUMIFS(喪失_DBP7C85!$AP$2:$AP$3001,喪失_DBP7C85!$DB$2:$DB$3001,"①病院一般") -> 125510000 | I6: 125510000 | J6: =H6-I6 -> 0 | K6: =IF(AND(F6=0,J6=0),"一致","差あり") -> 一致 | L6: 喪失_DBP7C85 区分①
A7: ①病院一般 | B7: 4月新採 R7.4採用平均標準報酬 | C7: (参考) | D7: =COUNTIFS(取得_DBP1BC2!$DB$2:$DB$3001,"①病院一般",取得_DBP1BC2!$DC$2:$DC$3001,1) -> 206 | E7: 206 | F7: =D7-E7 -> 0 | G7: (平均) | H7: =ROUND(SUMIFS(取得_DBP1BC2!$AP$2:$AP$3001,取得_DBP1BC2!$DB$2:$DB$3001,"①病院一般",取得_DBP1BC2!$DC$2:$DC$3001,1)/COUNTIFS(取得_DBP1BC2!$DB$2:$DB$3001,"①病院一般",取得_DBP1BC2!$DC$2:$DC$3001,1),0) -> 442282 | I7: 442282 | J7: =H7-I7 -> 0 | K7: =IF(AND(F7=0,J7=0),"一致","差あり") -> 一致 | L7: 取得_DBP1BC2 区分①の基準日取得者の平均（円）
A8: ①病院一般 | B8: 4月新採（人数は聴取、報酬=人数×平均） | C8: D28 | D8: =設定!$C$12 -> 162 | E8: 162 | F8: =D8-E8 -> 0 | G8: E28 | H8: =D8*H7 -> 71649684 | I8: 71649684 | J8: =H8-I8 -> 0 | K8: =IF(AND(F8=0,J8=0),"一致","差あり") -> 一致 | L8: 人数162は聴取値（設定C12）
A9: ②病院短期 | B9: 3月 普通退 | C9: N27 | D9: =COUNTIFS(喪失_DBP7C85!$DB$2:$DB$3001,"②病院短期") -> 113 | E9: 113 | F9: =D9-E9 -> 0 | G9: O27 | H9: =SUMIFS(喪失_DBP7C85!$AP$2:$AP$3001,喪失_DBP7C85!$DB$2:$DB$3001,"②病院短期") -> 38738000 | I9: 38738000 | J9: =H9-I9 -> 0 | K9: =IF(AND(F9=0,J9=0),"一致","差あり") -> 一致 | L9: 喪失_DBP7C85 区分②
A10: ②病院短期 | B10: 4月採用 (R7.4実績) | C10: N28 | D10: =COUNTIFS(取得_DBP1BC2!$DB$2:$DB$3001,"②病院短期",取得_DBP1BC2!$DC$2:$DC$3001,1) -> 129 | E10: 129 | F10: =D10-E10 -> 0 | G10: O28 | H10: =SUMIFS(取得_DBP1BC2!$AP$2:$AP$3001,取得_DBP1BC2!$DB$2:$DB$3001,"②病院短期",取得_DBP1BC2!$DC$2:$DC$3001,1) -> 63790000 | I10: 63790000 | J10: =H10-I10 -> 0 | K10: =IF(AND(F10=0,J10=0),"一致","差あり") -> 一致 | L10: 取得_DBP1BC2 区分②の基準日取得者
A11: ③特定消防 | B11: 3月 定年延長者 3割減 | C11: S26 | D11: =ROUND(COUNTIFS(定年延長R8_DBP2BB1!$DB$2:$DB$3001,"消防")*設定!$C$7,0) -> 11 | E11: 11 | F11: =D11-E11 -> 0 | G11: T26 | H11: =ROUND(SUMIFS(定年延長R8_DBP2BB1!$AP$2:$AP$3001,定年延長R8_DBP2BB1!$DB$2:$DB$3001,"消防")*設定!$C$7*設定!$C$8,0) -> 1977800 | I11: 1977800 | J11: =H11-I11 -> 0 | K11: =IF(AND(F11=0,J11=0),"一致","差あり") -> 一致 | L11: 定年延長R8シートの消防在職者
A12: ③特定消防 | B12: 3月 普通退 | C12: S27 | D12: =COUNTIFS(喪失_DBP7C85!$DB$2:$DB$3001,"③特定消防") -> 32 | E12: 32 | F12: =D12-E12 -> 0 | G12: T27 | H12: =SUMIFS(喪失_DBP7C85!$AP$2:$AP$3001,喪失_DBP7C85!$DB$2:$DB$3001,"③特定消防") -> 12100000 | I12: 12100000 | J12: =H12-I12 -> 0 | K12: =IF(AND(F12=0,J12=0),"一致","差あり") -> 一致 | L12: 喪失_DBP7C85 区分③
A13: ③特定消防 | B13: 4月新採 R7.4採用平均標準報酬 | C13: (参考) | D13: =COUNTIFS(取得_DBP1BC2!$DB$2:$DB$3001,"③特定消防",取得_DBP1BC2!$DC$2:$DC$3001,1) -> 53 | E13: 53 | F13: =D13-E13 -> 0 | G13: (平均) | H13: =ROUND(SUMIFS(取得_DBP1BC2!$AP$2:$AP$3001,取得_DBP1BC2!$DB$2:$DB$3001,"③特定消防",取得_DBP1BC2!$DC$2:$DC$3001,1)/COUNTIFS(取得_DBP1BC2!$DB$2:$DB$3001,"③特定消防",取得_DBP1BC2!$DC$2:$DC$3001,1),0) -> 260377 | I13: 260377 | J13: =H13-I13 -> 0 | K13: =IF(AND(F13=0,J13=0),"一致","差あり") -> 一致 | L13: 取得_DBP1BC2 区分③の基準日取得者の平均（円）
A14: ③特定消防 | B14: 4月新採（人数は聴取、報酬=人数×平均） | C14: S28 | D14: =設定!$C$13 -> 38 | E14: 38 | F14: =D14-E14 -> 0 | G14: T28 | H14: =D14*H13 -> 9894326 | I14: 9894326 | J14: =H14-I14 -> 0 | K14: =IF(AND(F14=0,J14=0),"一致","差あり") -> 一致 | L14: 人数38は人事課予定数（設定C13）
A15: ④一般(専従・病院以外) | B15: 3月 定年延長者 3割減 | C15: D36 | D15: =ROUND(COUNTIFS(定年延長R8_DBP2BB1!$DB$2:$DB$3001,"市長")*設定!$C$7,0) -> 141 | E15: 141 | F15: =D15-E15 -> 0 | G15: E36 | H15: =ROUND(SUMIFS(定年延長R8_DBP2BB1!$AP$2:$AP$3001,定年延長R8_DBP2BB1!$DB$2:$DB$3001,"市長")*設定!$C$7*設定!$C$8,0) -> 25443000 | I15: 25443000 | J15: =H15-I15 -> 0 | K15: =IF(AND(F15=0,J15=0),"一致","差あり") -> 一致 | L15: 定年延長R8シートの市長部局在職者
A16: ④一般(専従・病院以外) | B16: 3月 普通退 | C16: D37 | D16: =COUNTIFS(喪失_DBP7C85!$DB$2:$DB$3001,"④一般") -> 352 | E16: 352 | F16: =D16-E16 -> 0 | G16: E37 | H16: =SUMIFS(喪失_DBP7C85!$AP$2:$AP$3001,喪失_DBP7C85!$DB$2:$DB$3001,"④一般") -> 146570000 | I16: 146570000 | J16: =H16-I16 -> 0 | K16: =IF(AND(F16=0,J16=0),"一致","差あり") -> 一致 | L16: 喪失_DBP7C85 区分④
A17: ④一般(専従・病院以外) | B17: 4月新採 R7.4採用平均標準報酬 | C17: (参考) | D17: =IF(設定!$C$9=1,COUNTIFS(取得_DBP1BC2!$DB$2:$DB$3001,"④一般",取得_DBP1BC2!$DC$2:$DC$3001,1),COUNTIFS(取得_DBP1BC2!$DB$2:$DB$3001,"④一般")) -> 418 | E17: 418 | F17: =D17-E17 -> 0 | G17: (平均) | H17: =ROUND(IF(設定!$C$9=1,SUMIFS(取得_DBP1BC2!$AP$2:$AP$3001,取得_DBP1BC2!$DB$2:$DB$3001,"④一般",取得_DBP1BC2!$DC$2:$DC$3001,1)/COUNTIFS(取得_DBP1BC2!$DB$2:$DB$3001,"④一般",取得_DBP1BC2!$DC$2:$DC$3001,1),SUMIFS(取得_DBP1BC2!$AP$2:$AP$3001,取得_DBP1BC2!$DB$2:$DB$3001,"④一般")/COUNTIFS(取得_DBP1BC2!$DB$2:$DB$3001,"④一般")),0) -> 303278 | I17: 303278 | J17: =H17-I17 -> 0 | K17: =IF(AND(F17=0,J17=0),"一致","差あり") -> 一致 | L17: 設定C9で 4/1のみ／全期間 を切替
A18: ④一般(専従・病院以外) | B18: 4月新採（人数は聴取、報酬=人数×平均） | C18: D38 | D18: =設定!$C$14 -> 322 | E18: 322 | F18: =D18-E18 -> 0 | G18: E38 | H18: =D18*H17 -> 97655516 | I18: 97655516 | J18: =H18-I18 -> 0 | K18: =IF(AND(F18=0,J18=0),"一致","差あり") -> 一致 | L18: 人数322は人事課予定数（設定C14）
A19: ⑤短期(専従・病院以外) | B19: 3月 普通退 | C19: N37 | D19: =COUNTIFS(喪失_DBP7C85!$DB$2:$DB$3001,"⑤短期") -> 352 | E19: 352 | F19: =D19-E19 -> 0 | G19: O37 | H19: =SUMIFS(喪失_DBP7C85!$AP$2:$AP$3001,喪失_DBP7C85!$DB$2:$DB$3001,"⑤短期") -> 60070000 | I19: 60070000 | J19: =H19-I19 -> 0 | K19: =IF(AND(F19=0,J19=0),"一致","差あり") -> 一致 | L19: 喪失_DBP7C85 区分⑤
A20: ⑤短期(専従・病院以外) | B20: 4月採用 (R7.4実績) | C20: N38 | D20: =COUNTIFS(取得_DBP1BC2!$DB$2:$DB$3001,"⑤短期",取得_DBP1BC2!$DC$2:$DC$3001,1) -> 392 | E20: 392 | F20: =D20-E20 -> 0 | G20: O38 | H20: =SUMIFS(取得_DBP1BC2!$AP$2:$AP$3001,取得_DBP1BC2!$DB$2:$DB$3001,"⑤短期",取得_DBP1BC2!$DC$2:$DC$3001,1) -> 75136000 | I20: 75136000 | J20: =H20-I20 -> 0 | K20: =IF(AND(F20=0,J20=0),"一致","差あり") -> 一致 | L20: 取得_DBP1BC2 区分⑤の基準日取得者
A22: 判定まとめ | B22: =IF(COUNTIF(K5:K20,"差あり")=0,"全項目一致","差あり "&COUNTIF(K5:K20,"差あり")&" 件") -> 全項目一致
A24: 参考：定年延長率の根拠（R6年度末60歳到達者／DBP59FA）
A25: 在職(21・喪失日なし) | D25: =COUNTIF(定年延長R7_DBP59FA!$DB$2:$DB$3001,"在職") -> 171
A26: 4/1喪失(21) | D26: =COUNTIF(定年延長R7_DBP59FA!$DB$2:$DB$3001,"4/1喪失") -> 87
A27: 延長率 | D27: =D25/(D25+D26) -> 0.6627907 | L27: 現行の手入力0.66（まとめシートの171/259）と同じ四捨五入結果
A29: 参考：④一般の平均標準報酬（取得者）
A30: 4/1取得のみ | D30: =COUNTIFS(取得_DBP1BC2!$DB$2:$DB$3001,"④一般",取得_DBP1BC2!$DC$2:$DC$3001,1) -> 409 | H30: =ROUND(SUMIFS(取得_DBP1BC2!$AP$2:$AP$3001,取得_DBP1BC2!$DB$2:$DB$3001,"④一般",取得_DBP1BC2!$DC$2:$DC$3001,1)/COUNTIFS(取得_DBP1BC2!$DB$2:$DB$3001,"④一般",取得_DBP1BC2!$DC$2:$DC$3001,1),0) -> 302152
A31: 全期間(10月取得分まで含む) | D31: =COUNTIFS(取得_DBP1BC2!$DB$2:$DB$3001,"④一般") -> 418 | H31: =ROUND(SUMIFS(取得_DBP1BC2!$AP$2:$AP$3001,取得_DBP1BC2!$DB$2:$DB$3001,"④一般")/COUNTIFS(取得_DBP1BC2!$DB$2:$DB$3001,"④一般"),0) -> 303278
A32: 差(円)×322人 | H32: =(H31-H30)*設定!$C$14 -> 362572

Sheet 取得_DBP1BC2
A1: A07_SHOZOKU_NO | B1: A07_SHO_NO | C1: A07_TOKUSO_K | D1: A07_NINKEI_K | G1: A07_SIMEI_YMD | H1: A07_SIMEI_KNA_OLD | I1: A07_SIMEI_KNJ_OLD | J1: A07_SEIBETU | K1: A07_SEI_G | L1: A07_SEI_YMD | M1: A07_KYURYO_NO | N1: A07_KISO_NO | O1: A07_M_SHOZOKU_NO | P1: A07_M_SHO_NO | Q1: A07_I_SHOZOKU_NO | R1: A07_I_SHO_NO | S1: A07_I_NINKEI_K | T1: A07_K_SHOZOKU_NO | U1: A07_K_SHO_NO | V1: A07_M_KUMIAI_NO | W1: A07_IKAN_K | X1: A07_JURYO_YMD | Y1: A07_S_KUMIAI_NO | Z1: A07_KANYU_YMD | AA1: A07_SHUTOKU_JY | AB1: A07_SHUTOKU_YMD | AC1: A07_JUKYU_K | AD1: A07_SOSITU_JY | AE1: A07_SOSITU_YMD | AF1: A07_IDO_YMD | AG1: A07_IDO_JY | AH1: A07_KIGYO_C | AI1: A07_KAIKEI | AJ1: A07_SHUBETU | AK1: A07_HYO_K | AL1: A07_TOKYU | AM1: A07_GOKYU | AN1: A07_C_RITU | AO1: A07_C_GAKU | AP1: A07_KYURYO | AQ1: A07_TEIKI_M | AR1: A07_BUKASHO_NO | AS1: A07_SHOKUIN_NO | AT1: A07_SHOKUSHU_C | AU1: A07_TOGETU_K | AV1: A07_SOKYU_K | AW1: A07_IKUJI_K | AX1: A07_FUYO_SU | AY1: A07_N_FUYO_SU | AZ1: A07_N_SHUTOKU_JY | BA1: A07_N_SHUTOKU_YMD | BB1: A07_N_SOSITU_JY | BC1: A07_N_SOSITU_YMD | BD1: A07_N_YOTEI_YMD | BE1: A07_HARAI_K | BF1: A07_ENCHO_K | BG1: A07_YOKEN_K | BH1: A07_SIHARAI_K | BI1: A07_FURIKAE_YM_FR | BJ1: A07_FURIKAE_YM_TO | BK1: A07_YUBIN_NO | BL1: A07_JUSHO_C | BM1: A07_JUSHO2 | BN1: A07_JUSHO3 | BO1: A07_DENWA_NO | BP1: A07_KAHI_K | BQ1: A07_JUSHO_YMD | BR1: A07_JUSHO_C_OLD | BS1: A07_SOKIN_K | BT1: A07_GINKO_NO | BU1: A07_SITEN_NO | BV1: A07_KOZA_NO | BW1: A07_YOKIN_S | BX1: A07_KOHI_C | BY1: A07_KOHI_YMD_FR | BZ1: A07_KOHI_YMD_TO | CA1: A07_ROKEN_K | CB1: A07_65ROKEN_YMD_FR | CC1: A07_65ROKEN_YMD_TO | CD1: A07_ROKEN_YMD | CE1: A07_CHOSON_NO | CF1: A07_JUKYU_NO | CG1: A07_KAGAI_YMD_FR | CH1: A07_KAGAI_YMD_TO | CI1: A07_SAIGAI_YMD_FR | CJ1: A07_SAIGAI_YMD_TO | CK1: A07_SIPPEI_YMD_FR | CL1: A07_SIPPEI_YMD_TO | CM1: A07_SHOTOKU_YMD_FR | CN1: A07_SHOTOKU_YMD_TO | CO1: A07_GOJO_K | CP1: A07_G_NYUKAI_YMD | CQ1: A07_G_DAKAI_YMD | CR1: A07_BIKO1 | CS1: A07_BIKO2 | CT1: A07_BIKO3 | CU1: A07_SINKI_K | CV1: A07_IDO_K | CW1: A07_SOKYU_YMD | CX1: A07_KINYU_HK | CY1: A07_KOSIN_DATETIME | CZ1: A07_KOSIN_ID | DB1: 区分(自動判定) | DC1: 基準日フラグ
A2: 21 | AA2: 24 | AB2: 20250701 | AD2: 0 | AE2: 00000000 | AH2: 1 | AJ2: 11 | AP2: 1090000 | DB2: =IF($A2="","",IF($AH2=20,IF(AND(OR($A2=21,$A2=215),$AJ2=10),"①病院一般",IF(AND($A2=31,$AJ2=41),"②病院短期","対象外")),IF($AJ2=30,"③特定消防",IF(AND(OR($A2=21,$A2=215),$AJ2=10),"④一般",IF(AND($A2=31,$AJ2=41),"⑤短期","対象外"))))) -> 対象外 | DC2: =IF($A2="","",IF($AB2&""=設定!$C$4,1,0)) -> 0
A3: 21 | AA3: 24 | AB3: 20250401 | AD3: 0 | AE3: 00000000 | AH3: 1 | AJ3: 10 | AP3: 590000 | DB3: =IF($A3="","",IF($AH3=20,IF(AND(OR($A3=21,$A3=215),$AJ3=10),"①病院一般",IF(AND($A3=31,$AJ3=41),"②病院短期","対象外")),IF($AJ3=30,"③特定消防",IF(AND(OR($A3=21,$A3=215),$AJ3=10),"④一般",IF(AND($A3=31,$AJ3=41),"⑤短期","対象外"))))) -> ④一般 | DC3: =IF($A3="","",IF($AB3&""=設定!$C$4,1,0)) -> 1
A4: 21 | AA4: 21 | AB4: 20250401 | AD4: 0 | AE4: 00000000 | AH4: 11 | AJ4: 10 | AP4: 650000 | DB4: =IF($A4="","",IF($AH4=20,IF(AND(OR($A4=21,$A4=215),$AJ4=10),"①病院一般",IF(AND($A4=31,$AJ4=41),"②病院短期","対象外")),IF($AJ4=30,"③特定消防",IF(AND(OR($A4=21,$A4=215),$AJ4=10),"④一般",IF(AND($A4=31,$AJ4=41),"⑤短期","対象外"))))) -> ④一般 | DC4: =IF($A4="","",IF($AB4&""=設定!$C$4,1,0)) -> 1
A5: 21 | AA5: 24 | AB5: 20250401 | AD5: 0 | AE5: 00000000 | AH5: 1 | AJ5: 10 | AP5: 440000 | DB5: =IF($A5="","",IF($AH5=20,IF(AND(OR($A5=21,$A5=215),$AJ5=10),"①病院一般",IF(AND($A5=31,$AJ5=41),"②病院短期","対象外")),IF($AJ5=30,"③特定消防",IF(AND(OR($A5=21,$A5=215),$AJ5=10),"④一般",IF(AND($A5=31,$AJ5=41),"⑤短期","対象外"))))) -> ④一般 | DC5: =IF($A5="","",IF($AB5&""=設定!$C$4,1,0)) -> 1
A6: 21 | AA6: 24 | AB6: 20250401 | AD6: 0 | AE6: 00000000 | AH6: 20 | AJ6: 10 | AP6: 320000 | DB6: =IF($A6="","",IF($AH6=20,IF(AND(OR($A6=21,$A6=215),$AJ6=10),"①病院一般",IF(AND($A6=31,$AJ6=41),"②病院短期","対象外")),IF($AJ6=30,"③特定消防",IF(AND(OR($A6=21,$A6=215),$AJ6=10),"④一般",IF(AND($A6=31,$AJ6=41),"⑤短期","対象外"))))) -> ①病院一般 | DC6: =IF($A6="","",IF($AB6&""=設定!$C$4,1,0)) -> 1
A7: 21 | AA7: 21 | AB7: 20250401 | AD7: 0 | AE7: 00000000 | AH7: 11 | AJ7: 10 | AP7: 470000 | DB7: =IF($A7="","",IF($AH7=20,IF(AND(OR($A7=21,$A7=215),$AJ7=10),"①病院一般",IF(AND($A7=31,$AJ7=41),"②病院短期","対象外")),IF($AJ7=30,"③特定消防",IF(AND(OR($A7=21,$A7=215),$AJ7=10),"④一般",IF(AND($A7=31,$AJ7=41),"⑤短期","対象外"))))) -> ④一般 | DC7: =IF($A7="","",IF($AB7&""=設定!$C$4,1,0)) -> 1
A8: 21 | AA8: 21 | AB8: 20250401 | AD8: 0 | AE8: 00000000 | AH8: 32 | AJ8: 74 | AP8: 440000 | DB8: =IF($A8="","",IF($AH8=20,IF(AND(OR($A8=21,$A8=215),$AJ8=10),"①病院一般",IF(AND($A8=31,$AJ8=41),"②病院短期","対象外")),IF($AJ8=30,"③特定消防",IF(AND(OR($A8=21,$A8=215),$AJ8=10),"④一般",IF(AND($A8=31,$AJ8=41),"⑤短期","対象外"))))) -> 対象外 | DC8: =IF($A8="","",IF($AB8&""=設定!$C$4,1,0)) -> 1
A9: 21 | AA9: 24 | AB9: 20250401 | AD9: 0 | AE9: 00000000 | AH9: 1 | AJ9: 10 | AP9: 410000 | DB9: =IF($A9="","",IF($AH9=20,IF(AND(OR($A9=21,$A9=215),$AJ9=10),"①病院一般",IF(AND($A9=31,$AJ9=41),"②病院短期","対象外")),IF($AJ9=30,"③特定消防",IF(AND(OR($A9=21,$A9=215),$AJ9=10),"④一般",IF(AND($A9=31,$AJ9=41),"⑤短期","対象外"))))) -> ④一般 | DC9: =IF($A9="","",IF($AB9&""=設定!$C$4,1,0)) -> 1
A10: 21 | AA10: 21 | AB10: 20250401 | AD10: 0 | AE10: 00000000 | AH10: 11 | AJ10: 10 | AP10: 500000 | DB10: =IF($A10="","",IF($AH10=20,IF(AND(OR($A10=21,$A10=215),$AJ10=10),"①病院一般",IF(AND($A10=31,$AJ10=41),"②病院短期","対象外")),IF($AJ10=30,"③特定消防",IF(AND(OR($A10=21,$A10=215),$AJ10=10),"④一般",IF(AND($A10=31,$AJ10=41),"⑤短期","対象外"))))) -> ④一般 | DC10: =IF($A10="","",IF($AB10&""=設定!$C$4,1,0)) -> 1
A11: 21 | AA11: 24 | AB11: 20250401 | AD11: 0 | AE11: 00000000 | AH11: 11 | AJ11: 10 | AP11: 440000 | DB11: =IF($A11="","",IF($AH11=20,IF(AND(OR($A11=21,$A11=215),$AJ11=10),"①病院一般",IF(AND($A11=31,$AJ11=41),"②病院短期","対象外")),IF($AJ11=30,"③特定消防",IF(AND(OR($A11=21,$A11=215),$AJ11=10),"④一般",IF(AND($A11=31,$AJ11=41),"⑤短期","対象外"))))) -> ④一般 | DC11: =IF($A11="","",IF($AB11&""=設定!$C$4,1,0)) -> 1
A12: 21 | AA12: 21 | AB12: 20250401 | AD12: 0 | AE12: 00000000 | AH12: 11 | AJ12: 10 | AP12: 410000 | DB12: =IF($A12="","",IF($AH12=20,IF(AND(OR($A12=21,$A12=215),$AJ12=10),"①病院一般",IF(AND($A12=31,$AJ12=41),"②病院短期","対象外")),IF($AJ12=30,"③特定消防",IF(AND(OR($A12=21,$A12=215),$AJ12=10),"④一般",IF(AND($A12=31,$AJ12=41),"⑤短期","対象外"))))) -> ④一般 | DC12: =IF($A12="","",IF($AB12&""=設定!$C$4,1,0)) -> 1
A13: 21 | AA13: 21 | AB13: 20250401 | AD13: 0 | AE13: 00000000 | AH13: 11 | AJ13: 10 | AP13: 320000 | DB13: =IF($A13="","",IF($AH13=20,IF(AND(OR($A13=21,$A13=215),$AJ13=10),"①病院一般",IF(AND($A13=31,$AJ13=41),"②病院短期","対象外")),IF($AJ13=30,"③特定消防",IF(AND(OR($A13=21,$A13=215),$AJ13=10),"④一般",IF(AND($A13=31,$AJ13=41),"⑤短期","対象外"))))) -> ④一般 | DC13: =IF($A13="","",IF($AB13&""=設定!$C$4,1,0)) -> 1
... A1677: 215 | AA1677: 21 | AB1677: 20250401 | AD1677: 0 | AE1677: 00000000 | AH1677: 1 | AJ1677: 10 | AP1677: 320000 | DB1677: =IF($A1677="","",IF($AH1677=20,IF(AND(OR($A1677=21,$A1677=215),$AJ1677=10),"①病院一般",IF(AND($A1677=31,$AJ1677=41),"②病院短期","対象外")),IF($AJ1677=30,"③特定消防",IF(AND(OR($A1677=21,$A1677=215),$AJ1677=10),"④一般",IF(AND($A1677=31,$AJ1677=41),"⑤短期","対象外"))))) -> ④一般 | DC1677: =IF($A1677="","",IF($AB1677&""=設定!$C$4,1,0)) -> 1
DB1678: =IF($A1678="","",IF($AH1678=20,IF(AND(OR($A1678=21,$A1678=215),$AJ1678=10),"①病院一般",IF(AND($A1678=31,$AJ1678=41),"②病院短期","対象外")),IF($AJ1678=30,"③特定消防",IF(AND(OR($A1678=21,$A1678=215),$AJ1678=10),"④一般",IF(AND($A1678=31,$AJ1678=41),"⑤短期","対象外"))))) | DC1678: =IF($A1678="","",IF($AB1678&""=設定!$C$4,1,0))
DB1679: =IF($A1679="","",IF($AH1679=20,IF(AND(OR($A1679=21,$A1679=215),$AJ1679=10),"①病院一般",IF(AND($A1679=31,$AJ1679=41),"②病院短期","対象外")),IF($AJ1679=30,"③特定消防",IF(AND(OR($A1679=21,$A1679=215),$AJ1679=10),"④一般",IF(AND($A1679=31,$AJ1679=41),"⑤短期","対象外"))))) | DC1679: =IF($A1679="","",IF($AB1679&""=設定!$C$4,1,0))
DB1680: =IF($A1680="","",IF($AH1680=20,IF(AND(OR($A1680=21,$A1680=215),$AJ1680=10),"①病院一般",IF(AND($A1680=31,$AJ1680=41),"②病院短期","対象外")),IF($AJ1680=30,"③特定消防",IF(AND(OR($A1680=21,$A1680=215),$AJ1680=10),"④一般",IF(AND($A1680=31,$AJ1680=41),"⑤短期","対象外"))))) | DC1680: =IF($A1680="","",IF($AB1680&""=設定!$C$4,1,0))
DB1681: =IF($A1681="","",IF($AH1681=20,IF(AND(OR($A1681=21,$A1681=215),$AJ1681=10),"①病院一般",IF(AND($A1681=31,$AJ1681=41),"②病院短期","対象外")),IF($AJ1681=30,"③特定消防",IF(AND(OR($A1681=21,$A1681=215),$AJ1681=10),"④一般",IF(AND($A1681=31,$AJ1681=41),"⑤短期","対象外"))))) | DC1681: =IF($A1681="","",IF($AB1681&""=設定!$C$4,1,0))
DB1682: =IF($A1682="","",IF($AH1682=20,IF(AND(OR($A1682=21,$A1682=215),$AJ1682=10),"①病院一般",IF(AND($A1682=31,$AJ1682=41),"②病院短期","対象外")),IF($AJ1682=30,"③特定消防",IF(AND(OR($A1682=21,$A1682=215),$AJ1682=10),"④一般",IF(AND($A1682=31,$AJ1682=41),"⑤短期","対象外"))))) | DC1682: =IF($A1682="","",IF($AB1682&""=設定!$C$4,1,0))
DB1683: =IF($A1683="","",IF($AH1683=20,IF(AND(OR($A1683=21,$A1683=215),$AJ1683=10),"①病院一般",IF(AND($A1683=31,$AJ1683=41),"②病院短期","対象外")),IF($AJ1683=30,"③特定消防",IF(AND(OR($A1683=21,$A1683=215),$AJ1683=10),"④一般",IF(AND($A1683=31,$AJ1683=41),"⑤短期","対象外"))))) | DC1683: =IF($A1683="","",IF($AB1683&""=設定!$C$4,1,0))
DB1684: =IF($A1684="","",IF($AH1684=20,IF(AND(OR($A1684=21,$A1684=215),$AJ1684=10),"①病院一般",IF(AND($A1684=31,$AJ1684=41),"②病院短期","対象外")),IF($AJ1684=30,"③特定消防",IF(AND(OR($A1684=21,$A1684=215),$AJ1684=10),"④一般",IF(AND($A1684=31,$AJ1684=41),"⑤短期","対象外"))))) | DC1684: =IF($A1684="","",IF($AB1684&""=設定!$C$4,1,0))
DB1685: =IF($A1685="","",IF($AH1685=20,IF(AND(OR($A1685=21,$A1685=215),$AJ1685=10),"①病院一般",IF(AND($A1685=31,$AJ1685=41),"②病院短期","対象外")),IF($AJ1685=30,"③特定消防",IF(AND(OR($A1685=21,$A1685=215),$AJ1685=10),"④一般",IF(AND($A1685=31,$AJ1685=41),"⑤短期","対象外"))))) | DC1685: =IF($A1685="","",IF($AB1685&""=設定!$C$4,1,0))
DB1686: =IF($A1686="","",IF($AH1686=20,IF(AND(OR($A1686=21,$A1686=215),$AJ1686=10),"①病院一般",IF(AND($A1686=31,$AJ1686=41),"②病院短期","対象外")),IF($AJ1686=30,"③特定消防",IF(AND(OR($A1686=21,$A1686=215),$AJ1686=10),"④一般",IF(AND($A1686=31,$AJ1686=41),"⑤短期","対象外"))))) | DC1686: =IF($A1686="","",IF($AB1686&""=設定!$C$4,1,0))
DB1687: =IF($A1687="","",IF($AH1687=20,IF(AND(OR($A1687=21,$A1687=215),$AJ1687=10),"①病院一般",IF(AND($A1687=31,$AJ1687=41),"②病院短期","対象外")),IF($AJ1687=30,"③特定消防",IF(AND(OR($A1687=21,$A1687=215),$AJ1687=10),"④一般",IF(AND($A1687=31,$AJ1687=41),"⑤短期","対象外"))))) | DC1687: =IF($A1687="","",IF($AB1687&""=設定!$C$4,1,0))
DB1688: =IF($A1688="","",IF($AH1688=20,IF(AND(OR($A1688=21,$A1688=215),$AJ1688=10),"①病院一般",IF(AND($A1688=31,$AJ1688=41),"②病院短期","対象外")),IF($AJ1688=30,"③特定消防",IF(AND(OR($A1688=21,$A1688=215),$AJ1688=10),"④一般",IF(AND($A1688=31,$AJ1688=41),"⑤短期","対象外"))))) | DC1688: =IF($A1688="","",IF($AB1688&""=設定!$C$4,1,0))
DB1689: =IF($A1689="","",IF($AH1689=20,IF(AND(OR($A1689=21,$A1689=215),$AJ1689=10),"①病院一般",IF(AND($A1689=31,$AJ1689=41),"②病院短期","対象外")),IF($AJ1689=30,"③特定消防",IF(AND(OR($A1689=21,$A1689=215),$AJ1689=10),"④一般",IF(AND($A1689=31,$AJ1689=41),"⑤短期","対象外"))))) | DC1689: =IF($A1689="","",IF($AB1689&""=設定!$C$4,1,0))
... DB3001: =IF($A3001="","",IF($AH3001=20,IF(AND(OR($A3001=21,$A3001=215),$AJ3001=10),"①病院一般",IF(AND($A3001=31,$AJ3001=41),"②病院短期","対象外")),IF($AJ3001=30,"③特定消防",IF(AND(OR($A3001=21,$A3001=215),$AJ3001=10),"④一般",IF(AND($A3001=31,$AJ3001=41),"⑤短期","対象外"))))) | DC3001: =IF($A3001="","",IF($AB3001&""=設定!$C$4,1,0))

Sheet 喪失_DBP7C85
A1: A07_SHOZOKU_NO | B1: A07_SHO_NO | C1: A07_TOKUSO_K | D1: A07_NINKEI_K | G1: A07_SIMEI_YMD | H1: A07_SIMEI_KNA_OLD | I1: A07_SIMEI_KNJ_OLD | J1: A07_SEIBETU | K1: A07_SEI_G | L1: A07_SEI_YMD | M1: A07_KYURYO_NO | N1: A07_KISO_NO | O1: A07_M_SHOZOKU_NO | P1: A07_M_SHO_NO | Q1: A07_I_SHOZOKU_NO | R1: A07_I_SHO_NO | S1: A07_I_NINKEI_K | T1: A07_K_SHOZOKU_NO | U1: A07_K_SHO_NO | V1: A07_M_KUMIAI_NO | W1: A07_IKAN_K | X1: A07_JURYO_YMD | Y1: A07_S_KUMIAI_NO | Z1: A07_KANYU_YMD | AA1: A07_SHUTOKU_JY | AB1: A07_SHUTOKU_YMD | AC1: A07_JUKYU_K | AD1: A07_SOSITU_JY | AE1: A07_SOSITU_YMD | AF1: A07_IDO_YMD | AG1: A07_IDO_JY | AH1: A07_KIGYO_C | AI1: A07_KAIKEI | AJ1: A07_SHUBETU | AK1: A07_HYO_K | AL1: A07_TOKYU | AM1: A07_GOKYU | AN1: A07_C_RITU | AO1: A07_C_GAKU | AP1: A07_KYURYO | AQ1: A07_TEIKI_M | AR1: A07_BUKASHO_NO | AS1: A07_SHOKUIN_NO | AT1: A07_SHOKUSHU_C | AU1: A07_TOGETU_K | AV1: A07_SOKYU_K | AW1: A07_IKUJI_K | AX1: A07_FUYO_SU | AY1: A07_N_FUYO_SU | AZ1: A07_N_SHUTOKU_JY | BA1: A07_N_SHUTOKU_YMD | BB1: A07_N_SOSITU_JY | BC1: A07_N_SOSITU_YMD | BD1: A07_N_YOTEI_YMD | BE1: A07_HARAI_K | BF1: A07_ENCHO_K | BG1: A07_YOKEN_K | BH1: A07_SIHARAI_K | BI1: A07_FURIKAE_YM_FR | BJ1: A07_FURIKAE_YM_TO | BK1: A07_YUBIN_NO | BL1: A07_JUSHO_C | BM1: A07_JUSHO2 | BN1: A07_JUSHO3 | BO1: A07_DENWA_NO | BP1: A07_KAHI_K | BQ1: A07_JUSHO_YMD | BR1: A07_JUSHO_C_OLD | BS1: A07_SOKIN_K | BT1: A07_GINKO_NO | BU1: A07_SITEN_NO | BV1: A07_KOZA_NO | BW1: A07_YOKIN_S | BX1: A07_KOHI_C | BY1: A07_KOHI_YMD_FR | BZ1: A07_KOHI_YMD_TO | CA1: A07_ROKEN_K | CB1: A07_65ROKEN_YMD_FR | CC1: A07_65ROKEN_YMD_TO | CD1: A07_ROKEN_YMD | CE1: A07_CHOSON_NO | CF1: A07_JUKYU_NO | CG1: A07_KAGAI_YMD_FR | CH1: A07_KAGAI_YMD_TO | CI1: A07_SAIGAI_YMD_FR | CJ1: A07_SAIGAI_YMD_TO | CK1: A07_SIPPEI_YMD_FR | CL1: A07_SIPPEI_YMD_TO | CM1: A07_SHOTOKU_YMD_FR | CN1: A07_SHOTOKU_YMD_TO | CO1: A07_GOJO_K | CP1: A07_G_NYUKAI_YMD | CQ1: A07_G_DAKAI_YMD | CR1: A07_BIKO1 | CS1: A07_BIKO2 | CT1: A07_BIKO3 | CU1: A07_SINKI_K | CV1: A07_IDO_K | CW1: A07_SOKYU_YMD | CX1: A07_KINYU_HK | CY1: A07_KOSIN_DATETIME | CZ1: A07_KOSIN_ID | DB1: 区分(自動判定) | DC1: 基準日フラグ
A2: 21 | AA2: 21 | AB2: 19820401 | AD2: 11 | AE2: 20250401 | AH2: 1 | AJ2: 10 | AP2: 380000 | DB2: =IF($A2="","",IF($AE2&""<>設定!$C$4,"対象外",IF($AH2=20,IF(OR($AJ2=10,$AJ2=11,$AJ2=18),"①病院一般",IF($AJ2=41,"②病院短期","対象外")),IF($AH2=5,IF($AJ2=30,"③特定消防","対象外"),IF(OR($AJ2=10,$AJ2=11,$AJ2=74),"④一般",IF(OR($AJ2=41,$AJ2=47),"⑤短期","対象外")))))) -> ④一般
A3: 21 | AA3: 21 | AB3: 19820401 | AD3: 11 | AE3: 20250401 | AH3: 1 | AJ3: 10 | AP3: 380000 | DB3: =IF($A3="","",IF($AE3&""<>設定!$C$4,"対象外",IF($AH3=20,IF(OR($AJ3=10,$AJ3=11,$AJ3=18),"①病院一般",IF($AJ3=41,"②病院短期","対象外")),IF($AH3=5,IF($AJ3=30,"③特定消防","対象外"),IF(OR($AJ3=10,$AJ3=11,$AJ3=74),"④一般",IF(OR($AJ3=41,$AJ3=47),"⑤短期","対象外")))))) -> ④一般
A4: 21 | AA4: 21 | AB4: 19820401 | AD4: 11 | AE4: 20250401 | AH4: 1 | AJ4: 10 | AP4: 380000 | DB4: =IF($A4="","",IF($AE4&""<>設定!$C$4,"対象外",IF($AH4=20,IF(OR($AJ4=10,$AJ4=11,$AJ4=18),"①病院一般",IF($AJ4=41,"②病院短期","対象外")),IF($AH4=5,IF($AJ4=30,"③特定消防","対象外"),IF(OR($AJ4=10,$AJ4=11,$AJ4=74),"④一般",IF(OR($AJ4=41,$AJ4=47),"⑤短期","対象外")))))) -> ④一般
A5: 21 | AA5: 21 | AB5: 19820401 | AD5: 11 | AE5: 20250401 | AH5: 1 | AJ5: 10 | AP5: 340000 | DB5: =IF($A5="","",IF($AE5&""<>設定!$C$4,"対象外",IF($AH5=20,IF(OR($AJ5=10,$AJ5=11,$AJ5=18),"①病院一般",IF($AJ5=41,"②病院短期","対象外")),IF($AH5=5,IF($AJ5=30,"③特定消防","対象外"),IF(OR($AJ5=10,$AJ5=11,$AJ5=74),"④一般",IF(OR($AJ5=41,$AJ5=47),"⑤短期","対象外")))))) -> ④一般
A6: 21 | AA6: 21 | AB6: 19820401 | AD6: 11 | AE6: 20250401 | AH6: 1 | AJ6: 10 | AP6: 340000 | DB6: =IF($A6="","",IF($AE6&""<>設定!$C$4,"対象外",IF($AH6=20,IF(OR($AJ6=10,$AJ6=11,$AJ6=18),"①病院一般",IF($AJ6=41,"②病院短期","対象外")),IF($AH6=5,IF($AJ6=30,"③特定消防","対象外"),IF(OR($AJ6=10,$AJ6=11,$AJ6=74),"④一般",IF(OR($AJ6=41,$AJ6=47),"⑤短期","対象外")))))) -> ④一般
A7: 21 | AA7: 21 | AB7: 19820401 | AD7: 11 | AE7: 20250401 | AH7: 1 | AJ7: 10 | AP7: 410000 | DB7: =IF($A7="","",IF($AE7&""<>設定!$C$4,"対象外",IF($AH7=20,IF(OR($AJ7=10,$AJ7=11,$AJ7=18),"①病院一般",IF($AJ7=41,"②病院短期","対象外")),IF($AH7=5,IF($AJ7=30,"③特定消防","対象外"),IF(OR($AJ7=10,$AJ7=11,$AJ7=74),"④一般",IF(OR($AJ7=41,$AJ7=47),"⑤短期","対象外")))))) -> ④一般
A8: 21 | AA8: 21 | AB8: 19820401 | AD8: 12 | AE8: 20250401 | AH8: 1 | AJ8: 10 | AP8: 340000 | DB8: =IF($A8="","",IF($AE8&""<>設定!$C$4,"対象外",IF($AH8=20,IF(OR($AJ8=10,$AJ8=11,$AJ8=18),"①病院一般",IF($AJ8=41,"②病院短期","対象外")),IF($AH8=5,IF($AJ8=30,"③特定消防","対象外"),IF(OR($AJ8=10,$AJ8=11,$AJ8=74),"④一般",IF(OR($AJ8=41,$AJ8=47),"⑤短期","対象外")))))) -> ④一般
A9: 21 | AA9: 21 | AB9: 19820401 | AD9: 11 | AE9: 20250401 | AH9: 5 | AJ9: 30 | AP9: 380000 | DB9: =IF($A9="","",IF($AE9&""<>設定!$C$4,"対象外",IF($AH9=20,IF(OR($AJ9=10,$AJ9=11,$AJ9=18),"①病院一般",IF($AJ9=41,"②病院短期","対象外")),IF($AH9=5,IF($AJ9=30,"③特定消防","対象外"),IF(OR($AJ9=10,$AJ9=11,$AJ9=74),"④一般",IF(OR($AJ9=41,$AJ9=47),"⑤短期","対象外")))))) -> ③特定消防
A10: 21 | AA10: 21 | AB10: 19820401 | AD10: 11 | AE10: 20250401 | AH10: 39 | AJ10: 74 | AP10: 340000 | DB10: =IF($A10="","",IF($AE10&""<>設定!$C$4,"対象外",IF($AH10=20,IF(OR($AJ10=10,$AJ10=11,$AJ10=18),"①病院一般",IF($AJ10=41,"②病院短期","対象外")),IF($AH10=5,IF($AJ10=30,"③特定消防","対象外"),IF(OR($AJ10=10,$AJ10=11,$AJ10=74),"④一般",IF(OR($AJ10=41,$AJ10=47),"⑤短期","対象外")))))) -> ④一般
A11: 21 | AA11: 21 | AB11: 19820401 | AD11: 11 | AE11: 20250401 | AH11: 5 | AJ11: 30 | AP11: 410000 | DB11: =IF($A11="","",IF($AE11&""<>設定!$C$4,"対象外",IF($AH11=20,IF(OR($AJ11=10,$AJ11=11,$AJ11=18),"①病院一般",IF($AJ11=41,"②病院短期","対象外")),IF($AH11=5,IF($AJ11=30,"③特定消防","対象外"),IF(OR($AJ11=10,$AJ11=11,$AJ11=74),"④一般",IF(OR($AJ11=41,$AJ11=47),"⑤短期","対象外")))))) -> ③特定消防
A12: 21 | AA12: 21 | AB12: 19820401 | AD12: 11 | AE12: 20250401 | AH12: 5 | AJ12: 30 | AP12: 380000 | DB12: =IF($A12="","",IF($AE12&""<>設定!$C$4,"対象外",IF($AH12=20,IF(OR($AJ12=10,$AJ12=11,$AJ12=18),"①病院一般",IF($AJ12=41,"②病院短期","対象外")),IF($AH12=5,IF($AJ12=30,"③特定消防","対象外"),IF(OR($AJ12=10,$AJ12=11,$AJ12=74),"④一般",IF(OR($AJ12=41,$AJ12=47),"⑤短期","対象外")))))) -> ③特定消防
A13: 21 | AA13: 21 | AB13: 19820401 | AD13: 11 | AE13: 20250401 | AH13: 5 | AJ13: 30 | AP13: 380000 | DB13: =IF($A13="","",IF($AE13&""<>設定!$C$4,"対象外",IF($AH13=20,IF(OR($AJ13=10,$AJ13=11,$AJ13=18),"①病院一般",IF($AJ13=41,"②病院短期","対象外")),IF($AH13=5,IF($AJ13=30,"③特定消防","対象外"),IF(OR($AJ13=10,$AJ13=11,$AJ13=74),"④一般",IF(OR($AJ13=41,$AJ13=47),"⑤短期","対象外")))))) -> ③特定消防
... A1361: 215 | AA1361: 21 | AB1361: 20200401 | AD1361: 12 | AE1361: 20250401 | AH1361: 11 | AJ1361: 10 | AP1361: 260000 | DB1361: =IF($A1361="","",IF($AE1361&""<>設定!$C$4,"対象外",IF($AH1361=20,IF(OR($AJ1361=10,$AJ1361=11,$AJ1361=18),"①病院一般",IF($AJ1361=41,"②病院短期","対象外")),IF($AH1361=5,IF($AJ1361=30,"③特定消防","対象外"),IF(OR($AJ1361=10,$AJ1361=11,$AJ1361=74),"④一般",IF(OR($AJ1361=41,$AJ1361=47),"⑤短期","対象外")))))) -> ④一般
DB1362: =IF($A1362="","",IF($AE1362&""<>設定!$C$4,"対象外",IF($AH1362=20,IF(OR($AJ1362=10,$AJ1362=11,$AJ1362=18),"①病院一般",IF($AJ1362=41,"②病院短期","対象外")),IF($AH1362=5,IF($AJ1362=30,"③特定消防","対象外"),IF(OR($AJ1362=10,$AJ1362=11,$AJ1362=74),"④一般",IF(OR($AJ1362=41,$AJ1362=47),"⑤短期","対象外"))))))
DB1363: =IF($A1363="","",IF($AE1363&""<>設定!$C$4,"対象外",IF($AH1363=20,IF(OR($AJ1363=10,$AJ1363=11,$AJ1363=18),"①病院一般",IF($AJ1363=41,"②病院短期","対象外")),IF($AH1363=5,IF($AJ1363=30,"③特定消防","対象外"),IF(OR($AJ1363=10,$AJ1363=11,$AJ1363=74),"④一般",IF(OR($AJ1363=41,$AJ1363=47),"⑤短期","対象外"))))))
DB1364: =IF($A1364="","",IF($AE1364&""<>設定!$C$4,"対象外",IF($AH1364=20,IF(OR($AJ1364=10,$AJ1364=11,$AJ1364=18),"①病院一般",IF($AJ1364=41,"②病院短期","対象外")),IF($AH1364=5,IF($AJ1364=30,"③特定消防","対象外"),IF(OR($AJ1364=10,$AJ1364=11,$AJ1364=74),"④一般",IF(OR($AJ1364=41,$AJ1364=47),"⑤短期","対象外"))))))
DB1365: =IF($A1365="","",IF($AE1365&""<>設定!$C$4,"対象外",IF($AH1365=20,IF(OR($AJ1365=10,$AJ1365=11,$AJ1365=18),"①病院一般",IF($AJ1365=41,"②病院短期","対象外")),IF($AH1365=5,IF($AJ1365=30,"③特定消防","対象外"),IF(OR($AJ1365=10,$AJ1365=11,$AJ1365=74),"④一般",IF(OR($AJ1365=41,$AJ1365=47),"⑤短期","対象外"))))))
DB1366: =IF($A1366="","",IF($AE1366&""<>設定!$C$4,"対象外",IF($AH1366=20,IF(OR($AJ1366=10,$AJ1366=11,$AJ1366=18),"①病院一般",IF($AJ1366=41,"②病院短期","対象外")),IF($AH1366=5,IF($AJ1366=30,"③特定消防","対象外"),IF(OR($AJ1366=10,$AJ1366=11,$AJ1366=74),"④一般",IF(OR($AJ1366=41,$AJ1366=47),"⑤短期","対象外"))))))
DB1367: =IF($A1367="","",IF($AE1367&""<>設定!$C$4,"対象外",IF($AH1367=20,IF(OR($AJ1367=10,$AJ1367=11,$AJ1367=18),"①病院一般",IF($AJ1367=41,"②病院短期","対象外")),IF($AH1367=5,IF($AJ1367=30,"③特定消防","対象外"),IF(OR($AJ1367=10,$AJ1367=11,$AJ1367=74),"④一般",IF(OR($AJ1367=41,$AJ1367=47),"⑤短期","対象外"))))))
DB1368: =IF($A1368="","",IF($AE1368&""<>設定!$C$4,"対象外",IF($AH1368=20,IF(OR($AJ1368=10,$AJ1368=11,$AJ1368=18),"①病院一般",IF($AJ1368=41,"②病院短期","対象外")),IF($AH1368=5,IF($AJ1368=30,"③特定消防","対象外"),IF(OR($AJ1368=10,$AJ1368=11,$AJ1368=74),"④一般",IF(OR($AJ1368=41,$AJ1368=47),"⑤短期","対象外"))))))
DB1369: =IF($A1369="","",IF($AE1369&""<>設定!$C$4,"対象外",IF($AH1369=20,IF(OR($AJ1369=10,$AJ1369=11,$AJ1369=18),"①病院一般",IF($AJ1369=41,"②病院短期","対象外")),IF($AH1369=5,IF($AJ1369=30,"③特定消防","対象外"),IF(OR($AJ1369=10,$AJ1369=11,$AJ1369=74),"④一般",IF(OR($AJ1369=41,$AJ1369=47),"⑤短期","対象外"))))))
DB1370: =IF($A1370="","",IF($AE1370&""<>設定!$C$4,"対象外",IF($AH1370=20,IF(OR($AJ1370=10,$AJ1370=11,$AJ1370=18),"①病院一般",IF($AJ1370=41,"②病院短期","対象外")),IF($AH1370=5,IF($AJ1370=30,"③特定消防","対象外"),IF(OR($AJ1370=10,$AJ1370=11,$AJ1370=74),"④一般",IF(OR($AJ1370=41,$AJ1370=47),"⑤短期","対象外"))))))
DB1371: =IF($A1371="","",IF($AE1371&""<>設定!$C$4,"対象外",IF($AH1371=20,IF(OR($AJ1371=10,$AJ1371=11,$AJ1371=18),"①病院一般",IF($AJ1371=41,"②病院短期","対象外")),IF($AH1371=5,IF($AJ1371=30,"③特定消防","対象外"),IF(OR($AJ1371=10,$AJ1371=11,$AJ1371=74),"④一般",IF(OR($AJ1371=41,$AJ1371=47),"⑤短期","対象外"))))))
DB1372: =IF($A1372="","",IF($AE1372&""<>設定!$C$4,"対象外",IF($AH1372=20,IF(OR($AJ1372=10,$AJ1372=11,$AJ1372=18),"①病院一般",IF($AJ1372=41,"②病院短期","対象外")),IF($AH1372=5,IF($AJ1372=30,"③特定消防","対象外"),IF(OR($AJ1372=10,$AJ1372=11,$AJ1372=74),"④一般",IF(OR($AJ1372=41,$AJ1372=47),"⑤短期","対象外"))))))
DB1373: =IF($A1373="","",IF($AE1373&""<>設定!$C$4,"対象外",IF($AH1373=20,IF(OR($AJ1373=10,$AJ1373=11,$AJ1373=18),"①病院一般",IF($AJ1373=41,"②病院短期","対象外")),IF($AH1373=5,IF($AJ1373=30,"③特定消防","対象外"),IF(OR($AJ1373=10,$AJ1373=11,$AJ1373=74),"④一般",IF(OR($AJ1373=41,$AJ1373=47),"⑤短期","対象外"))))))
... DB3001: =IF($A3001="","",IF($AE3001&""<>設定!$C$4,"対象外",IF($AH3001=20,IF(OR($AJ3001=10,$AJ3001=11,$AJ3001=18),"①病院一般",IF($AJ3001=41,"②病院短期","対象外")),IF($AH3001=5,IF($AJ3001=30,"③特定消防","対象外"),IF(OR($AJ3001=10,$AJ3001=11,$AJ3001=74),"④一般",IF(OR($AJ3001=41,$AJ3001=47),"⑤短期","対象外"))))))

Sheet 定年延長R8_DBP2BB1
A1: A07_SHOZOKU_NO | B1: A07_SHO_NO | C1: A07_TOKUSO_K | D1: A07_NINKEI_K | G1: A07_SIMEI_YMD | H1: A07_SIMEI_KNA_OLD | I1: A07_SIMEI_KNJ_OLD | J1: A07_SEIBETU | K1: A07_SEI_G | L1: A07_SEI_YMD | M1: A07_KYURYO_NO | N1: A07_KISO_NO | O1: A07_M_SHOZOKU_NO | P1: A07_M_SHO_NO | Q1: A07_I_SHOZOKU_NO | R1: A07_I_SHO_NO | S1: A07_I_NINKEI_K | T1: A07_K_SHOZOKU_NO | U1: A07_K_SHO_NO | V1: A07_M_KUMIAI_NO | W1: A07_IKAN_K | X1: A07_JURYO_YMD | Y1: A07_S_KUMIAI_NO | Z1: A07_KANYU_YMD | AA1: A07_SHUTOKU_JY | AB1: A07_SHUTOKU_YMD | AC1: A07_JUKYU_K | AD1: A07_SOSITU_JY | AE1: A07_SOSITU_YMD | AF1: A07_IDO_YMD | AG1: A07_IDO_JY | AH1: A07_KIGYO_C | AI1: A07_KAIKEI | AJ1: A07_SHUBETU | AK1: A07_HYO_K | AL1: A07_TOKYU | AM1: A07_GOKYU | AN1: A07_C_RITU | AO1: A07_C_GAKU | AP1: A07_KYURYO | AQ1: A07_TEIKI_M | AR1: A07_BUKASHO_NO | AS1: A07_SHOKUIN_NO | AT1: A07_SHOKUSHU_C | AU1: A07_TOGETU_K | AV1: A07_SOKYU_K | AW1: A07_IKUJI_K | AX1: A07_FUYO_SU | AY1: A07_N_FUYO_SU | AZ1: A07_N_SHUTOKU_JY | BA1: A07_N_SHUTOKU_YMD | BB1: A07_N_SOSITU_JY | BC1: A07_N_SOSITU_YMD | BD1: A07_N_YOTEI_YMD | BE1: A07_HARAI_K | BF1: A07_ENCHO_K | BG1: A07_YOKEN_K | BH1: A07_SIHARAI_K | BI1: A07_FURIKAE_YM_FR | BJ1: A07_FURIKAE_YM_TO | BK1: A07_YUBIN_NO | BL1: A07_JUSHO_C | BM1: A07_JUSHO2 | BN1: A07_JUSHO3 | BO1: A07_DENWA_NO | BP1: A07_KAHI_K | BQ1: A07_JUSHO_YMD | BR1: A07_JUSHO_C_OLD | BS1: A07_SOKIN_K | BT1: A07_GINKO_NO | BU1: A07_SITEN_NO | BV1: A07_KOZA_NO | BW1: A07_YOKIN_S | BX1: A07_KOHI_C | BY1: A07_KOHI_YMD_FR | BZ1: A07_KOHI_YMD_TO | CA1: A07_ROKEN_K | CB1: A07_65ROKEN_YMD_FR | CC1: A07_65ROKEN_YMD_TO | CD1: A07_ROKEN_YMD | CE1: A07_CHOSON_NO | CF1: A07_JUKYU_NO | CG1: A07_KAGAI_YMD_FR | CH1: A07_KAGAI_YMD_TO | CI1: A07_SAIGAI_YMD_FR | CJ1: A07_SAIGAI_YMD_TO | CK1: A07_SIPPEI_YMD_FR | CL1: A07_SIPPEI_YMD_TO | CM1: A07_SHOTOKU_YMD_FR | CN1: A07_SHOTOKU_YMD_TO | CO1: A07_GOJO_K | CP1: A07_G_NYUKAI_YMD | CQ1: A07_G_DAKAI_YMD | CR1: A07_BIKO1 | CS1: A07_BIKO2 | CT1: A07_BIKO3 | CU1: A07_SINKI_K | CV1: A07_IDO_K | CW1: A07_SOKYU_YMD | CX1: A07_KINYU_HK | CY1: A07_KOSIN_DATETIME | CZ1: A07_KOSIN_ID | DB1: 区分(自動判定) | DC1: 基準日フラグ
A2: 21 | AA2: 21 | AB2: 19840401 | AD2: 0 | AE2: 00000000 | AH2: 5 | AJ2: 30 | AP2: 530000 | DB2: =IF($A2="","",IF(AND($A2=21,$AE2&""="00000000"),IF($AH2=20,"病院",IF($AH2=5,"消防","市長")),"対象外")) -> 消防
A3: 21 | AA3: 21 | AB3: 19840401 | AD3: 0 | AE3: 00000000 | AH3: 1 | AJ3: 10 | AP3: 500000 | DB3: =IF($A3="","",IF(AND($A3=21,$AE3&""="00000000"),IF($AH3=20,"病院",IF($AH3=5,"消防","市長")),"対象外")) -> 市長
A4: 21 | AA4: 21 | AB4: 19880401 | AD4: 0 | AE4: 00000000 | AH4: 1 | AJ4: 10 | AP4: 560000 | DB4: =IF($A4="","",IF(AND($A4=21,$AE4&""="00000000"),IF($AH4=20,"病院",IF($AH4=5,"消防","市長")),"対象外")) -> 市長
A5: 21 | AA5: 21 | AB5: 19880401 | AD5: 0 | AE5: 00000000 | AH5: 1 | AJ5: 10 | AP5: 650000 | DB5: =IF($A5="","",IF(AND($A5=21,$AE5&""="00000000"),IF($AH5=20,"病院",IF($AH5=5,"消防","市長")),"対象外")) -> 市長
A6: 21 | AA6: 21 | AB6: 19840401 | AD6: 0 | AE6: 00000000 | AH6: 5 | AJ6: 30 | AP6: 560000 | DB6: =IF($A6="","",IF(AND($A6=21,$AE6&""="00000000"),IF($AH6=20,"病院",IF($AH6=5,"消防","市長")),"対象外")) -> 消防
A7: 21 | AA7: 21 | AB7: 19890401 | AD7: 0 | AE7: 00000000 | AH7: 1 | AJ7: 10 | AP7: 560000 | DB7: =IF($A7="","",IF(AND($A7=21,$AE7&""="00000000"),IF($AH7=20,"病院",IF($AH7=5,"消防","市長")),"対象外")) -> 市長
A8: 21 | AA8: 21 | AB8: 19890401 | AD8: 0 | AE8: 00000000 | AH8: 5 | AJ8: 30 | AP8: 470000 | DB8: =IF($A8="","",IF(AND($A8=21,$AE8&""="00000000"),IF($AH8=20,"病院",IF($AH8=5,"消防","市長")),"対象外")) -> 消防
A9: 31 | AA9: 21 | AB9: 20221001 | AD9: 0 | AE9: 00000000 | AH9: 11 | AJ9: 41 | AP9: 190000 | DB9: =IF($A9="","",IF(AND($A9=21,$AE9&""="00000000"),IF($AH9=20,"病院",IF($AH9=5,"消防","市長")),"対象外")) -> 対象外
A10: 21 | AA10: 21 | AB10: 19880401 | AD10: 0 | AE10: 00000000 | AH10: 1 | AJ10: 10 | AP10: 500000 | DB10: =IF($A10="","",IF(AND($A10=21,$AE10&""="00000000"),IF($AH10=20,"病院",IF($AH10=5,"消防","市長")),"対象外")) -> 市長
A11: 21 | AA11: 21 | AB11: 19900401 | AD11: 0 | AE11: 00000000 | AH11: 47 | AJ11: 74 | AP11: 560000 | DB11: =IF($A11="","",IF(AND($A11=21,$AE11&""="00000000"),IF($AH11=20,"病院",IF($AH11=5,"消防","市長")),"対象外")) -> 市長
A12: 21 | AA12: 21 | AB12: 19840401 | AD12: 0 | AE12: 00000000 | AH12: 5 | AJ12: 30 | AP12: 530000 | DB12: =IF($A12="","",IF(AND($A12=21,$AE12&""="00000000"),IF($AH12=20,"病院",IF($AH12=5,"消防","市長")),"対象外")) -> 消防
A13: 21 | AA13: 21 | AB13: 19840401 | AD13: 0 | AE13: 00000000 | AH13: 4 | AJ13: 10 | AP13: 470000 | DB13: =IF($A13="","",IF(AND($A13=21,$AE13&""="00000000"),IF($AH13=20,"病院",IF($AH13=5,"消防","市長")),"対象外")) -> 市長
... A780: 219 | AA780: 0 | AB780: 00000000 | AD780: 0 | AE780: 00000000 | AH780: 0 | AJ780: 50 | AP780: 0 | DB780: =IF($A780="","",IF(AND($A780=21,$AE780&""="00000000"),IF($AH780=20,"病院",IF($AH780=5,"消防","市長")),"対象外")) -> 対象外
DB781: =IF($A781="","",IF(AND($A781=21,$AE781&""="00000000"),IF($AH781=20,"病院",IF($AH781=5,"消防","市長")),"対象外"))
DB782: =IF($A782="","",IF(AND($A782=21,$AE782&""="00000000"),IF($AH782=20,"病院",IF($AH782=5,"消防","市長")),"対象外"))
DB783: =IF($A783="","",IF(AND($A783=21,$AE783&""="00000000"),IF($AH783=20,"病院",IF($AH783=5,"消防","市長")),"対象外"))
DB784: =IF($A784="","",IF(AND($A784=21,$AE784&""="00000000"),IF($AH784=20,"病院",IF($AH784=5,"消防","市長")),"対象外"))
DB785: =IF($A785="","",IF(AND($A785=21,$AE785&""="00000000"),IF($AH785=20,"病院",IF($AH785=5,"消防","市長")),"対象外"))
DB786: =IF($A786="","",IF(AND($A786=21,$AE786&""="00000000"),IF($AH786=20,"病院",IF($AH786=5,"消防","市長")),"対象外"))
DB787: =IF($A787="","",IF(AND($A787=21,$AE787&""="00000000"),IF($AH787=20,"病院",IF($AH787=5,"消防","市長")),"対象外"))
DB788: =IF($A788="","",IF(AND($A788=21,$AE788&""="00000000"),IF($AH788=20,"病院",IF($AH788=5,"消防","市長")),"対象外"))
DB789: =IF($A789="","",IF(AND($A789=21,$AE789&""="00000000"),IF($AH789=20,"病院",IF($AH789=5,"消防","市長")),"対象外"))
DB790: =IF($A790="","",IF(AND($A790=21,$AE790&""="00000000"),IF($AH790=20,"病院",IF($AH790=5,"消防","市長")),"対象外"))
DB791: =IF($A791="","",IF(AND($A791=21,$AE791&""="00000000"),IF($AH791=20,"病院",IF($AH791=5,"消防","市長")),"対象外"))
DB792: =IF($A792="","",IF(AND($A792=21,$AE792&""="00000000"),IF($AH792=20,"病院",IF($AH792=5,"消防","市長")),"対象外"))
... DB3001: =IF($A3001="","",IF(AND($A3001=21,$AE3001&""="00000000"),IF($AH3001=20,"病院",IF($AH3001=5,"消防","市長")),"対象外"))

Sheet 定年延長R7_DBP59FA
A1: A07_SHOZOKU_NO | B1: A07_SHO_NO | C1: A07_TOKUSO_K | D1: A07_NINKEI_K | G1: A07_SIMEI_YMD | H1: A07_SIMEI_KNA_OLD | I1: A07_SIMEI_KNJ_OLD | J1: A07_SEIBETU | K1: A07_SEI_G | L1: A07_SEI_YMD | M1: A07_KYURYO_NO | N1: A07_KISO_NO | O1: A07_M_SHOZOKU_NO | P1: A07_M_SHO_NO | Q1: A07_I_SHOZOKU_NO | R1: A07_I_SHO_NO | S1: A07_I_NINKEI_K | T1: A07_K_SHOZOKU_NO | U1: A07_K_SHO_NO | V1: A07_M_KUMIAI_NO | W1: A07_IKAN_K | X1: A07_JURYO_YMD | Y1: A07_S_KUMIAI_NO | Z1: A07_KANYU_YMD | AA1: A07_SHUTOKU_JY | AB1: A07_SHUTOKU_YMD | AC1: A07_JUKYU_K | AD1: A07_SOSITU_JY | AE1: A07_SOSITU_YMD | AF1: A07_IDO_YMD | AG1: A07_IDO_JY | AH1: A07_KIGYO_C | AI1: A07_KAIKEI | AJ1: A07_SHUBETU | AK1: A07_HYO_K | AL1: A07_TOKYU | AM1: A07_GOKYU | AN1: A07_C_RITU | AO1: A07_C_GAKU | AP1: A07_KYURYO | AQ1: A07_TEIKI_M | AR1: A07_BUKASHO_NO | AS1: A07_SHOKUIN_NO | AT1: A07_SHOKUSHU_C | AU1: A07_TOGETU_K | AV1: A07_SOKYU_K | AW1: A07_IKUJI_K | AX1: A07_FUYO_SU | AY1: A07_N_FUYO_SU | AZ1: A07_N_SHUTOKU_JY | BA1: A07_N_SHUTOKU_YMD | BB1: A07_N_SOSITU_JY | BC1: A07_N_SOSITU_YMD | BD1: A07_N_YOTEI_YMD | BE1: A07_HARAI_K | BF1: A07_ENCHO_K | BG1: A07_YOKEN_K | BH1: A07_SIHARAI_K | BI1: A07_FURIKAE_YM_FR | BJ1: A07_FURIKAE_YM_TO | BK1: A07_YUBIN_NO | BL1: A07_JUSHO_C | BM1: A07_JUSHO2 | BN1: A07_JUSHO3 | BO1: A07_DENWA_NO | BP1: A07_KAHI_K | BQ1: A07_JUSHO_YMD | BR1: A07_JUSHO_C_OLD | BS1: A07_SOKIN_K | BT1: A07_GINKO_NO | BU1: A07_SITEN_NO | BV1: A07_KOZA_NO | BW1: A07_YOKIN_S | BX1: A07_KOHI_C | BY1: A07_KOHI_YMD_FR | BZ1: A07_KOHI_YMD_TO | CA1: A07_ROKEN_K | CB1: A07_65ROKEN_YMD_FR | CC1: A07_65ROKEN_YMD_TO | CD1: A07_ROKEN_YMD | CE1: A07_CHOSON_NO | CF1: A07_JUKYU_NO | CG1: A07_KAGAI_YMD_FR | CH1: A07_KAGAI_YMD_TO | CI1: A07_SAIGAI_YMD_FR | CJ1: A07_SAIGAI_YMD_TO | CK1: A07_SIPPEI_YMD_FR | CL1: A07_SIPPEI_YMD_TO | CM1: A07_SHOTOKU_YMD_FR | CN1: A07_SHOTOKU_YMD_TO | CO1: A07_GOJO_K | CP1: A07_G_NYUKAI_YMD | CQ1: A07_G_DAKAI_YMD | CR1: A07_BIKO1 | CS1: A07_BIKO2 | CT1: A07_BIKO3 | CU1: A07_SINKI_K | CV1: A07_IDO_K | CW1: A07_SOKYU_YMD | CX1: A07_KINYU_HK | CY1: A07_KOSIN_DATETIME | CZ1: A07_KOSIN_ID | DB1: 区分(自動判定) | DC1: 基準日フラグ
A2: 21 | AA2: 21 | AB2: 20240401 | AD2: 0 | AE2: 00000000 | AH2: 20 | AJ2: 10 | AP2: 980000 | DB2: =IF($A2="","",IF($A2<>21,"対象外",IF($AE2&""="00000000","在職",IF($AE2&""=設定!$C$4,"4/1喪失","その他喪失")))) -> 在職
A3: 21 | AA3: 21 | AB3: 19850320 | AD3: 0 | AE3: 00000000 | AH3: 5 | AJ3: 30 | AP3: 360000 | DB3: =IF($A3="","",IF($A3<>21,"対象外",IF($AE3&""="00000000","在職",IF($AE3&""=設定!$C$4,"4/1喪失","その他喪失")))) -> 在職
A4: 21 | AA4: 21 | AB4: 19870401 | AD4: 0 | AE4: 00000000 | AH4: 1 | AJ4: 10 | AP4: 380000 | DB4: =IF($A4="","",IF($A4<>21,"対象外",IF($AE4&""="00000000","在職",IF($AE4&""=設定!$C$4,"4/1喪失","その他喪失")))) -> 在職
A5: 21 | AA5: 21 | AB5: 19880401 | AD5: 0 | AE5: 00000000 | AH5: 37 | AJ5: 74 | AP5: 380000 | DB5: =IF($A5="","",IF($A5<>21,"対象外",IF($AE5&""="00000000","在職",IF($AE5&""=設定!$C$4,"4/1喪失","その他喪失")))) -> 在職
A6: 21 | AA6: 21 | AB6: 19890401 | AD6: 0 | AE6: 00000000 | AH6: 1 | AJ6: 10 | AP6: 380000 | DB6: =IF($A6="","",IF($A6<>21,"対象外",IF($AE6&""="00000000","在職",IF($AE6&""=設定!$C$4,"4/1喪失","その他喪失")))) -> 在職
A7: 21 | AA7: 21 | AB7: 20050425 | AD7: 0 | AE7: 00000000 | AH7: 1 | AJ7: 10 | AP7: 380000 | DB7: =IF($A7="","",IF($A7<>21,"対象外",IF($AE7&""="00000000","在職",IF($AE7&""=設定!$C$4,"4/1喪失","その他喪失")))) -> 在職
A8: 21 | AA8: 21 | AB8: 19950401 | AD8: 0 | AE8: 00000000 | AH8: 11 | AJ8: 10 | AP8: 320000 | DB8: =IF($A8="","",IF($A8<>21,"対象外",IF($AE8&""="00000000","在職",IF($AE8&""=設定!$C$4,"4/1喪失","その他喪失")))) -> 在職
A9: 31 | AA9: 21 | AB9: 20250401 | AD9: 0 | AE9: 00000000 | AH9: 1 | AJ9: 41 | AP9: 220000 | DB9: =IF($A9="","",IF($A9<>21,"対象外",IF($AE9&""="00000000","在職",IF($AE9&""=設定!$C$4,"4/1喪失","その他喪失")))) -> 対象外
A10: 21 | AA10: 21 | AB10: 19881110 | AD10: 0 | AE10: 00000000 | AH10: 5 | AJ10: 30 | AP10: 380000 | DB10: =IF($A10="","",IF($A10<>21,"対象外",IF($AE10&""="00000000","在職",IF($AE10&""=設定!$C$4,"4/1喪失","その他喪失")))) -> 在職
A11: 21 | AA11: 21 | AB11: 20000401 | AD11: 0 | AE11: 00000000 | AH11: 20 | AJ11: 10 | AP11: 1210000 | DB11: =IF($A11="","",IF($A11<>21,"対象外",IF($AE11&""="00000000","在職",IF($AE11&""=設定!$C$4,"4/1喪失","その他喪失")))) -> 在職
A12: 21 | AA12: 21 | AB12: 19880401 | AD12: 0 | AE12: 00000000 | AH12: 1 | AJ12: 10 | AP12: 360000 | DB12: =IF($A12="","",IF($A12<>21,"対象外",IF($AE12&""="00000000","在職",IF($AE12&""=設定!$C$4,"4/1喪失","その他喪失")))) -> 在職
A13: 21 | AA13: 21 | AB13: 20070401 | AD13: 0 | AE13: 00000000 | AH13: 5 | AJ13: 30 | AP13: 360000 | DB13: =IF($A13="","",IF($A13<>21,"対象外",IF($AE13&""="00000000","在職",IF($AE13&""=設定!$C$4,"4/1喪失","その他喪失")))) -> 在職
... A846: 219 | AA846: 0 | AB846: 00000000 | AD846: 0 | AE846: 00000000 | AH846: 0 | AJ846: 50 | AP846: 0 | DB846: =IF($A846="","",IF($A846<>21,"対象外",IF($AE846&""="00000000","在職",IF($AE846&""=設定!$C$4,"4/1喪失","その他喪失")))) -> 対象外
DB847: =IF($A847="","",IF($A847<>21,"対象外",IF($AE847&""="00000000","在職",IF($AE847&""=設定!$C$4,"4/1喪失","その他喪失"))))
DB848: =IF($A848="","",IF($A848<>21,"対象外",IF($AE848&""="00000000","在職",IF($AE848&""=設定!$C$4,"4/1喪失","その他喪失"))))
DB849: =IF($A849="","",IF($A849<>21,"対象外",IF($AE849&""="00000000","在職",IF($AE849&""=設定!$C$4,"4/1喪失","その他喪失"))))
DB850: =IF($A850="","",IF($A850<>21,"対象外",IF($AE850&""="00000000","在職",IF($AE850&""=設定!$C$4,"4/1喪失","その他喪失"))))
DB851: =IF($A851="","",IF($A851<>21,"対象外",IF($AE851&""="00000000","在職",IF($AE851&""=設定!$C$4,"4/1喪失","その他喪失"))))
DB852: =IF($A852="","",IF($A852<>21,"対象外",IF($AE852&""="00000000","在職",IF($AE852&""=設定!$C$4,"4/1喪失","その他喪失"))))
DB853: =IF($A853="","",IF($A853<>21,"対象外",IF($AE853&""="00000000","在職",IF($AE853&""=設定!$C$4,"4/1喪失","その他喪失"))))
DB854: =IF($A854="","",IF($A854<>21,"対象外",IF($AE854&""="00000000","在職",IF($AE854&""=設定!$C$4,"4/1喪失","その他喪失"))))
DB855: =IF($A855="","",IF($A855<>21,"対象外",IF($AE855&""="00000000","在職",IF($AE855&""=設定!$C$4,"4/1喪失","その他喪失"))))
DB856: =IF($A856="","",IF($A856<>21,"対象外",IF($AE856&""="00000000","在職",IF($AE856&""=設定!$C$4,"4/1喪失","その他喪失"))))
DB857: =IF($A857="","",IF($A857<>21,"対象外",IF($AE857&""="00000000","在職",IF($AE857&""=設定!$C$4,"4/1喪失","その他喪失"))))
DB858: =IF($A858="","",IF($A858<>21,"対象外",IF($AE858&""="00000000","在職",IF($AE858&""=設定!$C$4,"4/1喪失","その他喪失"))))
... DB3001: =IF($A3001="","",IF($A3001<>21,"対象外",IF($AE3001&""="00000000","在職",IF($AE3001&""=設定!$C$4,"4/1喪失","その他喪失"))))
